[2026-06-16 12:52:32,326] INFO django.utils.autoreload Watching for file changes with StatReloader
[2026-06-16 12:52:34,492] ERROR django.request Internal Server Error: /
Traceback (most recent call last):
  File "C:\Users\User\Downloads\Kimi_Agent_CombatTournamentPlatform_ исправления\combat_platform\combat_platform\venv\Lib\site-packages\django\db\backends\utils.py", line 105, in _execute
    return self.cursor.execute(sql, params)
           ~~~~~~~~~~~~~~~~~~~^^^^^^^^^^^^^
  File "C:\Users\User\Downloads\Kimi_Agent_CombatTournamentPlatform_ исправления\combat_platform\combat_platform\venv\Lib\site-packages\django\db\backends\sqlite3\base.py", line 329, in execute
    return super().execute(query, params)
           ~~~~~~~~~~~~~~~^^^^^^^^^^^^^^^
sqlite3.OperationalError: no such table: tournaments_tournament

The above exception was the direct cause of the following exception:

Traceback (most recent call last):
  File "C:\Users\User\Downloads\Kimi_Agent_CombatTournamentPlatform_ исправления\combat_platform\combat_platform\venv\Lib\site-packages\django\core\handlers\exception.py", line 55, in inner
    response = get_response(request)
  File "C:\Users\User\Downloads\Kimi_Agent_CombatTournamentPlatform_ исправления\combat_platform\combat_platform\venv\Lib\site-packages\django\core\handlers\base.py", line 197, in _get_response
    response = wrapped_callback(request, *callback_args, **callback_kwargs)
  File "C:\Users\User\Downloads\Kimi_Agent_CombatTournamentPlatform_ исправления\combat_platform\core\views.py", line 17, in home
    'total_tournaments': Tournament.objects.count(),
                         ~~~~~~~~~~~~~~~~~~~~~~~~^^
  File "C:\Users\User\Downloads\Kimi_Agent_CombatTournamentPlatform_ исправления\combat_platform\combat_platform\venv\Lib\site-packages\django\db\models\manager.py", line 87, in manager_method
    return getattr(self.get_queryset(), name)(*args, **kwargs)
           ~~~~~~~~~~~~~~~~~~~~~~~~~~~~~~~~~~^^^^^^^^^^^^^^^^^
  File "C:\Users\User\Downloads\Kimi_Agent_CombatTournamentPlatform_ исправления\combat_platform\combat_platform\venv\Lib\site-packages\django\db\models\query.py", line 620, in count
    return self.query.get_count(using=self.db)
           ~~~~~~~~~~~~~~~~~~~~^^^^^^^^^^^^^^^
  File "C:\Users\User\Downloads\Kimi_Agent_CombatTournamentPlatform_ исправления\combat_platform\combat_platform\venv\Lib\site-packages\django\db\models\sql\query.py", line 629, in get_count
    return obj.get_aggregation(using, {"__count": Count("*")})["__count"]
           ~~~~~~~~~~~~~~~~~~~^^^^^^^^^^^^^^^^^^^^^^^^^^^^^^^^
  File "C:\Users\User\Downloads\Kimi_Agent_CombatTournamentPlatform_ исправления\combat_platform\combat_platform\venv\Lib\site-packages\django\db\models\sql\query.py", line 615, in get_aggregation
    result = compiler.execute_sql(SINGLE)
  File "C:\Users\User\Downloads\Kimi_Agent_CombatTournamentPlatform_ исправления\combat_platform\combat_platform\venv\Lib\site-packages\django\db\models\sql\compiler.py", line 1562, in execute_sql
    cursor.execute(sql, params)
    ~~~~~~~~~~~~~~^^^^^^^^^^^^^
  File "C:\Users\User\Downloads\Kimi_Agent_CombatTournamentPlatform_ исправления\combat_platform\combat_platform\venv\Lib\site-packages\django\db\backends\utils.py", line 122, in execute
    return super().execute(sql, params)
           ~~~~~~~~~~~~~~~^^^^^^^^^^^^^
  File "C:\Users\User\Downloads\Kimi_Agent_CombatTournamentPlatform_ исправления\combat_platform\combat_platform\venv\Lib\site-packages\django\db\backends\utils.py", line 79, in execute
    return self._execute_with_wrappers(
           ~~~~~~~~~~~~~~~~~~~~~~~~~~~^
        sql, params, many=False, executor=self._execute
        ^^^^^^^^^^^^^^^^^^^^^^^^^^^^^^^^^^^^^^^^^^^^^^^
    )
    ^
  File "C:\Users\User\Downloads\Kimi_Agent_CombatTournamentPlatform_ исправления\combat_platform\combat_platform\venv\Lib\site-packages\django\db\backends\utils.py", line 92, in _execute_with_wrappers
    return executor(sql, params, many, context)
  File "C:\Users\User\Downloads\Kimi_Agent_CombatTournamentPlatform_ исправления\combat_platform\combat_platform\venv\Lib\site-packages\django\db\backends\utils.py", line 100, in _execute
    with self.db.wrap_database_errors:
         ^^^^^^^^^^^^^^^^^^^^^^^^^^^^
  File "C:\Users\User\Downloads\Kimi_Agent_CombatTournamentPlatform_ исправления\combat_platform\combat_platform\venv\Lib\site-packages\django\db\utils.py", line 91, in __exit__
    raise dj_exc_value.with_traceback(traceback) from exc_value
  File "C:\Users\User\Downloads\Kimi_Agent_CombatTournamentPlatform_ исправления\combat_platform\combat_platform\venv\Lib\site-packages\django\db\backends\utils.py", line 105, in _execute
    return self.cursor.execute(sql, params)
           ~~~~~~~~~~~~~~~~~~~^^^^^^^^^^^^^
  File "C:\Users\User\Downloads\Kimi_Agent_CombatTournamentPlatform_ исправления\combat_platform\combat_platform\venv\Lib\site-packages\django\db\backends\sqlite3\base.py", line 329, in execute
    return super().execute(query, params)
           ~~~~~~~~~~~~~~~^^^^^^^^^^^^^^^
django.db.utils.OperationalError: no such table: tournaments_tournament
[2026-06-16 12:52:34,498] ERROR django.server "GET / HTTP/1.1" 500 138787
[2026-06-16 12:52:34,823] WARNING django.request Not Found: /favicon.ico
[2026-06-16 12:52:34,824] WARNING django.server "GET /favicon.ico HTTP/1.1" 404 2925
[2026-06-16 12:58:19,023] INFO django.utils.autoreload Watching for file changes with StatReloader
[2026-06-16 12:58:20,464] ERROR django.request Internal Server Error: /
Traceback (most recent call last):
  File "C:\Users\User\Downloads\Kimi_Agent_CombatTournamentPlatform_ исправления\combat_platform\combat_platform\venv\Lib\site-packages\django\core\handlers\exception.py", line 55, in inner
    response = get_response(request)
  File "C:\Users\User\Downloads\Kimi_Agent_CombatTournamentPlatform_ исправления\combat_platform\combat_platform\venv\Lib\site-packages\django\core\handlers\base.py", line 197, in _get_response
    response = wrapped_callback(request, *callback_args, **callback_kwargs)
  File "C:\Users\User\Downloads\Kimi_Agent_CombatTournamentPlatform_ исправления\combat_platform\core\views.py", line 40, in home
    return render(request, 'home.html', context)
  File "C:\Users\User\Downloads\Kimi_Agent_CombatTournamentPlatform_ исправления\combat_platform\combat_platform\venv\Lib\site-packages\django\shortcuts.py", line 25, in render
    content = loader.render_to_string(template_name, context, request, using=using)
  File "C:\Users\User\Downloads\Kimi_Agent_CombatTournamentPlatform_ исправления\combat_platform\combat_platform\venv\Lib\site-packages\django\template\loader.py", line 62, in render_to_string
    return template.render(context, request)
           ~~~~~~~~~~~~~~~^^^^^^^^^^^^^^^^^^
  File "C:\Users\User\Downloads\Kimi_Agent_CombatTournamentPlatform_ исправления\combat_platform\combat_platform\venv\Lib\site-packages\django\template\backends\django.py", line 61, in render
    return self.template.render(context)
           ~~~~~~~~~~~~~~~~~~~~^^^^^^^^^
  File "C:\Users\User\Downloads\Kimi_Agent_CombatTournamentPlatform_ исправления\combat_platform\combat_platform\venv\Lib\site-packages\django\template\base.py", line 171, in render
    return self._render(context)
           ~~~~~~~~~~~~^^^^^^^^^
  File "C:\Users\User\Downloads\Kimi_Agent_CombatTournamentPlatform_ исправления\combat_platform\combat_platform\venv\Lib\site-packages\django\template\base.py", line 163, in _render
    return self.nodelist.render(context)
           ~~~~~~~~~~~~~~~~~~~~^^^^^^^^^
  File "C:\Users\User\Downloads\Kimi_Agent_CombatTournamentPlatform_ исправления\combat_platform\combat_platform\venv\Lib\site-packages\django\template\base.py", line 1000, in render
    return SafeString("".join([node.render_annotated(context) for node in self]))
                               ~~~~~~~~~~~~~~~~~~~~~^^^^^^^^^
  File "C:\Users\User\Downloads\Kimi_Agent_CombatTournamentPlatform_ исправления\combat_platform\combat_platform\venv\Lib\site-packages\django\template\base.py", line 961, in render_annotated
    return self.render(context)
           ~~~~~~~~~~~^^^^^^^^^
  File "C:\Users\User\Downloads\Kimi_Agent_CombatTournamentPlatform_ исправления\combat_platform\combat_platform\venv\Lib\site-packages\django\template\loader_tags.py", line 159, in render
    return compiled_parent._render(context)
           ~~~~~~~~~~~~~~~~~~~~~~~^^^^^^^^^
  File "C:\Users\User\Downloads\Kimi_Agent_CombatTournamentPlatform_ исправления\combat_platform\combat_platform\venv\Lib\site-packages\django\template\base.py", line 163, in _render
    return self.nodelist.render(context)
           ~~~~~~~~~~~~~~~~~~~~^^^^^^^^^
  File "C:\Users\User\Downloads\Kimi_Agent_CombatTournamentPlatform_ исправления\combat_platform\combat_platform\venv\Lib\site-packages\django\template\base.py", line 1000, in render
    return SafeString("".join([node.render_annotated(context) for node in self]))
                               ~~~~~~~~~~~~~~~~~~~~~^^^^^^^^^
  File "C:\Users\User\Downloads\Kimi_Agent_CombatTournamentPlatform_ исправления\combat_platform\combat_platform\venv\Lib\site-packages\django\template\base.py", line 961, in render_annotated
    return self.render(context)
           ~~~~~~~~~~~^^^^^^^^^
  File "C:\Users\User\Downloads\Kimi_Agent_CombatTournamentPlatform_ исправления\combat_platform\combat_platform\venv\Lib\site-packages\django\template\defaulttags.py", line 479, in render
    url = reverse(view_name, args=args, kwargs=kwargs, current_app=current_app)
  File "C:\Users\User\Downloads\Kimi_Agent_CombatTournamentPlatform_ исправления\combat_platform\combat_platform\venv\Lib\site-packages\django\urls\base.py", line 88, in reverse
    return resolver._reverse_with_prefix(view, prefix, *args, **kwargs)
           ~~~~~~~~~~~~~~~~~~~~~~~~~~~~~^^^^^^^^^^^^^^^^^^^^^^^^^^^^^^^
  File "C:\Users\User\Downloads\Kimi_Agent_CombatTournamentPlatform_ исправления\combat_platform\combat_platform\venv\Lib\site-packages\django\urls\resolvers.py", line 851, in _reverse_with_prefix
    raise NoReverseMatch(msg)
django.urls.exceptions.NoReverseMatch: Reverse for 'home' not found. 'home' is not a valid view function or pattern name.
[2026-06-16 12:58:20,468] ERROR django.server "GET / HTTP/1.1" 500 148104
[2026-06-16 12:59:48,390] INFO django.utils.autoreload Watching for file changes with StatReloader
[2026-06-16 12:59:49,615] INFO django.server "GET / HTTP/1.1" 200 8202
[2026-06-16 12:59:49,772] INFO django.server "GET /static/css/style.css HTTP/1.1" 200 762
[2026-06-16 12:59:54,267] INFO django.server "GET /users/login/ HTTP/1.1" 200 5366
[2026-06-16 12:59:57,495] INFO django.server "POST /users/login/ HTTP/1.1" 200 6060
[2026-06-16 13:00:06,550] INFO django.server "POST /users/login/ HTTP/1.1" 302 0
[2026-06-16 13:00:06,560] INFO django.server "GET /dashboard/ HTTP/1.1" 200 9504
[2026-06-16 13:00:08,417] INFO django.server "GET /tournaments/create/ HTTP/1.1" 200 9052
[2026-06-16 13:00:10,525] INFO django.server "GET / HTTP/1.1" 200 10224
[2026-06-16 13:00:11,389] INFO django.server "GET / HTTP/1.1" 200 10224
[2026-06-16 13:00:12,644] INFO django.server "GET / HTTP/1.1" 200 10224
[2026-06-16 13:00:13,138] INFO django.server "GET /tournaments/ HTTP/1.1" 200 7128
[2026-06-16 13:00:13,963] INFO django.server "GET /tournaments/fighters/ HTTP/1.1" 200 7088
[2026-06-16 13:00:15,714] INFO django.server "GET /tournaments/participants/ HTTP/1.1" 200 6568
[2026-06-16 13:00:17,147] INFO django.server "GET /tournaments/judges/ HTTP/1.1" 200 6729
[2026-06-16 13:00:18,432] INFO django.server "GET /tournaments/participants/ HTTP/1.1" 200 6568
[2026-06-16 13:00:20,715] INFO django.server "GET / HTTP/1.1" 200 10224
[2026-06-16 13:00:23,313] INFO django.server "GET /tournaments/ HTTP/1.1" 200 7128
[2026-06-16 13:00:26,930] INFO django.server "GET /admin/ HTTP/1.1" 200 12273
[2026-06-16 13:00:26,948] INFO django.server "GET /static/admin/css/base.css HTTP/1.1" 200 21544
[2026-06-16 13:00:26,952] INFO django.server "GET /static/admin/css/dark_mode.css HTTP/1.1" 200 2682
[2026-06-16 13:00:26,954] INFO django.server "GET /static/admin/css/nav_sidebar.css HTTP/1.1" 200 2810
[2026-06-16 13:00:26,954] INFO django.server "GET /static/admin/js/theme.js HTTP/1.1" 200 1943
[2026-06-16 13:00:26,954] INFO django.server "GET /static/admin/css/dashboard.css HTTP/1.1" 200 441
[2026-06-16 13:00:26,954] INFO django.server "GET /static/admin/css/responsive.css HTTP/1.1" 200 17905
[2026-06-16 13:00:26,955] INFO django.server "GET /static/admin/js/nav_sidebar.js HTTP/1.1" 200 3063
[2026-06-16 13:00:26,962] INFO django.server "GET /static/admin/img/icon-addlink.svg HTTP/1.1" 200 331
[2026-06-16 13:00:26,962] INFO django.server "GET /static/admin/img/icon-changelink.svg HTTP/1.1" 200 380
[2026-06-16 13:00:30,145] INFO django.server "GET /tournaments/ HTTP/1.1" 200 7128
[2026-06-16 13:00:32,618] INFO django.server "GET / HTTP/1.1" 200 10224
[2026-06-16 13:00:34,254] INFO django.server "GET /tournaments/ HTTP/1.1" 200 7128
[2026-06-16 13:00:36,063] INFO django.server "GET /tournaments/fighters/ HTTP/1.1" 200 7088
[2026-06-16 13:00:38,273] INFO django.server "GET /tournaments/create/ HTTP/1.1" 200 9052
[2026-06-16 13:00:40,823] INFO django.server "GET /tournaments/ HTTP/1.1" 200 7128
[2026-06-16 13:00:42,977] INFO django.server "GET /tournaments/create/ HTTP/1.1" 200 9052
[2026-06-16 13:01:03,712] INFO tournaments Турнир #1 создан пользователем bars
[2026-06-16 13:01:03,713] INFO django.server "POST /tournaments/create/ HTTP/1.1" 302 0
[2026-06-16 13:01:03,771] ERROR django.request Internal Server Error: /tournaments/1/
Traceback (most recent call last):
  File "C:\Users\User\Downloads\Kimi_Agent_CombatTournamentPlatform_ исправления\combat_platform\combat_platform\venv\Lib\site-packages\django\template\smartif.py", line 180, in translate_token
    op = OPERATORS[token]
         ~~~~~~~~~^^^^^^^
KeyError: 'tournament=tournament.exists'

During handling of the above exception, another exception occurred:

Traceback (most recent call last):
  File "C:\Users\User\Downloads\Kimi_Agent_CombatTournamentPlatform_ исправления\combat_platform\combat_platform\venv\Lib\site-packages\django\core\handlers\exception.py", line 55, in inner
    response = get_response(request)
  File "C:\Users\User\Downloads\Kimi_Agent_CombatTournamentPlatform_ исправления\combat_platform\combat_platform\venv\Lib\site-packages\django\core\handlers\base.py", line 197, in _get_response
    response = wrapped_callback(request, *callback_args, **callback_kwargs)
  File "C:\Users\User\Downloads\Kimi_Agent_CombatTournamentPlatform_ исправления\combat_platform\tournaments\views\tournaments.py", line 74, in tournament_detail
    return render(request, 'tournaments/tournament_detail.html', context)
  File "C:\Users\User\Downloads\Kimi_Agent_CombatTournamentPlatform_ исправления\combat_platform\combat_platform\venv\Lib\site-packages\django\shortcuts.py", line 25, in render
    content = loader.render_to_string(template_name, context, request, using=using)
  File "C:\Users\User\Downloads\Kimi_Agent_CombatTournamentPlatform_ исправления\combat_platform\combat_platform\venv\Lib\site-packages\django\template\loader.py", line 61, in render_to_string
    template = get_template(template_name, using=using)
  File "C:\Users\User\Downloads\Kimi_Agent_CombatTournamentPlatform_ исправления\combat_platform\combat_platform\venv\Lib\site-packages\django\template\loader.py", line 15, in get_template
    return engine.get_template(template_name)
           ~~~~~~~~~~~~~~~~~~~^^^^^^^^^^^^^^^
  File "C:\Users\User\Downloads\Kimi_Agent_CombatTournamentPlatform_ исправления\combat_platform\combat_platform\venv\Lib\site-packages\django\template\backends\django.py", line 33, in get_template
    return Template(self.engine.get_template(template_name), self)
                    ~~~~~~~~~~~~~~~~~~~~~~~~^^^^^^^^^^^^^^^
  File "C:\Users\User\Downloads\Kimi_Agent_CombatTournamentPlatform_ исправления\combat_platform\combat_platform\venv\Lib\site-packages\django\template\engine.py", line 177, in get_template
    template, origin = self.find_template(template_name)
                       ~~~~~~~~~~~~~~~~~~^^^^^^^^^^^^^^^
  File "C:\Users\User\Downloads\Kimi_Agent_CombatTournamentPlatform_ исправления\combat_platform\combat_platform\venv\Lib\site-packages\django\template\engine.py", line 159, in find_template
    template = loader.get_template(name, skip=skip)
  File "C:\Users\User\Downloads\Kimi_Agent_CombatTournamentPlatform_ исправления\combat_platform\combat_platform\venv\Lib\site-packages\django\template\loaders\cached.py", line 57, in get_template
    template = super().get_template(template_name, skip)
  File "C:\Users\User\Downloads\Kimi_Agent_CombatTournamentPlatform_ исправления\combat_platform\combat_platform\venv\Lib\site-packages\django\template\loaders\base.py", line 28, in get_template
    return Template(
        contents,
    ...<2 lines>...
        self.engine,
    )
  File "C:\Users\User\Downloads\Kimi_Agent_CombatTournamentPlatform_ исправления\combat_platform\combat_platform\venv\Lib\site-packages\django\template\base.py", line 154, in __init__
    self.nodelist = self.compile_nodelist()
                    ~~~~~~~~~~~~~~~~~~~~~^^
  File "C:\Users\User\Downloads\Kimi_Agent_CombatTournamentPlatform_ исправления\combat_platform\combat_platform\venv\Lib\site-packages\django\template\base.py", line 196, in compile_nodelist
    return parser.parse()
           ~~~~~~~~~~~~^^
  File "C:\Users\User\Downloads\Kimi_Agent_CombatTournamentPlatform_ исправления\combat_platform\combat_platform\venv\Lib\site-packages\django\template\base.py", line 510, in parse
    raise self.error(token, e)
  File "C:\Users\User\Downloads\Kimi_Agent_CombatTournamentPlatform_ исправления\combat_platform\combat_platform\venv\Lib\site-packages\django\template\base.py", line 508, in parse
    compiled_result = compile_func(self, token)
  File "C:\Users\User\Downloads\Kimi_Agent_CombatTournamentPlatform_ исправления\combat_platform\combat_platform\venv\Lib\site-packages\django\template\loader_tags.py", line 295, in do_extends
    nodelist = parser.parse()
  File "C:\Users\User\Downloads\Kimi_Agent_CombatTournamentPlatform_ исправления\combat_platform\combat_platform\venv\Lib\site-packages\django\template\base.py", line 510, in parse
    raise self.error(token, e)
  File "C:\Users\User\Downloads\Kimi_Agent_CombatTournamentPlatform_ исправления\combat_platform\combat_platform\venv\Lib\site-packages\django\template\base.py", line 508, in parse
    compiled_result = compile_func(self, token)
  File "C:\Users\User\Downloads\Kimi_Agent_CombatTournamentPlatform_ исправления\combat_platform\combat_platform\venv\Lib\site-packages\django\template\loader_tags.py", line 234, in do_block
    nodelist = parser.parse(("endblock",))
  File "C:\Users\User\Downloads\Kimi_Agent_CombatTournamentPlatform_ исправления\combat_platform\combat_platform\venv\Lib\site-packages\django\template\base.py", line 510, in parse
    raise self.error(token, e)
  File "C:\Users\User\Downloads\Kimi_Agent_CombatTournamentPlatform_ исправления\combat_platform\combat_platform\venv\Lib\site-packages\django\template\base.py", line 508, in parse
    compiled_result = compile_func(self, token)
  File "C:\Users\User\Downloads\Kimi_Agent_CombatTournamentPlatform_ исправления\combat_platform\combat_platform\venv\Lib\site-packages\django\template\defaulttags.py", line 961, in do_if
    nodelist = parser.parse(("elif", "else", "endif"))
  File "C:\Users\User\Downloads\Kimi_Agent_CombatTournamentPlatform_ исправления\combat_platform\combat_platform\venv\Lib\site-packages\django\template\base.py", line 510, in parse
    raise self.error(token, e)
  File "C:\Users\User\Downloads\Kimi_Agent_CombatTournamentPlatform_ исправления\combat_platform\combat_platform\venv\Lib\site-packages\django\template\base.py", line 508, in parse
    compiled_result = compile_func(self, token)
  File "C:\Users\User\Downloads\Kimi_Agent_CombatTournamentPlatform_ исправления\combat_platform\combat_platform\venv\Lib\site-packages\django\template\defaulttags.py", line 960, in do_if
    condition = TemplateIfParser(parser, bits).parse()
                ~~~~~~~~~~~~~~~~^^^^^^^^^^^^^^
  File "C:\Users\User\Downloads\Kimi_Agent_CombatTournamentPlatform_ исправления\combat_platform\combat_platform\venv\Lib\site-packages\django\template\defaulttags.py", line 893, in __init__
    super().__init__(*args, **kwargs)
    ~~~~~~~~~~~~~~~~^^^^^^^^^^^^^^^^^
  File "C:\Users\User\Downloads\Kimi_Agent_CombatTournamentPlatform_ исправления\combat_platform\combat_platform\venv\Lib\site-packages\django\template\smartif.py", line 171, in __init__
    mapped_tokens.append(self.translate_token(token))
                         ~~~~~~~~~~~~~~~~~~~~^^^^^^^
  File "C:\Users\User\Downloads\Kimi_Agent_CombatTournamentPlatform_ исправления\combat_platform\combat_platform\venv\Lib\site-packages\django\template\smartif.py", line 182, in translate_token
    return self.create_var(token)
           ~~~~~~~~~~~~~~~^^^^^^^
  File "C:\Users\User\Downloads\Kimi_Agent_CombatTournamentPlatform_ исправления\combat_platform\combat_platform\venv\Lib\site-packages\django\template\defaulttags.py", line 896, in create_var
    return TemplateLiteral(self.template_parser.compile_filter(value), value)
                           ~~~~~~~~~~~~~~~~~~~~~~~~~~~~~~~~~~~^^^^^^^
  File "C:\Users\User\Downloads\Kimi_Agent_CombatTournamentPlatform_ исправления\combat_platform\combat_platform\venv\Lib\site-packages\django\template\base.py", line 597, in compile_filter
    return FilterExpression(token, self)
  File "C:\Users\User\Downloads\Kimi_Agent_CombatTournamentPlatform_ исправления\combat_platform\combat_platform\venv\Lib\site-packages\django\template\base.py", line 698, in __init__
    raise TemplateSyntaxError(
    ...<2 lines>...
    )
django.template.exceptions.TemplateSyntaxError: Could not parse the remainder: '=tournament.exists' from 'tournament=tournament.exists'
[2026-06-16 13:01:03,778] ERROR django.server "GET /tournaments/1/ HTTP/1.1" 500 253678
[2026-06-16 13:03:35,051] INFO django.utils.autoreload C:\Users\User\Downloads\Kimi_Agent_CombatTournamentPlatform_ исправления\combat_platform\tournaments\views\tournaments.py changed, reloading.
[2026-06-16 13:03:35,551] INFO django.utils.autoreload Watching for file changes with StatReloader
[2026-06-16 13:04:23,165] INFO django.utils.autoreload Watching for file changes with StatReloader
[2026-06-16 13:04:24,200] INFO django.server "GET / HTTP/1.1" 200 11603
[2026-06-16 13:04:25,992] INFO django.server "GET /tournaments/ HTTP/1.1" 200 8938
[2026-06-16 13:04:27,447] INFO django.server "GET /tournaments/1/ HTTP/1.1" 200 10708
[2026-06-16 13:04:32,142] INFO django.server "GET /tournaments/fighters/ HTTP/1.1" 200 7088
[2026-06-16 13:04:40,518] INFO django.server "GET /admin/ HTTP/1.1" 200 12273
[2026-06-16 13:04:40,540] INFO django.server "GET /static/admin/css/base.css HTTP/1.1" 304 0
[2026-06-16 13:04:40,541] INFO django.server "GET /static/admin/css/dark_mode.css HTTP/1.1" 304 0
[2026-06-16 13:04:40,543] INFO django.server "GET /static/admin/css/dashboard.css HTTP/1.1" 304 0
[2026-06-16 13:04:40,543] INFO django.server "GET /static/admin/css/nav_sidebar.css HTTP/1.1" 304 0
[2026-06-16 13:04:40,544] INFO django.server "GET /static/admin/css/responsive.css HTTP/1.1" 304 0
[2026-06-16 13:04:40,544] INFO django.server "GET /static/admin/js/nav_sidebar.js HTTP/1.1" 304 0
[2026-06-16 13:04:40,544] INFO django.server "GET /static/admin/js/theme.js HTTP/1.1" 304 0
[2026-06-16 13:04:40,559] INFO django.server "GET /static/admin/img/icon-changelink.svg HTTP/1.1" 304 0
[2026-06-16 13:04:40,559] INFO django.server "GET /static/admin/img/icon-addlink.svg HTTP/1.1" 304 0
[2026-06-16 13:04:48,101] INFO django.server "GET /admin/auth/user/ HTTP/1.1" 200 16466
[2026-06-16 13:04:48,125] INFO django.server "GET /admin/jsi18n/ HTTP/1.1" 200 17546
[2026-06-16 13:04:48,247] INFO django.server "GET /static/admin/css/changelists.css HTTP/1.1" 200 6811
[2026-06-16 13:04:48,249] INFO django.server "GET /static/admin/js/core.js HTTP/1.1" 200 6208
[2026-06-16 13:04:48,249] INFO django.server "GET /static/admin/js/urlify.js HTTP/1.1" 200 7887
[2026-06-16 13:04:48,251] INFO django.server "GET /static/admin/js/prepopulate.js HTTP/1.1" 200 1531
[2026-06-16 13:04:48,253] INFO django.server "GET /static/admin/img/search.svg HTTP/1.1" 200 458
[2026-06-16 13:04:48,255] INFO django.server "GET /static/admin/js/admin/RelatedObjectLookups.js HTTP/1.1" 200 9042
[2026-06-16 13:04:48,255] INFO django.server "GET /static/admin/js/vendor/xregexp/xregexp.js HTTP/1.1" 200 325171
[2026-06-16 13:04:48,256] INFO django.server "GET /static/admin/img/icon-yes.svg HTTP/1.1" 200 436
[2026-06-16 13:04:48,260] INFO django.server "GET /static/admin/js/jquery.init.js HTTP/1.1" 200 347
[2026-06-16 13:04:48,261] INFO django.server "GET /static/admin/js/actions.js HTTP/1.1" 200 8067
[2026-06-16 13:04:48,262] INFO django.server "GET /static/admin/js/vendor/jquery/jquery.js HTTP/1.1" 200 285314
[2026-06-16 13:04:48,265] INFO django.server "GET /static/admin/js/filters.js HTTP/1.1" 200 978
[2026-06-16 13:04:48,294] INFO django.server "GET /static/admin/img/tooltag-add.svg HTTP/1.1" 200 331
[2026-06-16 13:04:48,301] INFO django.server "GET /static/admin/img/icon-viewlink.svg HTTP/1.1" 200 581
[2026-06-16 13:04:48,301] INFO django.server "GET /static/admin/img/sorting-icons.svg HTTP/1.1" 200 1097
[2026-06-16 13:04:54,461] INFO django.server "GET /admin/auth/user/add/ HTTP/1.1" 200 15796
[2026-06-16 13:04:54,479] INFO django.server "GET /static/admin/css/forms.css HTTP/1.1" 200 9090
[2026-06-16 13:04:54,482] INFO django.server "GET /static/admin/js/prepopulate_init.js HTTP/1.1" 200 586
[2026-06-16 13:04:54,483] INFO django.server "GET /static/admin/css/widgets.css HTTP/1.1" 200 11800
[2026-06-16 13:04:54,485] INFO django.server "GET /admin/jsi18n/ HTTP/1.1" 200 17546
[2026-06-16 13:04:54,486] INFO django.server "GET /static/admin/js/change_form.js HTTP/1.1" 200 606
[2026-06-16 13:05:06,394] INFO django.server "POST /admin/auth/user/add/ HTTP/1.1" 200 16305
[2026-06-16 13:05:06,417] INFO django.server "GET /admin/jsi18n/ HTTP/1.1" 200 17546
[2026-06-16 13:05:19,823] INFO django.server "POST /admin/auth/user/add/ HTTP/1.1" 302 0
[2026-06-16 13:05:19,852] INFO django.server "GET /admin/auth/user/2/change/ HTTP/1.1" 200 32989
[2026-06-16 13:05:19,879] INFO django.server "GET /static/admin/js/SelectBox.js HTTP/1.1" 200 4530
[2026-06-16 13:05:19,880] INFO django.server "GET /static/admin/js/calendar.js HTTP/1.1" 200 9141
[2026-06-16 13:05:19,882] INFO django.server "GET /static/admin/js/admin/DateTimeShortcuts.js HTTP/1.1" 200 19319
[2026-06-16 13:05:19,882] INFO django.server "GET /static/admin/js/SelectFilter2.js HTTP/1.1" 200 15492
[2026-06-16 13:05:19,884] INFO django.server "GET /admin/jsi18n/ HTTP/1.1" 200 17546
[2026-06-16 13:05:19,920] INFO django.server "GET /static/admin/img/icon-unknown.svg HTTP/1.1" 200 655
[2026-06-16 13:05:19,921] INFO django.server "GET /static/admin/img/icon-calendar.svg HTTP/1.1" 200 1086
[2026-06-16 13:05:19,921] INFO django.server "GET /static/admin/img/icon-clock.svg HTTP/1.1" 200 677
[2026-06-16 13:05:19,921] INFO django.server "GET /static/admin/img/selector-icons.svg HTTP/1.1" 200 3291
[2026-06-16 13:05:19,921] INFO django.server "GET /static/admin/img/icon-unknown-alt.svg HTTP/1.1" 200 655
[2026-06-16 13:05:45,628] INFO django.server "GET /admin/auth/user/add/ HTTP/1.1" 200 15796
[2026-06-16 13:05:47,816] INFO django.server "GET /admin/auth/user/ HTTP/1.1" 200 16969
[2026-06-16 13:05:47,837] INFO django.server "GET /static/admin/img/icon-no.svg HTTP/1.1" 200 560
[2026-06-16 13:05:47,839] INFO django.server "GET /admin/jsi18n/ HTTP/1.1" 200 17546
[2026-06-16 13:05:49,161] INFO django.server "GET /admin/auth/user/2/change/ HTTP/1.1" 200 32691
[2026-06-16 13:05:49,182] INFO django.server "GET /admin/jsi18n/ HTTP/1.1" 200 17546
[2026-06-16 13:05:52,318] INFO django.server "POST /admin/auth/user/2/change/ HTTP/1.1" 302 0
[2026-06-16 13:05:52,331] INFO django.server "GET /admin/auth/user/ HTTP/1.1" 200 17191
[2026-06-16 13:05:52,356] INFO django.server "GET /admin/jsi18n/ HTTP/1.1" 200 17546
[2026-06-16 13:05:54,268] INFO django.server "POST /admin/logout/ HTTP/1.1" 302 0
[2026-06-16 13:05:54,279] INFO django.server "GET /users/login/ HTTP/1.1" 200 5366
[2026-06-16 13:06:04,128] INFO django.server "POST /users/login/ HTTP/1.1" 302 0
[2026-06-16 13:06:04,137] INFO django.server "GET /dashboard/ HTTP/1.1" 200 8467
[2026-06-16 13:06:09,679] INFO django.server "GET /tournaments/ HTTP/1.1" 200 7779
[2026-06-16 13:06:10,648] INFO django.server "GET /tournaments/1/ HTTP/1.1" 200 7862
[2026-06-16 13:06:13,636] INFO django.server "GET /tournaments/1/register/ HTTP/1.1" 302 0
[2026-06-16 13:06:13,646] INFO django.server "GET /tournaments/1/ HTTP/1.1" 200 8285
[2026-06-16 13:06:15,342] INFO django.server "GET /tournaments/ HTTP/1.1" 200 7779
[2026-06-16 13:06:16,655] INFO django.server "GET /tournaments/1/ HTTP/1.1" 200 7862
[2026-06-16 13:06:17,304] INFO django.server "GET / HTTP/1.1" 200 10082
[2026-06-16 13:06:18,047] INFO django.server "GET /tournaments/ HTTP/1.1" 200 7779
[2026-06-16 13:06:18,998] INFO django.server "GET /tournaments/1/ HTTP/1.1" 200 7862
[2026-06-16 13:06:19,635] INFO django.server "GET /tournaments/1/register/ HTTP/1.1" 302 0
[2026-06-16 13:06:19,643] INFO django.server "GET /tournaments/1/ HTTP/1.1" 200 8285
[2026-06-16 13:06:21,542] INFO django.server "GET /tournaments/fighters/ HTTP/1.1" 200 5929
[2026-06-16 13:06:25,047] INFO django.server "GET /users/logout/ HTTP/1.1" 302 0
[2026-06-16 13:06:25,056] INFO django.server "GET / HTTP/1.1" 200 9576
[2026-06-16 13:06:29,269] INFO django.server "GET /tournaments/1/ HTTP/1.1" 200 6832
[2026-06-16 17:06:04,430] INFO django.utils.autoreload Watching for file changes with StatReloader
[2026-06-16 17:07:06,162] INFO django.utils.autoreload Watching for file changes with StatReloader
[2026-06-16 17:07:08,189] INFO django.server "GET / HTTP/1.1" 200 9219
[2026-06-16 17:07:08,317] INFO django.server "GET /static/css/style.css HTTP/1.1" 304 0
[2026-06-16 17:07:08,543] WARNING django.request Not Found: /favicon.ico
[2026-06-16 17:07:08,543] WARNING django.server "GET /favicon.ico HTTP/1.1" 404 3038
[2026-06-16 17:07:10,275] INFO django.server "GET /users/login/ HTTP/1.1" 200 5366
[2026-06-16 17:07:19,283] INFO django.server "POST /users/login/ HTTP/1.1" 302 0
[2026-06-16 17:07:19,296] INFO django.server "GET /dashboard/ HTTP/1.1" 200 9663
[2026-06-16 17:07:21,470] INFO django.server "GET /admin/ HTTP/1.1" 200 13039
[2026-06-16 17:07:21,627] INFO django.server "GET /static/admin/css/base.css HTTP/1.1" 200 21544
[2026-06-16 17:07:21,627] INFO django.server "GET /static/admin/css/dashboard.css HTTP/1.1" 200 441
[2026-06-16 17:07:21,628] INFO django.server "GET /static/admin/css/dark_mode.css HTTP/1.1" 200 2682
[2026-06-16 17:07:21,628] INFO django.server "GET /static/admin/js/theme.js HTTP/1.1" 200 1943
[2026-06-16 17:07:21,628] INFO django.server "GET /static/admin/css/nav_sidebar.css HTTP/1.1" 200 2810
[2026-06-16 17:07:21,628] INFO django.server "GET /static/admin/css/responsive.css HTTP/1.1" 200 17905
[2026-06-16 17:07:21,631] INFO django.server "GET /static/admin/js/nav_sidebar.js HTTP/1.1" 200 3063
[2026-06-16 17:07:21,636] INFO django.server "GET /static/admin/img/icon-addlink.svg HTTP/1.1" 200 331
[2026-06-16 17:07:21,636] INFO django.server "GET /static/admin/img/icon-changelink.svg HTTP/1.1" 200 380
[2026-06-16 17:07:24,743] INFO django.server "GET /admin/tournaments/bracketnode/ HTTP/1.1" 200 12054
[2026-06-16 17:07:24,765] INFO django.server "GET /static/admin/css/changelists.css HTTP/1.1" 200 6811
[2026-06-16 17:07:24,767] INFO django.server "GET /static/admin/js/actions.js HTTP/1.1" 200 8067
[2026-06-16 17:07:24,767] INFO django.server "GET /static/admin/js/core.js HTTP/1.1" 200 6208
[2026-06-16 17:07:24,767] INFO django.server "GET /static/admin/js/jquery.init.js HTTP/1.1" 200 347
[2026-06-16 17:07:24,770] INFO django.server "GET /static/admin/js/admin/RelatedObjectLookups.js HTTP/1.1" 200 9042
[2026-06-16 17:07:24,770] INFO django.server "GET /static/admin/js/urlify.js HTTP/1.1" 200 7887
[2026-06-16 17:07:24,770] INFO django.server "GET /static/admin/js/prepopulate.js HTTP/1.1" 200 1531
[2026-06-16 17:07:24,773] INFO django.server "GET /admin/jsi18n/ HTTP/1.1" 200 17546
[2026-06-16 17:07:24,774] INFO django.server "GET /static/admin/js/vendor/jquery/jquery.js HTTP/1.1" 200 285314
[2026-06-16 17:07:24,775] INFO django.server "GET /static/admin/js/vendor/xregexp/xregexp.js HTTP/1.1" 200 325171
[2026-06-16 17:07:24,779] INFO django.server "GET /static/admin/js/filters.js HTTP/1.1" 200 978
[2026-06-16 17:07:24,810] INFO django.server "GET /static/admin/img/tooltag-add.svg HTTP/1.1" 200 331
[2026-06-16 17:07:26,743] INFO django.server "GET /admin/tournaments/tournament/ HTTP/1.1" 200 17158
[2026-06-16 17:07:26,763] INFO django.server "GET /static/admin/img/icon-yes.svg HTTP/1.1" 200 436
[2026-06-16 17:07:26,764] INFO django.server "GET /static/admin/img/search.svg HTTP/1.1" 200 458
[2026-06-16 17:07:26,765] INFO django.server "GET /admin/jsi18n/ HTTP/1.1" 200 17546
[2026-06-16 17:07:26,787] INFO django.server "GET /static/admin/img/sorting-icons.svg HTTP/1.1" 200 1097
[2026-06-16 17:07:26,787] INFO django.server "GET /static/admin/img/icon-viewlink.svg HTTP/1.1" 200 581
[2026-06-16 17:07:27,511] INFO django.server "GET /admin/tournaments/timersettings/ HTTP/1.1" 200 12132
[2026-06-16 17:07:27,533] INFO django.server "GET /admin/jsi18n/ HTTP/1.1" 200 17546
[2026-06-16 17:07:30,080] INFO django.server "GET /admin/tournaments/timersettings/add/ HTTP/1.1" 200 17849
[2026-06-16 17:07:30,101] INFO django.server "GET /static/admin/css/responsive.css HTTP/1.1" 304 0
[2026-06-16 17:07:30,101] INFO django.server "GET /static/admin/css/base.css HTTP/1.1" 304 0
[2026-06-16 17:07:30,101] INFO django.server "GET /static/admin/css/dark_mode.css HTTP/1.1" 304 0
[2026-06-16 17:07:30,101] INFO django.server "GET /static/admin/css/nav_sidebar.css HTTP/1.1" 304 0
[2026-06-16 17:07:30,103] INFO django.server "GET /static/admin/css/forms.css HTTP/1.1" 200 9090
[2026-06-16 17:07:30,105] INFO django.server "GET /static/admin/img/icon-addlink.svg HTTP/1.1" 304 0
[2026-06-16 17:07:30,105] INFO django.server "GET /static/admin/img/icon-changelink.svg HTTP/1.1" 304 0
[2026-06-16 17:07:30,106] INFO django.server "GET /static/admin/js/prepopulate_init.js HTTP/1.1" 200 586
[2026-06-16 17:07:30,106] INFO django.server "GET /admin/jsi18n/ HTTP/1.1" 200 17546
[2026-06-16 17:07:30,107] INFO django.server "GET /static/admin/css/widgets.css HTTP/1.1" 200 11800
[2026-06-16 17:07:30,110] INFO django.server "GET /static/admin/js/nav_sidebar.js HTTP/1.1" 304 0
[2026-06-16 17:07:30,110] INFO django.server "GET /static/admin/js/theme.js HTTP/1.1" 304 0
[2026-06-16 17:07:30,115] INFO django.server "GET /static/admin/js/change_form.js HTTP/1.1" 200 606
[2026-06-16 17:07:41,438] INFO django.server "GET /admin/tournaments/match/add/ HTTP/1.1" 200 19717
[2026-06-16 17:07:41,461] INFO django.server "GET /static/admin/css/base.css HTTP/1.1" 304 0
[2026-06-16 17:07:41,462] INFO django.server "GET /static/admin/css/nav_sidebar.css HTTP/1.1" 304 0
[2026-06-16 17:07:41,463] INFO django.server "GET /static/admin/css/dark_mode.css HTTP/1.1" 304 0
[2026-06-16 17:07:41,463] INFO django.server "GET /static/admin/css/forms.css HTTP/1.1" 304 0
[2026-06-16 17:07:41,464] INFO django.server "GET /static/admin/js/vendor/jquery/jquery.js HTTP/1.1" 304 0
[2026-06-16 17:07:41,466] INFO django.server "GET /static/admin/css/responsive.css HTTP/1.1" 304 0
[2026-06-16 17:07:41,466] INFO django.server "GET /static/admin/js/jquery.init.js HTTP/1.1" 304 0
[2026-06-16 17:07:41,468] INFO django.server "GET /static/admin/js/admin/RelatedObjectLookups.js HTTP/1.1" 304 0
[2026-06-16 17:07:41,468] INFO django.server "GET /static/admin/js/core.js HTTP/1.1" 304 0
[2026-06-16 17:07:41,470] INFO django.server "GET /static/admin/js/actions.js HTTP/1.1" 304 0
[2026-06-16 17:07:41,471] INFO django.server "GET /static/admin/css/widgets.css HTTP/1.1" 304 0
[2026-06-16 17:07:41,471] INFO django.server "GET /static/admin/js/calendar.js HTTP/1.1" 200 9141
[2026-06-16 17:07:41,471] INFO django.server "GET /static/admin/js/urlify.js HTTP/1.1" 304 0
[2026-06-16 17:07:41,473] INFO django.server "GET /static/admin/js/admin/DateTimeShortcuts.js HTTP/1.1" 200 19319
[2026-06-16 17:07:41,474] INFO django.server "GET /admin/jsi18n/ HTTP/1.1" 200 17546
[2026-06-16 17:07:41,475] INFO django.server "GET /static/admin/js/prepopulate.js HTTP/1.1" 304 0
[2026-06-16 17:07:41,475] INFO django.server "GET /static/admin/js/vendor/xregexp/xregexp.js HTTP/1.1" 304 0
[2026-06-16 17:07:41,475] INFO django.server "GET /static/admin/js/prepopulate_init.js HTTP/1.1" 304 0
[2026-06-16 17:07:41,484] INFO django.server "GET /static/admin/js/theme.js HTTP/1.1" 304 0
[2026-06-16 17:07:41,488] INFO django.server "GET /static/admin/img/icon-changelink.svg HTTP/1.1" 304 0
[2026-06-16 17:07:41,489] INFO django.server "GET /static/admin/img/icon-addlink.svg HTTP/1.1" 304 0
[2026-06-16 17:07:41,488] INFO django.server "GET /static/admin/js/nav_sidebar.js HTTP/1.1" 304 0
[2026-06-16 17:07:41,489] INFO django.server "GET /static/admin/img/icon-viewlink.svg HTTP/1.1" 304 0
[2026-06-16 17:07:41,490] INFO django.server "GET /static/admin/js/change_form.js HTTP/1.1" 304 0
[2026-06-16 17:07:41,505] INFO django.server "GET /static/admin/img/icon-clock.svg HTTP/1.1" 200 677
[2026-06-16 17:07:41,505] INFO django.server "GET /static/admin/img/icon-calendar.svg HTTP/1.1" 200 1086
[2026-06-16 17:07:43,390] INFO django.server "GET /admin/tournaments/agegroup/add/ HTTP/1.1" 200 14270
[2026-06-16 17:07:43,413] INFO django.server "GET /admin/jsi18n/ HTTP/1.1" 200 17546
[2026-06-16 17:07:44,615] INFO django.server "GET /admin/tournaments/ageweightcategory/add/ HTTP/1.1" 200 19274
[2026-06-16 17:07:44,636] INFO django.server "GET /admin/jsi18n/ HTTP/1.1" 200 17546
[2026-06-16 17:07:45,792] INFO django.server "GET /admin/tournaments/weightcategory/add/ HTTP/1.1" 200 16936
[2026-06-16 17:07:45,819] INFO django.server "GET /admin/jsi18n/ HTTP/1.1" 200 17546
[2026-06-16 17:07:58,087] INFO django.server "GET /admin/tournaments/judge/add/ HTTP/1.1" 200 19086
[2026-06-16 17:07:58,109] INFO django.server "GET /static/admin/css/nav_sidebar.css HTTP/1.1" 304 0
[2026-06-16 17:07:58,110] INFO django.server "GET /static/admin/css/base.css HTTP/1.1" 304 0
[2026-06-16 17:07:58,111] INFO django.server "GET /static/admin/css/dark_mode.css HTTP/1.1" 304 0
[2026-06-16 17:07:58,111] INFO django.server "GET /static/admin/js/vendor/jquery/jquery.js HTTP/1.1" 304 0
[2026-06-16 17:07:58,111] INFO django.server "GET /static/admin/css/forms.css HTTP/1.1" 304 0
[2026-06-16 17:07:58,113] INFO django.server "GET /static/admin/css/responsive.css HTTP/1.1" 304 0
[2026-06-16 17:07:58,113] INFO django.server "GET /static/admin/js/jquery.init.js HTTP/1.1" 304 0
[2026-06-16 17:07:58,114] INFO django.server "GET /static/admin/js/admin/RelatedObjectLookups.js HTTP/1.1" 304 0
[2026-06-16 17:07:58,114] INFO django.server "GET /static/admin/js/core.js HTTP/1.1" 304 0
[2026-06-16 17:07:58,115] INFO django.server "GET /static/admin/js/actions.js HTTP/1.1" 304 0
[2026-06-16 17:07:58,116] INFO django.server "GET /static/admin/css/widgets.css HTTP/1.1" 304 0
[2026-06-16 17:07:58,116] INFO django.server "GET /static/admin/js/urlify.js HTTP/1.1" 304 0
[2026-06-16 17:07:58,116] INFO django.server "GET /static/admin/js/prepopulate.js HTTP/1.1" 304 0
[2026-06-16 17:07:58,117] INFO django.server "GET /static/admin/js/vendor/xregexp/xregexp.js HTTP/1.1" 304 0
[2026-06-16 17:07:58,118] INFO django.server "GET /static/admin/js/prepopulate_init.js HTTP/1.1" 304 0
[2026-06-16 17:07:58,119] INFO django.server "GET /admin/jsi18n/ HTTP/1.1" 200 17546
[2026-06-16 17:07:58,121] INFO django.server "GET /static/admin/js/theme.js HTTP/1.1" 304 0
[2026-06-16 17:07:58,123] INFO django.server "GET /static/admin/js/nav_sidebar.js HTTP/1.1" 304 0
[2026-06-16 17:07:58,130] INFO django.server "GET /static/admin/img/icon-viewlink.svg HTTP/1.1" 304 0
[2026-06-16 17:07:58,130] INFO django.server "GET /static/admin/img/icon-addlink.svg HTTP/1.1" 304 0
[2026-06-16 17:07:58,130] INFO django.server "GET /static/admin/img/icon-changelink.svg HTTP/1.1" 304 0
[2026-06-16 17:07:58,130] INFO django.server "GET /static/admin/js/change_form.js HTTP/1.1" 304 0
[2026-06-16 17:08:11,001] INFO django.server "POST /admin/tournaments/judge/add/ HTTP/1.1" 302 0
[2026-06-16 17:08:11,015] INFO django.server "GET /admin/tournaments/judge/ HTTP/1.1" 200 16997
[2026-06-16 17:08:11,039] INFO django.server "GET /static/admin/css/nav_sidebar.css HTTP/1.1" 304 0
[2026-06-16 17:08:11,040] INFO django.server "GET /static/admin/js/vendor/jquery/jquery.js HTTP/1.1" 304 0
[2026-06-16 17:08:11,040] INFO django.server "GET /static/admin/css/dark_mode.css HTTP/1.1" 304 0
[2026-06-16 17:08:11,040] INFO django.server "GET /static/admin/css/base.css HTTP/1.1" 304 0
[2026-06-16 17:08:11,040] INFO django.server "GET /static/admin/css/changelists.css HTTP/1.1" 304 0
[2026-06-16 17:08:11,044] INFO django.server "GET /static/admin/css/responsive.css HTTP/1.1" 304 0
[2026-06-16 17:08:11,044] INFO django.server "GET /static/admin/js/core.js HTTP/1.1" 304 0
[2026-06-16 17:08:11,044] INFO django.server "GET /static/admin/js/admin/RelatedObjectLookups.js HTTP/1.1" 304 0
[2026-06-16 17:08:11,045] INFO django.server "GET /static/admin/js/jquery.init.js HTTP/1.1" 304 0
[2026-06-16 17:08:11,046] INFO django.server "GET /static/admin/js/actions.js HTTP/1.1" 304 0
[2026-06-16 17:08:11,048] INFO django.server "GET /static/admin/js/prepopulate.js HTTP/1.1" 304 0
[2026-06-16 17:08:11,048] INFO django.server "GET /static/admin/js/urlify.js HTTP/1.1" 304 0
[2026-06-16 17:08:11,048] INFO django.server "GET /static/admin/js/vendor/xregexp/xregexp.js HTTP/1.1" 304 0
[2026-06-16 17:08:11,048] INFO django.server "GET /static/admin/img/search.svg HTTP/1.1" 304 0
[2026-06-16 17:08:11,049] INFO django.server "GET /static/admin/img/icon-yes.svg HTTP/1.1" 304 0
[2026-06-16 17:08:11,049] INFO django.server "GET /admin/jsi18n/ HTTP/1.1" 200 17546
[2026-06-16 17:08:11,052] INFO django.server "GET /static/admin/js/theme.js HTTP/1.1" 304 0
[2026-06-16 17:08:11,052] INFO django.server "GET /static/admin/js/nav_sidebar.js HTTP/1.1" 304 0
[2026-06-16 17:08:11,058] INFO django.server "GET /static/admin/js/filters.js HTTP/1.1" 304 0
[2026-06-16 17:08:16,589] INFO django.server "GET /admin/tournaments/match/add/ HTTP/1.1" 200 19717
[2026-06-16 17:08:16,613] INFO django.server "GET /static/admin/css/forms.css HTTP/1.1" 304 0
[2026-06-16 17:08:16,614] INFO django.server "GET /static/admin/js/calendar.js HTTP/1.1" 304 0
[2026-06-16 17:08:16,614] INFO django.server "GET /static/admin/js/prepopulate_init.js HTTP/1.1" 304 0
[2026-06-16 17:08:16,614] INFO django.server "GET /static/admin/js/admin/DateTimeShortcuts.js HTTP/1.1" 304 0
[2026-06-16 17:08:16,617] INFO django.server "GET /admin/jsi18n/ HTTP/1.1" 200 17546
[2026-06-16 17:08:16,618] INFO django.server "GET /static/admin/css/widgets.css HTTP/1.1" 304 0
[2026-06-16 17:08:16,622] INFO django.server "GET /static/admin/img/icon-changelink.svg HTTP/1.1" 304 0
[2026-06-16 17:08:16,622] INFO django.server "GET /static/admin/img/icon-addlink.svg HTTP/1.1" 304 0
[2026-06-16 17:08:16,631] INFO django.server "GET /static/admin/img/icon-viewlink.svg HTTP/1.1" 304 0
[2026-06-16 17:08:16,631] INFO django.server "GET /static/admin/js/change_form.js HTTP/1.1" 304 0
[2026-06-16 17:08:16,644] INFO django.server "GET /static/admin/img/icon-clock.svg HTTP/1.1" 304 0
[2026-06-16 17:08:16,644] INFO django.server "GET /static/admin/img/icon-calendar.svg HTTP/1.1" 304 0
[2026-06-16 17:22:27,249] INFO django.utils.autoreload Watching for file changes with StatReloader
[2026-06-16 17:22:28,829] INFO django.server "GET / HTTP/1.1" 200 12349
[2026-06-16 17:22:39,635] INFO django.server "GET /users/logout/ HTTP/1.1" 302 0
[2026-06-16 17:22:39,645] INFO django.server "GET / HTTP/1.1" 200 10684
[2026-06-16 17:22:41,870] INFO django.server "GET /users/login/ HTTP/1.1" 200 5366
[2026-06-16 17:23:05,963] INFO django.server "POST /users/login/ HTTP/1.1" 302 0
[2026-06-16 17:23:05,973] INFO django.server "GET /dashboard/ HTTP/1.1" 200 8481
[2026-06-16 17:23:13,431] INFO django.server "GET /tournaments/ HTTP/1.1" 200 9801
[2026-06-16 17:23:15,430] INFO django.server "GET / HTTP/1.1" 200 11189
[2026-06-16 17:23:16,374] INFO django.server "GET /tournaments/ HTTP/1.1" 200 9801
[2026-06-16 17:23:17,557] INFO django.server "GET / HTTP/1.1" 200 11189
[2026-06-16 17:23:21,038] INFO django.server "GET /tournaments/2/ HTTP/1.1" 200 8646
[2026-06-16 17:23:25,639] WARNING django.request Forbidden: /tournaments/2/fights/
[2026-06-16 17:23:25,640] WARNING django.server "GET /tournaments/2/fights/ HTTP/1.1" 403 90
[2026-06-16 17:23:31,111] WARNING django.request Forbidden: /tournaments/2/fights/
[2026-06-16 17:23:31,111] WARNING django.server "GET /tournaments/2/fights/ HTTP/1.1" 403 90
[2026-06-16 17:23:46,011] INFO django.server "GET / HTTP/1.1" 200 11189
[2026-06-16 17:23:50,804] INFO django.server "GET /users/login/ HTTP/1.1" 302 0
[2026-06-16 17:23:50,811] INFO django.server "GET /dashboard/ HTTP/1.1" 200 8481
[2026-06-16 17:23:57,743] INFO django.server "GET / HTTP/1.1" 200 11189
[2026-06-16 17:23:58,575] INFO django.server "GET /tournaments/ HTTP/1.1" 200 9801
[2026-06-16 17:23:59,518] INFO django.server "GET /tournaments/fighters/ HTTP/1.1" 200 9904
[2026-06-16 17:24:01,759] INFO django.server "GET /tournaments/fighters/1/ HTTP/1.1" 200 7508
[2026-06-16 17:24:06,686] INFO django.server "GET /users/logout/ HTTP/1.1" 302 0
[2026-06-16 17:24:06,695] INFO django.server "GET / HTTP/1.1" 200 10684
[2026-06-16 17:24:07,794] INFO django.server "GET /users/login/ HTTP/1.1" 200 5366
[2026-06-16 17:24:27,506] INFO django.server "GET / HTTP/1.1" 200 10327
[2026-06-17 11:43:44,614] INFO django.utils.autoreload Watching for file changes with StatReloader
[2026-06-17 11:43:46,078] INFO django.server "GET / HTTP/1.1" 200 10327
[2026-06-17 11:43:46,214] INFO django.server "GET /static/css/style.css HTTP/1.1" 304 0
[2026-06-17 11:43:46,564] WARNING django.request Not Found: /favicon.ico
[2026-06-17 11:43:46,564] WARNING django.server "GET /favicon.ico HTTP/1.1" 404 3038
[2026-06-17 11:43:50,563] INFO django.server "GET /users/login/ HTTP/1.1" 200 5366
[2026-06-17 11:43:59,367] INFO django.server "GET / HTTP/1.1" 200 10327
[2026-06-17 11:44:00,049] INFO django.server "GET /tournaments/ HTTP/1.1" 200 8944
[2026-06-17 11:44:02,716] INFO django.server "GET /tournaments/ HTTP/1.1" 200 8944
[2026-06-17 11:44:03,641] INFO django.server "GET /users/login/ HTTP/1.1" 200 5366
[2026-06-17 11:44:10,282] INFO django.server "POST /users/login/ HTTP/1.1" 302 0
[2026-06-17 11:44:10,301] INFO django.server "GET /dashboard/ HTTP/1.1" 200 10029
[2026-06-17 11:44:19,340] INFO django.server "GET /tournaments/participants/ HTTP/1.1" 200 6783
[2026-06-17 11:44:21,359] INFO django.server "GET /tournaments/participants/?tournament=1 HTTP/1.1" 200 9939
[2026-06-17 11:44:22,641] INFO django.server "GET /tournaments/1/participants/add/ HTTP/1.1" 200 10188
[2026-06-17 11:44:25,691] INFO django.server "GET /tournaments/participants/?tournament=1 HTTP/1.1" 200 9939
[2026-06-17 11:44:27,538] ERROR django.request Internal Server Error: /tournaments/1/auto-assign/
Traceback (most recent call last):
  File "C:\Users\User\Downloads\Kimi_Agent_CombatTournamentPlatform_ исправления\combat_platform\venv\Lib\site-packages\django\core\handlers\exception.py", line 55, in inner
    response = get_response(request)
  File "C:\Users\User\Downloads\Kimi_Agent_CombatTournamentPlatform_ исправления\combat_platform\venv\Lib\site-packages\django\core\handlers\base.py", line 197, in _get_response
    response = wrapped_callback(request, *callback_args, **callback_kwargs)
  File "C:\Users\User\Downloads\Kimi_Agent_CombatTournamentPlatform_ исправления\combat_platform\venv\Lib\site-packages\django\contrib\auth\decorators.py", line 23, in _wrapper_view
    return view_func(request, *args, **kwargs)
  File "C:\Users\User\Downloads\Kimi_Agent_CombatTournamentPlatform_ исправления\combat_platform\users\decorators.py", line 40, in _wrapped
    return view_func(request, *args, **kwargs)
  File "C:\Users\User\Downloads\Kimi_Agent_CombatTournamentPlatform_ исправления\combat_platform\tournaments\views\participants.py", line 197, in auto_assign_categories_view
    return redirect('tournaments:participants_management') + f'?tournament={tournament_id}'
           ~~~~~~~~~~~~~~~~~~~~~~~~~~~~~~~~~~~~~~~~~~~~~~~~^~~~~~~~~~~~~~~~~~~~~~~~~~~~~~~~
TypeError: unsupported operand type(s) for +: 'HttpResponseRedirect' and 'str'
[2026-06-17 11:44:27,548] ERROR django.server "GET /tournaments/1/auto-assign/ HTTP/1.1" 500 81669
[2026-06-17 11:44:32,116] INFO django.server "GET /tournaments/1/participants/add/ HTTP/1.1" 200 10543
[2026-06-17 11:44:47,463] ERROR django.request Internal Server Error: /tournaments/1/participants/add/
Traceback (most recent call last):
  File "C:\Users\User\Downloads\Kimi_Agent_CombatTournamentPlatform_ исправления\combat_platform\venv\Lib\site-packages\django\db\backends\utils.py", line 105, in _execute
    return self.cursor.execute(sql, params)
           ~~~~~~~~~~~~~~~~~~~^^^^^^^^^^^^^
  File "C:\Users\User\Downloads\Kimi_Agent_CombatTournamentPlatform_ исправления\combat_platform\venv\Lib\site-packages\django\db\backends\sqlite3\base.py", line 329, in execute
    return super().execute(query, params)
           ~~~~~~~~~~~~~~~^^^^^^^^^^^^^^^
sqlite3.IntegrityError: UNIQUE constraint failed: auth_user.username

The above exception was the direct cause of the following exception:

Traceback (most recent call last):
  File "C:\Users\User\Downloads\Kimi_Agent_CombatTournamentPlatform_ исправления\combat_platform\venv\Lib\site-packages\django\core\handlers\exception.py", line 55, in inner
    response = get_response(request)
  File "C:\Users\User\Downloads\Kimi_Agent_CombatTournamentPlatform_ исправления\combat_platform\venv\Lib\site-packages\django\core\handlers\base.py", line 197, in _get_response
    response = wrapped_callback(request, *callback_args, **callback_kwargs)
  File "C:\Users\User\Downloads\Kimi_Agent_CombatTournamentPlatform_ исправления\combat_platform\venv\Lib\site-packages\django\contrib\auth\decorators.py", line 23, in _wrapper_view
    return view_func(request, *args, **kwargs)
  File "C:\Users\User\Downloads\Kimi_Agent_CombatTournamentPlatform_ исправления\combat_platform\users\decorators.py", line 40, in _wrapped
    return view_func(request, *args, **kwargs)
  File "C:\Users\User\Downloads\Kimi_Agent_CombatTournamentPlatform_ исправления\combat_platform\tournaments\views\participants.py", line 98, in add_participant
    fighter = form.save()
  File "C:\Users\User\Downloads\Kimi_Agent_CombatTournamentPlatform_ исправления\combat_platform\tournaments\forms.py", line 92, in save
    user = User.objects.create_user(**user_data, password=self.cleaned_data['password'])
  File "C:\Users\User\Downloads\Kimi_Agent_CombatTournamentPlatform_ исправления\combat_platform\venv\Lib\site-packages\django\contrib\auth\models.py", line 161, in create_user
    return self._create_user(username, email, password, **extra_fields)
           ~~~~~~~~~~~~~~~~~^^^^^^^^^^^^^^^^^^^^^^^^^^^^^^^^^^^^^^^^^^^
  File "C:\Users\User\Downloads\Kimi_Agent_CombatTournamentPlatform_ исправления\combat_platform\venv\Lib\site-packages\django\contrib\auth\models.py", line 155, in _create_user
    user.save(using=self._db)
    ~~~~~~~~~^^^^^^^^^^^^^^^^
  File "C:\Users\User\Downloads\Kimi_Agent_CombatTournamentPlatform_ исправления\combat_platform\venv\Lib\site-packages\django\contrib\auth\base_user.py", line 78, in save
    super().save(*args, **kwargs)
    ~~~~~~~~~~~~^^^^^^^^^^^^^^^^^
  File "C:\Users\User\Downloads\Kimi_Agent_CombatTournamentPlatform_ исправления\combat_platform\venv\Lib\site-packages\django\db\models\base.py", line 822, in save
    self.save_base(
    ~~~~~~~~~~~~~~^
        using=using,
        ^^^^^^^^^^^^
    ...<2 lines>...
        update_fields=update_fields,
        ^^^^^^^^^^^^^^^^^^^^^^^^^^^^
    )
    ^
  File "C:\Users\User\Downloads\Kimi_Agent_CombatTournamentPlatform_ исправления\combat_platform\venv\Lib\site-packages\django\db\models\base.py", line 909, in save_base
    updated = self._save_table(
        raw,
    ...<4 lines>...
        update_fields,
    )
  File "C:\Users\User\Downloads\Kimi_Agent_CombatTournamentPlatform_ исправления\combat_platform\venv\Lib\site-packages\django\db\models\base.py", line 1071, in _save_table
    results = self._do_insert(
        cls._base_manager, using, fields, returning_fields, raw
    )
  File "C:\Users\User\Downloads\Kimi_Agent_CombatTournamentPlatform_ исправления\combat_platform\venv\Lib\site-packages\django\db\models\base.py", line 1112, in _do_insert
    return manager._insert(
           ~~~~~~~~~~~~~~~^
        [self],
        ^^^^^^^
    ...<3 lines>...
        raw=raw,
        ^^^^^^^^
    )
    ^
  File "C:\Users\User\Downloads\Kimi_Agent_CombatTournamentPlatform_ исправления\combat_platform\venv\Lib\site-packages\django\db\models\manager.py", line 87, in manager_method
    return getattr(self.get_queryset(), name)(*args, **kwargs)
           ~~~~~~~~~~~~~~~~~~~~~~~~~~~~~~~~~~^^^^^^^^^^^^^^^^^
  File "C:\Users\User\Downloads\Kimi_Agent_CombatTournamentPlatform_ исправления\combat_platform\venv\Lib\site-packages\django\db\models\query.py", line 1847, in _insert
    return query.get_compiler(using=using).execute_sql(returning_fields)
           ~~~~~~~~~~~~~~~~~~~~~~~~~~~~~~~~~~~~~~~~~~~^^^^^^^^^^^^^^^^^^
  File "C:\Users\User\Downloads\Kimi_Agent_CombatTournamentPlatform_ исправления\combat_platform\venv\Lib\site-packages\django\db\models\sql\compiler.py", line 1823, in execute_sql
    cursor.execute(sql, params)
    ~~~~~~~~~~~~~~^^^^^^^^^^^^^
  File "C:\Users\User\Downloads\Kimi_Agent_CombatTournamentPlatform_ исправления\combat_platform\venv\Lib\site-packages\django\db\backends\utils.py", line 122, in execute
    return super().execute(sql, params)
           ~~~~~~~~~~~~~~~^^^^^^^^^^^^^
  File "C:\Users\User\Downloads\Kimi_Agent_CombatTournamentPlatform_ исправления\combat_platform\venv\Lib\site-packages\django\db\backends\utils.py", line 79, in execute
    return self._execute_with_wrappers(
           ~~~~~~~~~~~~~~~~~~~~~~~~~~~^
        sql, params, many=False, executor=self._execute
        ^^^^^^^^^^^^^^^^^^^^^^^^^^^^^^^^^^^^^^^^^^^^^^^
    )
    ^
  File "C:\Users\User\Downloads\Kimi_Agent_CombatTournamentPlatform_ исправления\combat_platform\venv\Lib\site-packages\django\db\backends\utils.py", line 92, in _execute_with_wrappers
    return executor(sql, params, many, context)
  File "C:\Users\User\Downloads\Kimi_Agent_CombatTournamentPlatform_ исправления\combat_platform\venv\Lib\site-packages\django\db\backends\utils.py", line 100, in _execute
    with self.db.wrap_database_errors:
         ^^^^^^^^^^^^^^^^^^^^^^^^^^^^
  File "C:\Users\User\Downloads\Kimi_Agent_CombatTournamentPlatform_ исправления\combat_platform\venv\Lib\site-packages\django\db\utils.py", line 91, in __exit__
    raise dj_exc_value.with_traceback(traceback) from exc_value
  File "C:\Users\User\Downloads\Kimi_Agent_CombatTournamentPlatform_ исправления\combat_platform\venv\Lib\site-packages\django\db\backends\utils.py", line 105, in _execute
    return self.cursor.execute(sql, params)
           ~~~~~~~~~~~~~~~~~~~^^^^^^^^^^^^^
  File "C:\Users\User\Downloads\Kimi_Agent_CombatTournamentPlatform_ исправления\combat_platform\venv\Lib\site-packages\django\db\backends\sqlite3\base.py", line 329, in execute
    return super().execute(query, params)
           ~~~~~~~~~~~~~~~^^^^^^^^^^^^^^^
django.db.utils.IntegrityError: UNIQUE constraint failed: auth_user.username
[2026-06-17 11:44:47,469] ERROR django.server "POST /tournaments/1/participants/add/ HTTP/1.1" 500 190598
[2026-06-17 11:53:42,959] INFO django.server "GET /tournaments/1/participants/add/ HTTP/1.1" 200 10188
[2026-06-17 11:53:44,466] ERROR django.request Internal Server Error: /tournaments/1/participants/add/
Traceback (most recent call last):
  File "C:\Users\User\Downloads\Kimi_Agent_CombatTournamentPlatform_ исправления\combat_platform\venv\Lib\site-packages\django\db\backends\utils.py", line 105, in _execute
    return self.cursor.execute(sql, params)
           ~~~~~~~~~~~~~~~~~~~^^^^^^^^^^^^^
  File "C:\Users\User\Downloads\Kimi_Agent_CombatTournamentPlatform_ исправления\combat_platform\venv\Lib\site-packages\django\db\backends\sqlite3\base.py", line 329, in execute
    return super().execute(query, params)
           ~~~~~~~~~~~~~~~^^^^^^^^^^^^^^^
sqlite3.IntegrityError: UNIQUE constraint failed: auth_user.username

The above exception was the direct cause of the following exception:

Traceback (most recent call last):
  File "C:\Users\User\Downloads\Kimi_Agent_CombatTournamentPlatform_ исправления\combat_platform\venv\Lib\site-packages\django\core\handlers\exception.py", line 55, in inner
    response = get_response(request)
  File "C:\Users\User\Downloads\Kimi_Agent_CombatTournamentPlatform_ исправления\combat_platform\venv\Lib\site-packages\django\core\handlers\base.py", line 197, in _get_response
    response = wrapped_callback(request, *callback_args, **callback_kwargs)
  File "C:\Users\User\Downloads\Kimi_Agent_CombatTournamentPlatform_ исправления\combat_platform\venv\Lib\site-packages\django\contrib\auth\decorators.py", line 23, in _wrapper_view
    return view_func(request, *args, **kwargs)
  File "C:\Users\User\Downloads\Kimi_Agent_CombatTournamentPlatform_ исправления\combat_platform\users\decorators.py", line 40, in _wrapped
    return view_func(request, *args, **kwargs)
  File "C:\Users\User\Downloads\Kimi_Agent_CombatTournamentPlatform_ исправления\combat_platform\tournaments\views\participants.py", line 98, in add_participant
    fighter = form.save()
  File "C:\Users\User\Downloads\Kimi_Agent_CombatTournamentPlatform_ исправления\combat_platform\tournaments\forms.py", line 92, in save
    user = User.objects.create_user(**user_data, password=self.cleaned_data['password'])
  File "C:\Users\User\Downloads\Kimi_Agent_CombatTournamentPlatform_ исправления\combat_platform\venv\Lib\site-packages\django\contrib\auth\models.py", line 161, in create_user
    return self._create_user(username, email, password, **extra_fields)
           ~~~~~~~~~~~~~~~~~^^^^^^^^^^^^^^^^^^^^^^^^^^^^^^^^^^^^^^^^^^^
  File "C:\Users\User\Downloads\Kimi_Agent_CombatTournamentPlatform_ исправления\combat_platform\venv\Lib\site-packages\django\contrib\auth\models.py", line 155, in _create_user
    user.save(using=self._db)
    ~~~~~~~~~^^^^^^^^^^^^^^^^
  File "C:\Users\User\Downloads\Kimi_Agent_CombatTournamentPlatform_ исправления\combat_platform\venv\Lib\site-packages\django\contrib\auth\base_user.py", line 78, in save
    super().save(*args, **kwargs)
    ~~~~~~~~~~~~^^^^^^^^^^^^^^^^^
  File "C:\Users\User\Downloads\Kimi_Agent_CombatTournamentPlatform_ исправления\combat_platform\venv\Lib\site-packages\django\db\models\base.py", line 822, in save
    self.save_base(
    ~~~~~~~~~~~~~~^
        using=using,
        ^^^^^^^^^^^^
    ...<2 lines>...
        update_fields=update_fields,
        ^^^^^^^^^^^^^^^^^^^^^^^^^^^^
    )
    ^
  File "C:\Users\User\Downloads\Kimi_Agent_CombatTournamentPlatform_ исправления\combat_platform\venv\Lib\site-packages\django\db\models\base.py", line 909, in save_base
    updated = self._save_table(
        raw,
    ...<4 lines>...
        update_fields,
    )
  File "C:\Users\User\Downloads\Kimi_Agent_CombatTournamentPlatform_ исправления\combat_platform\venv\Lib\site-packages\django\db\models\base.py", line 1071, in _save_table
    results = self._do_insert(
        cls._base_manager, using, fields, returning_fields, raw
    )
  File "C:\Users\User\Downloads\Kimi_Agent_CombatTournamentPlatform_ исправления\combat_platform\venv\Lib\site-packages\django\db\models\base.py", line 1112, in _do_insert
    return manager._insert(
           ~~~~~~~~~~~~~~~^
        [self],
        ^^^^^^^
    ...<3 lines>...
        raw=raw,
        ^^^^^^^^
    )
    ^
  File "C:\Users\User\Downloads\Kimi_Agent_CombatTournamentPlatform_ исправления\combat_platform\venv\Lib\site-packages\django\db\models\manager.py", line 87, in manager_method
    return getattr(self.get_queryset(), name)(*args, **kwargs)
           ~~~~~~~~~~~~~~~~~~~~~~~~~~~~~~~~~~^^^^^^^^^^^^^^^^^
  File "C:\Users\User\Downloads\Kimi_Agent_CombatTournamentPlatform_ исправления\combat_platform\venv\Lib\site-packages\django\db\models\query.py", line 1847, in _insert
    return query.get_compiler(using=using).execute_sql(returning_fields)
           ~~~~~~~~~~~~~~~~~~~~~~~~~~~~~~~~~~~~~~~~~~~^^^^^^^^^^^^^^^^^^
  File "C:\Users\User\Downloads\Kimi_Agent_CombatTournamentPlatform_ исправления\combat_platform\venv\Lib\site-packages\django\db\models\sql\compiler.py", line 1823, in execute_sql
    cursor.execute(sql, params)
    ~~~~~~~~~~~~~~^^^^^^^^^^^^^
  File "C:\Users\User\Downloads\Kimi_Agent_CombatTournamentPlatform_ исправления\combat_platform\venv\Lib\site-packages\django\db\backends\utils.py", line 122, in execute
    return super().execute(sql, params)
           ~~~~~~~~~~~~~~~^^^^^^^^^^^^^
  File "C:\Users\User\Downloads\Kimi_Agent_CombatTournamentPlatform_ исправления\combat_platform\venv\Lib\site-packages\django\db\backends\utils.py", line 79, in execute
    return self._execute_with_wrappers(
           ~~~~~~~~~~~~~~~~~~~~~~~~~~~^
        sql, params, many=False, executor=self._execute
        ^^^^^^^^^^^^^^^^^^^^^^^^^^^^^^^^^^^^^^^^^^^^^^^
    )
    ^
  File "C:\Users\User\Downloads\Kimi_Agent_CombatTournamentPlatform_ исправления\combat_platform\venv\Lib\site-packages\django\db\backends\utils.py", line 92, in _execute_with_wrappers
    return executor(sql, params, many, context)
  File "C:\Users\User\Downloads\Kimi_Agent_CombatTournamentPlatform_ исправления\combat_platform\venv\Lib\site-packages\django\db\backends\utils.py", line 100, in _execute
    with self.db.wrap_database_errors:
         ^^^^^^^^^^^^^^^^^^^^^^^^^^^^
  File "C:\Users\User\Downloads\Kimi_Agent_CombatTournamentPlatform_ исправления\combat_platform\venv\Lib\site-packages\django\db\utils.py", line 91, in __exit__
    raise dj_exc_value.with_traceback(traceback) from exc_value
  File "C:\Users\User\Downloads\Kimi_Agent_CombatTournamentPlatform_ исправления\combat_platform\venv\Lib\site-packages\django\db\backends\utils.py", line 105, in _execute
    return self.cursor.execute(sql, params)
           ~~~~~~~~~~~~~~~~~~~^^^^^^^^^^^^^
  File "C:\Users\User\Downloads\Kimi_Agent_CombatTournamentPlatform_ исправления\combat_platform\venv\Lib\site-packages\django\db\backends\sqlite3\base.py", line 329, in execute
    return super().execute(query, params)
           ~~~~~~~~~~~~~~~^^^^^^^^^^^^^^^
django.db.utils.IntegrityError: UNIQUE constraint failed: auth_user.username
[2026-06-17 11:53:44,470] ERROR django.server "POST /tournaments/1/participants/add/ HTTP/1.1" 500 190598
[2026-06-17 11:57:57,776] INFO django.utils.autoreload C:\Users\User\Downloads\Kimi_Agent_CombatTournamentPlatform_ исправления\combat_platform\tournaments\forms.py changed, reloading.
[2026-06-17 11:57:58,362] INFO django.utils.autoreload Watching for file changes with StatReloader
[2026-06-17 11:58:17,502] INFO django.utils.autoreload Watching for file changes with StatReloader
[2026-06-17 11:58:18,416] INFO django.server "GET / HTTP/1.1" 200 12349
[2026-06-17 11:58:19,857] INFO django.server "GET /tournaments/ HTTP/1.1" 200 10961
[2026-06-17 11:58:22,342] INFO django.server "GET /tournaments/fighters/ HTTP/1.1" 200 11064
[2026-06-17 11:58:23,918] INFO django.server "GET /tournaments/ HTTP/1.1" 200 10961
[2026-06-17 11:58:25,124] INFO django.server "GET /tournaments/2/ HTTP/1.1" 200 11493
[2026-06-17 11:58:28,947] INFO django.server "GET /tournaments/ HTTP/1.1" 200 10961
[2026-06-17 11:58:30,181] INFO django.server "GET /tournaments/1/ HTTP/1.1" 200 10708
[2026-06-17 11:58:34,151] INFO django.server "GET /tournaments/fighters/ HTTP/1.1" 200 11064
[2026-06-17 11:58:35,105] INFO django.server "GET /tournaments/ HTTP/1.1" 200 10961
[2026-06-17 11:58:38,707] INFO django.server "GET /tournaments/2/ HTTP/1.1" 200 11493
[2026-06-17 11:58:43,355] INFO django.server "GET /tournaments/participants/?tournament=2 HTTP/1.1" 200 9939
[2026-06-17 11:58:44,461] INFO django.server "GET /tournaments/2/participants/add/ HTTP/1.1" 200 10314
[2026-06-17 11:58:56,756] INFO django.server "POST /tournaments/2/participants/add/ HTTP/1.1" 200 10720
[2026-06-17 11:59:04,256] ERROR django.request Internal Server Error: /tournaments/2/participants/add/
Traceback (most recent call last):
  File "C:\Users\User\Downloads\Kimi_Agent_CombatTournamentPlatform_ исправления\combat_platform\venv\Lib\site-packages\django\core\handlers\exception.py", line 55, in inner
    response = get_response(request)
  File "C:\Users\User\Downloads\Kimi_Agent_CombatTournamentPlatform_ исправления\combat_platform\venv\Lib\site-packages\django\core\handlers\base.py", line 197, in _get_response
    response = wrapped_callback(request, *callback_args, **callback_kwargs)
  File "C:\Users\User\Downloads\Kimi_Agent_CombatTournamentPlatform_ исправления\combat_platform\venv\Lib\site-packages\django\contrib\auth\decorators.py", line 23, in _wrapper_view
    return view_func(request, *args, **kwargs)
  File "C:\Users\User\Downloads\Kimi_Agent_CombatTournamentPlatform_ исправления\combat_platform\users\decorators.py", line 40, in _wrapped
    return view_func(request, *args, **kwargs)
  File "C:\Users\User\Downloads\Kimi_Agent_CombatTournamentPlatform_ исправления\combat_platform\tournaments\views\participants.py", line 115, in add_participant
    return redirect('tournaments:participants_management') + f'?tournament={tournament_id}'
           ~~~~~~~~~~~~~~~~~~~~~~~~~~~~~~~~~~~~~~~~~~~~~~~~^~~~~~~~~~~~~~~~~~~~~~~~~~~~~~~~
TypeError: unsupported operand type(s) for +: 'HttpResponseRedirect' and 'str'
[2026-06-17 11:59:04,258] ERROR django.server "POST /tournaments/2/participants/add/ HTTP/1.1" 500 84459
[2026-06-17 11:59:27,790] INFO django.server "GET /tournaments/2/participants/add/ HTTP/1.1" 200 10687
[2026-06-17 12:08:50,908] INFO django.utils.autoreload C:\Users\User\Downloads\Kimi_Agent_CombatTournamentPlatform_ исправления\combat_platform\tournaments\forms.py changed, reloading.
[2026-06-17 12:08:51,402] INFO django.utils.autoreload Watching for file changes with StatReloader
[2026-06-17 12:10:32,882] INFO django.utils.autoreload C:\Users\User\Downloads\Kimi_Agent_CombatTournamentPlatform_ исправления\combat_platform\tournaments\views\participants.py changed, reloading.
[2026-06-17 12:10:33,470] INFO django.utils.autoreload Watching for file changes with StatReloader
[2026-06-17 12:10:59,694] INFO django.utils.autoreload Watching for file changes with StatReloader
[2026-06-17 12:11:06,913] INFO django.server "GET / HTTP/1.1" 200 12349
[2026-06-17 12:11:09,705] INFO django.server "GET /tournaments/ HTTP/1.1" 200 10961
[2026-06-17 12:11:13,514] INFO django.server "GET /tournaments/2/ HTTP/1.1" 200 11493
[2026-06-17 12:11:15,491] INFO django.server "GET /tournaments/participants/?tournament=2 HTTP/1.1" 200 11444
[2026-06-17 12:11:19,169] INFO django.server "GET /tournaments/2/participants/add/ HTTP/1.1" 200 9547
[2026-06-17 12:11:42,454] INFO django.server "POST /tournaments/2/participants/add/ HTTP/1.1" 302 0
[2026-06-17 12:11:42,466] INFO django.server "GET /tournaments/participants/?tournament=2 HTTP/1.1" 200 13489
[2026-06-17 12:32:48,030] INFO django.utils.autoreload Watching for file changes with StatReloader
[2026-06-17 12:32:48,980] INFO django.server "GET / HTTP/1.1" 200 12349
[2026-06-17 12:32:50,044] INFO django.server "GET /tournaments/ HTTP/1.1" 200 10961
[2026-06-17 12:32:51,249] INFO django.server "GET /tournaments/2/ HTTP/1.1" 200 11493
[2026-06-17 12:32:54,109] INFO django.server "GET /tournaments/2/bracket/1/ HTTP/1.1" 200 13867
[2026-06-17 12:32:59,289] INFO django.server "GET /tournaments/ HTTP/1.1" 200 10961
[2026-06-17 12:33:00,424] INFO django.server "GET /tournaments/2/ HTTP/1.1" 200 11493
[2026-06-17 12:33:03,739] INFO django.server "GET /tournaments/participants/?tournament=2 HTTP/1.1" 200 24104
[2026-06-17 12:33:11,318] INFO django.server "POST /tournaments/registration/1/update/ HTTP/1.1" 302 0
[2026-06-17 12:33:11,331] INFO django.server "GET /tournaments/participants/?tournament=2 HTTP/1.1" 200 24488
[2026-06-17 12:33:13,310] INFO django.server "GET /tournaments/2/auto-assign/ HTTP/1.1" 302 0
[2026-06-17 12:33:13,322] INFO django.server "GET /tournaments/participants/?tournament=2 HTTP/1.1" 200 24464
[2026-06-17 12:33:16,204] INFO django.server "GET /tournaments/ HTTP/1.1" 200 10961
[2026-06-17 12:33:17,323] INFO django.server "GET /tournaments/2/ HTTP/1.1" 200 11493
[2026-06-17 12:33:19,449] INFO django.server "GET /tournaments/2/categories/ HTTP/1.1" 200 10435
[2026-06-17 12:33:37,604] INFO django.server "POST /tournaments/2/categories/ HTTP/1.1" 302 0
[2026-06-17 12:33:37,728] ERROR django.request Internal Server Error: /tournaments/2/categories/
Traceback (most recent call last):
  File "C:\Users\User\Downloads\Kimi_Agent_CombatTournamentPlatform_ исправления\combat_platform\venv\Lib\site-packages\django\core\handlers\exception.py", line 55, in inner
    response = get_response(request)
  File "C:\Users\User\Downloads\Kimi_Agent_CombatTournamentPlatform_ исправления\combat_platform\venv\Lib\site-packages\django\core\handlers\base.py", line 197, in _get_response
    response = wrapped_callback(request, *callback_args, **callback_kwargs)
  File "C:\Users\User\Downloads\Kimi_Agent_CombatTournamentPlatform_ исправления\combat_platform\venv\Lib\site-packages\django\contrib\auth\decorators.py", line 23, in _wrapper_view
    return view_func(request, *args, **kwargs)
  File "C:\Users\User\Downloads\Kimi_Agent_CombatTournamentPlatform_ исправления\combat_platform\users\decorators.py", line 40, in _wrapped
    return view_func(request, *args, **kwargs)
  File "C:\Users\User\Downloads\Kimi_Agent_CombatTournamentPlatform_ исправления\combat_platform\tournaments\views\brackets.py", line 169, in manage_categories
    return render(request, 'tournaments/manage_categories.html', {
        'tournament': tournament,
        'categories': categories,
        'form': form,
    })
  File "C:\Users\User\Downloads\Kimi_Agent_CombatTournamentPlatform_ исправления\combat_platform\venv\Lib\site-packages\django\shortcuts.py", line 25, in render
    content = loader.render_to_string(template_name, context, request, using=using)
  File "C:\Users\User\Downloads\Kimi_Agent_CombatTournamentPlatform_ исправления\combat_platform\venv\Lib\site-packages\django\template\loader.py", line 62, in render_to_string
    return template.render(context, request)
           ~~~~~~~~~~~~~~~^^^^^^^^^^^^^^^^^^
  File "C:\Users\User\Downloads\Kimi_Agent_CombatTournamentPlatform_ исправления\combat_platform\venv\Lib\site-packages\django\template\backends\django.py", line 61, in render
    return self.template.render(context)
           ~~~~~~~~~~~~~~~~~~~~^^^^^^^^^
  File "C:\Users\User\Downloads\Kimi_Agent_CombatTournamentPlatform_ исправления\combat_platform\venv\Lib\site-packages\django\template\base.py", line 171, in render
    return self._render(context)
           ~~~~~~~~~~~~^^^^^^^^^
  File "C:\Users\User\Downloads\Kimi_Agent_CombatTournamentPlatform_ исправления\combat_platform\venv\Lib\site-packages\django\template\base.py", line 163, in _render
    return self.nodelist.render(context)
           ~~~~~~~~~~~~~~~~~~~~^^^^^^^^^
  File "C:\Users\User\Downloads\Kimi_Agent_CombatTournamentPlatform_ исправления\combat_platform\venv\Lib\site-packages\django\template\base.py", line 1000, in render
    return SafeString("".join([node.render_annotated(context) for node in self]))
                               ~~~~~~~~~~~~~~~~~~~~~^^^^^^^^^
  File "C:\Users\User\Downloads\Kimi_Agent_CombatTournamentPlatform_ исправления\combat_platform\venv\Lib\site-packages\django\template\base.py", line 961, in render_annotated
    return self.render(context)
           ~~~~~~~~~~~^^^^^^^^^
  File "C:\Users\User\Downloads\Kimi_Agent_CombatTournamentPlatform_ исправления\combat_platform\venv\Lib\site-packages\django\template\loader_tags.py", line 159, in render
    return compiled_parent._render(context)
           ~~~~~~~~~~~~~~~~~~~~~~~^^^^^^^^^
  File "C:\Users\User\Downloads\Kimi_Agent_CombatTournamentPlatform_ исправления\combat_platform\venv\Lib\site-packages\django\template\base.py", line 163, in _render
    return self.nodelist.render(context)
           ~~~~~~~~~~~~~~~~~~~~^^^^^^^^^
  File "C:\Users\User\Downloads\Kimi_Agent_CombatTournamentPlatform_ исправления\combat_platform\venv\Lib\site-packages\django\template\base.py", line 1000, in render
    return SafeString("".join([node.render_annotated(context) for node in self]))
                               ~~~~~~~~~~~~~~~~~~~~~^^^^^^^^^
  File "C:\Users\User\Downloads\Kimi_Agent_CombatTournamentPlatform_ исправления\combat_platform\venv\Lib\site-packages\django\template\base.py", line 961, in render_annotated
    return self.render(context)
           ~~~~~~~~~~~^^^^^^^^^
  File "C:\Users\User\Downloads\Kimi_Agent_CombatTournamentPlatform_ исправления\combat_platform\venv\Lib\site-packages\django\template\loader_tags.py", line 65, in render
    result = block.nodelist.render(context)
  File "C:\Users\User\Downloads\Kimi_Agent_CombatTournamentPlatform_ исправления\combat_platform\venv\Lib\site-packages\django\template\base.py", line 1000, in render
    return SafeString("".join([node.render_annotated(context) for node in self]))
                               ~~~~~~~~~~~~~~~~~~~~~^^^^^^^^^
  File "C:\Users\User\Downloads\Kimi_Agent_CombatTournamentPlatform_ исправления\combat_platform\venv\Lib\site-packages\django\template\base.py", line 961, in render_annotated
    return self.render(context)
           ~~~~~~~~~~~^^^^^^^^^
  File "C:\Users\User\Downloads\Kimi_Agent_CombatTournamentPlatform_ исправления\combat_platform\venv\Lib\site-packages\django\template\defaulttags.py", line 198, in render
    len_values = len(values)
  File "C:\Users\User\Downloads\Kimi_Agent_CombatTournamentPlatform_ исправления\combat_platform\venv\Lib\site-packages\django\db\models\query.py", line 382, in __len__
    self._fetch_all()
    ~~~~~~~~~~~~~~~^^
  File "C:\Users\User\Downloads\Kimi_Agent_CombatTournamentPlatform_ исправления\combat_platform\venv\Lib\site-packages\django\db\models\query.py", line 1928, in _fetch_all
    self._result_cache = list(self._iterable_class(self))
                         ~~~~^^^^^^^^^^^^^^^^^^^^^^^^^^^^
  File "C:\Users\User\Downloads\Kimi_Agent_CombatTournamentPlatform_ исправления\combat_platform\venv\Lib\site-packages\django\db\models\query.py", line 131, in __iter__
    setattr(obj, attr_name, row[col_pos])
    ~~~~~~~^^^^^^^^^^^^^^^^^^^^^^^^^^^^^^
AttributeError: property 'participant_count' of 'AgeWeightCategory' object has no setter
[2026-06-17 12:33:37,745] ERROR django.server "GET /tournaments/2/categories/ HTTP/1.1" 500 176454
[2026-06-17 12:46:36,775] INFO django.utils.autoreload Watching for file changes with StatReloader
[2026-06-17 12:46:37,756] INFO django.server "GET / HTTP/1.1" 200 12349
[2026-06-17 12:46:38,777] INFO django.server "GET /tournaments/ HTTP/1.1" 200 10961
[2026-06-17 12:46:39,669] INFO django.server "GET /tournaments/2/ HTTP/1.1" 200 11863
[2026-06-17 12:46:42,822] INFO django.server "GET /tournaments/2/categories/ HTTP/1.1" 200 11439
[2026-06-17 12:47:01,219] INFO django.server "POST /tournaments/2/categories/ HTTP/1.1" 302 0
[2026-06-17 12:47:01,233] INFO django.server "GET /tournaments/2/categories/ HTTP/1.1" 200 12956
[2026-06-17 12:51:14,854] INFO django.utils.autoreload Watching for file changes with StatReloader
[2026-06-17 12:51:23,040] INFO django.server "GET / HTTP/1.1" 200 12349
[2026-06-17 12:51:24,465] INFO django.server "GET /tournaments/fighters/ HTTP/1.1" 200 13133
[2026-06-17 12:51:25,753] INFO django.server "GET /tournaments/ HTTP/1.1" 200 10961
[2026-06-17 12:51:27,029] INFO django.server "GET /tournaments/2/ HTTP/1.1" 200 12373
[2026-06-17 12:51:28,686] INFO django.server "GET /tournaments/2/categories/ HTTP/1.1" 200 21947
[2026-06-17 12:51:48,429] INFO django.server "POST /tournaments/2/categories/ HTTP/1.1" 302 0
[2026-06-17 12:51:48,443] INFO django.server "GET /tournaments/2/categories/ HTTP/1.1" 200 22302
[2026-06-17 12:52:02,275] INFO django.server "GET /tournaments/fighters/ HTTP/1.1" 200 13133
[2026-06-17 12:52:03,610] INFO django.server "GET /tournaments/fighters/3/ HTTP/1.1" 200 8641
[2026-06-17 12:52:05,738] INFO django.server "GET /tournaments/ HTTP/1.1" 200 10961
[2026-06-17 12:52:08,052] INFO django.server "GET /tournaments/1/ HTTP/1.1" 200 10708
[2026-06-17 13:07:01,431] INFO django.utils.autoreload Watching for file changes with StatReloader
[2026-06-17 13:07:02,451] INFO django.server "GET / HTTP/1.1" 200 12504
[2026-06-17 13:07:05,753] INFO django.server "GET /tournaments/ HTTP/1.1" 200 11116
[2026-06-17 13:07:06,821] INFO django.server "GET /tournaments/2/ HTTP/1.1" 200 12529
[2026-06-17 13:07:08,513] INFO django.server "GET /tournaments/participants/?tournament=2 HTTP/1.1" 200 25180
[2026-06-17 13:07:16,027] INFO django.server "POST /tournaments/registration/2/update/ HTTP/1.1" 302 0
[2026-06-17 13:07:16,042] INFO django.server "GET /tournaments/participants/?tournament=2 HTTP/1.1" 200 25558
[2026-06-17 13:07:18,558] INFO tournaments Распределение по категориям: 2 успешно, 0 пропущено, 0 не удалось
[2026-06-17 13:07:18,559] INFO django.server "GET /tournaments/2/auto-assign/ HTTP/1.1" 302 0
[2026-06-17 13:07:18,573] INFO django.server "GET /tournaments/participants/?tournament=2 HTTP/1.1" 200 25518
[2026-06-17 13:07:21,740] INFO tournaments Распределение по категориям: 0 успешно, 2 пропущено, 0 не удалось
[2026-06-17 13:07:21,741] INFO django.server "GET /tournaments/2/auto-assign/ HTTP/1.1" 302 0
[2026-06-17 13:07:21,755] INFO django.server "GET /tournaments/participants/?tournament=2 HTTP/1.1" 200 25526
[2026-06-17 13:07:23,589] INFO tournaments Распределение по категориям: 0 успешно, 2 пропущено, 0 не удалось
[2026-06-17 13:07:23,589] INFO django.server "GET /tournaments/2/auto-assign/ HTTP/1.1" 302 0
[2026-06-17 13:07:23,602] INFO django.server "GET /tournaments/participants/?tournament=2 HTTP/1.1" 200 25526
[2026-06-17 13:08:59,277] INFO django.server "GET /tournaments/ HTTP/1.1" 200 11116
[2026-06-17 13:09:00,677] INFO django.server "GET /tournaments/2/ HTTP/1.1" 200 12529
[2026-06-17 13:09:03,648] INFO django.server "GET /tournaments/2/brackets/generate/ HTTP/1.1" 302 0
[2026-06-17 13:09:03,661] INFO django.server "GET /tournaments/2/ HTTP/1.1" 200 14216
[2026-06-17 13:09:05,572] INFO django.server "GET /tournaments/2/bracket/2/ HTTP/1.1" 200 7189
[2026-06-17 13:09:11,778] INFO django.server "GET /tournaments/2/bracket/2/ HTTP/1.1" 200 7189
[2026-06-17 13:10:25,624] INFO django.server "GET /tournaments/2/bracket/2/ HTTP/1.1" 200 7189
[2026-06-17 13:11:40,356] INFO django.server "GET /tournaments/2/fights/ HTTP/1.1" 200 12086
[2026-06-17 13:11:43,879] INFO django.server "GET /tournaments/2/fight/3/assign-judge/ HTTP/1.1" 200 7829
[2026-06-17 13:11:50,706] INFO django.server "GET /tournaments/2/fight/3/assign-judge/ HTTP/1.1" 200 7829
[2026-06-17 13:11:53,451] INFO tournaments Судья Иван Судьин (main) назначен на бой #3
[2026-06-17 13:11:53,452] INFO django.server "POST /tournaments/2/fight/3/assign-judge/ HTTP/1.1" 302 0
[2026-06-17 13:11:53,466] INFO django.server "GET /tournaments/2/fights/ HTTP/1.1" 200 12435
[2026-06-17 13:11:56,905] INFO django.server "GET /users/logout/ HTTP/1.1" 302 0
[2026-06-17 13:11:56,915] INFO django.server "GET / HTTP/1.1" 200 10683
[2026-06-17 13:11:58,293] INFO django.server "GET /users/login/ HTTP/1.1" 200 5365
[2026-06-17 13:12:02,906] INFO django.server "POST /users/login/ HTTP/1.1" 302 0
[2026-06-17 13:12:02,916] INFO django.server "GET /dashboard/ HTTP/1.1" 200 8854
[2026-06-17 13:12:06,632] INFO django.server "GET /tournaments/ HTTP/1.1" 200 10174
[2026-06-17 13:12:08,249] INFO django.server "GET /tournaments/2/ HTTP/1.1" 200 10483
[2026-06-17 13:12:10,043] WARNING django.request Forbidden: /tournaments/2/fights/
[2026-06-17 13:12:10,043] WARNING django.server "GET /tournaments/2/fights/ HTTP/1.1" 403 90
[2026-06-17 13:18:24,572] INFO django.utils.autoreload C:\Users\User\Downloads\Kimi_Agent_CombatTournamentPlatform_ исправления\combat_platform\tournaments\services\bracket_service.py changed, reloading.
[2026-06-17 13:18:25,101] INFO django.utils.autoreload Watching for file changes with StatReloader
[2026-06-17 13:18:44,869] INFO django.utils.autoreload C:\Users\User\Downloads\Kimi_Agent_CombatTournamentPlatform_ исправления\combat_platform\tournaments\services\fight_service.py changed, reloading.
[2026-06-17 13:18:45,355] INFO django.utils.autoreload Watching for file changes with StatReloader
[2026-06-17 13:19:05,150] INFO django.utils.autoreload Watching for file changes with StatReloader
[2026-06-17 13:19:06,165] INFO django.server "GET / HTTP/1.1" 200 11562
[2026-06-17 13:19:09,720] INFO django.server "GET / HTTP/1.1" 200 11562
[2026-06-17 13:19:11,619] INFO django.server "GET / HTTP/1.1" 200 11562
[2026-06-17 13:19:12,424] INFO django.server "GET /tournaments/ HTTP/1.1" 200 10174
[2026-06-17 13:19:13,596] INFO django.server "GET / HTTP/1.1" 200 11562
[2026-06-17 13:19:14,602] INFO django.server "GET /tournaments/ HTTP/1.1" 200 10174
[2026-06-17 13:19:15,719] INFO django.server "GET /tournaments/2/ HTTP/1.1" 200 10483
[2026-06-17 13:19:17,270] INFO django.server "GET /tournaments/2/bracket/2/ HTTP/1.1" 200 5963
[2026-06-17 13:20:07,846] INFO django.server "GET /tournaments/ HTTP/1.1" 200 10174
[2026-06-17 13:20:09,388] INFO django.server "GET /tournaments/1/ HTTP/1.1" 200 8234
[2026-06-17 13:20:11,463] WARNING django.request Forbidden: /tournaments/1/fights/
[2026-06-17 13:20:11,464] WARNING django.server "GET /tournaments/1/fights/ HTTP/1.1" 403 90
[2026-06-17 13:20:13,834] INFO django.server "GET /tournaments/fighters/ HTTP/1.1" 200 12346
[2026-06-17 13:20:15,018] INFO django.server "GET /tournaments/ HTTP/1.1" 200 10174
[2026-06-17 13:20:16,084] INFO django.server "GET /tournaments/2/ HTTP/1.1" 200 10483
[2026-06-17 13:20:16,933] WARNING django.request Forbidden: /tournaments/2/fights/
[2026-06-17 13:20:16,934] WARNING django.server "GET /tournaments/2/fights/ HTTP/1.1" 403 90
[2026-06-17 13:20:22,898] INFO django.server "GET /users/logout/ HTTP/1.1" 302 0
[2026-06-17 13:20:22,907] INFO django.server "GET / HTTP/1.1" 200 10683
[2026-06-17 13:20:23,645] INFO django.server "GET /users/login/ HTTP/1.1" 200 5365
[2026-06-17 13:20:30,981] INFO django.server "POST /users/login/ HTTP/1.1" 302 0
[2026-06-17 13:20:30,992] INFO django.server "GET /dashboard/ HTTP/1.1" 200 10184
[2026-06-17 13:20:32,592] INFO django.server "GET /tournaments/ HTTP/1.1" 200 11116
[2026-06-17 13:20:33,399] INFO django.server "GET /tournaments/fighters/ HTTP/1.1" 200 13288
[2026-06-17 13:20:33,992] INFO django.server "GET /tournaments/ HTTP/1.1" 200 11116
[2026-06-17 13:20:34,755] INFO django.server "GET /tournaments/2/ HTTP/1.1" 200 13112
[2026-06-17 13:20:35,764] INFO django.server "GET /tournaments/2/fights/ HTTP/1.1" 200 12086
[2026-06-17 13:20:37,945] INFO django.server "GET /tournaments/2/fight/3/assign-judge/ HTTP/1.1" 200 7829
[2026-06-17 13:20:42,193] INFO tournaments Судья Иван Судьин (main) назначен на бой #3
[2026-06-17 13:20:42,193] INFO django.server "POST /tournaments/2/fight/3/assign-judge/ HTTP/1.1" 302 0
[2026-06-17 13:20:42,209] INFO django.server "GET /tournaments/2/fights/ HTTP/1.1" 200 12435
[2026-06-17 13:20:48,489] INFO django.server "GET /tournaments/2/bracket/2/ HTTP/1.1" 200 7189
[2026-06-17 13:20:50,091] INFO django.server "GET /tournaments/2/brackets/advance/ HTTP/1.1" 302 0
[2026-06-17 13:20:50,103] INFO django.server "GET /tournaments/2/ HTTP/1.1" 200 13807
[2026-06-17 21:21:32,731] INFO django.utils.autoreload Watching for file changes with StatReloader
[2026-06-17 21:21:35,044] INFO django.server "GET / HTTP/1.1" 200 12504
[2026-06-17 21:21:35,185] INFO django.server "GET /static/css/style.css HTTP/1.1" 304 0
[2026-06-17 21:21:35,530] WARNING django.request Not Found: /favicon.ico
[2026-06-17 21:21:35,530] WARNING django.server "GET /favicon.ico HTTP/1.1" 404 3038
[2026-06-17 21:21:38,829] INFO django.server "GET /admin/ HTTP/1.1" 200 13412
[2026-06-17 21:21:38,845] INFO django.server "GET /static/admin/css/base.css HTTP/1.1" 304 0
[2026-06-17 21:21:38,858] INFO django.server "GET /static/admin/css/dark_mode.css HTTP/1.1" 304 0
[2026-06-17 21:21:38,859] INFO django.server "GET /static/admin/css/nav_sidebar.css HTTP/1.1" 304 0
[2026-06-17 21:21:38,860] INFO django.server "GET /static/admin/css/dashboard.css HTTP/1.1" 304 0
[2026-06-17 21:21:38,860] INFO django.server "GET /static/admin/css/responsive.css HTTP/1.1" 304 0
[2026-06-17 21:21:38,862] INFO django.server "GET /static/admin/js/nav_sidebar.js HTTP/1.1" 304 0
[2026-06-17 21:21:38,862] INFO django.server "GET /static/admin/js/theme.js HTTP/1.1" 304 0
[2026-06-17 21:21:38,876] INFO django.server "GET /static/admin/img/icon-addlink.svg HTTP/1.1" 304 0
[2026-06-17 21:21:38,876] INFO django.server "GET /static/admin/img/icon-changelink.svg HTTP/1.1" 304 0
[2026-06-17 21:21:42,922] INFO django.server "GET /admin/tournaments/bracket/ HTTP/1.1" 200 17249
[2026-06-17 21:21:42,942] INFO django.server "GET /static/admin/css/changelists.css HTTP/1.1" 304 0
[2026-06-17 21:21:42,948] INFO django.server "GET /static/admin/js/jquery.init.js HTTP/1.1" 304 0
[2026-06-17 21:21:42,948] INFO django.server "GET /static/admin/js/vendor/jquery/jquery.js HTTP/1.1" 304 0
[2026-06-17 21:21:42,951] INFO django.server "GET /static/admin/js/admin/RelatedObjectLookups.js HTTP/1.1" 304 0
[2026-06-17 21:21:42,951] INFO django.server "GET /static/admin/js/core.js HTTP/1.1" 304 0
[2026-06-17 21:21:42,951] INFO django.server "GET /static/admin/js/actions.js HTTP/1.1" 304 0
[2026-06-17 21:21:42,952] INFO django.server "GET /static/admin/js/urlify.js HTTP/1.1" 304 0
[2026-06-17 21:21:42,952] INFO django.server "GET /static/admin/js/prepopulate.js HTTP/1.1" 304 0
[2026-06-17 21:21:42,978] INFO django.server "GET /admin/jsi18n/ HTTP/1.1" 200 17546
[2026-06-17 21:21:42,996] INFO django.server "GET /static/admin/js/vendor/xregexp/xregexp.js HTTP/1.1" 304 0
[2026-06-17 21:21:43,074] INFO django.server "GET /static/admin/js/filters.js HTTP/1.1" 304 0
[2026-06-17 21:21:43,096] INFO django.server "GET /static/admin/img/tooltag-add.svg HTTP/1.1" 304 0
[2026-06-17 21:21:43,097] INFO django.server "GET /static/admin/img/icon-viewlink.svg HTTP/1.1" 304 0
[2026-06-17 21:21:47,527] INFO django.server "GET /admin/tournaments/bracket/2/change/ HTTP/1.1" 200 25542
[2026-06-17 21:21:47,548] INFO django.server "GET /static/admin/css/forms.css HTTP/1.1" 304 0
[2026-06-17 21:21:47,552] INFO django.server "GET /static/admin/css/widgets.css HTTP/1.1" 304 0
[2026-06-17 21:21:47,553] INFO django.server "GET /static/admin/js/calendar.js HTTP/1.1" 304 0
[2026-06-17 21:21:47,553] INFO django.server "GET /static/admin/js/admin/DateTimeShortcuts.js HTTP/1.1" 304 0
[2026-06-17 21:21:47,555] INFO django.server "GET /admin/jsi18n/ HTTP/1.1" 200 17546
[2026-06-17 21:21:47,571] INFO django.server "GET /static/admin/js/prepopulate_init.js HTTP/1.1" 304 0
[2026-06-17 21:21:47,588] INFO django.server "GET /static/admin/js/change_form.js HTTP/1.1" 304 0
[2026-06-17 21:21:47,645] INFO django.server "GET /static/admin/img/icon-deletelink.svg HTTP/1.1" 200 392
[2026-06-17 21:21:47,651] INFO django.server "GET /static/admin/img/icon-calendar.svg HTTP/1.1" 304 0
[2026-06-17 21:21:47,651] INFO django.server "GET /static/admin/img/icon-clock.svg HTTP/1.1" 304 0
[2026-06-17 21:21:51,645] INFO django.server "GET /admin/tournaments/bracket/ HTTP/1.1" 200 17249
[2026-06-17 21:21:54,475] INFO django.server "POST /admin/tournaments/bracket/ HTTP/1.1" 200 12339
[2026-06-17 21:21:54,511] INFO django.server "GET /static/admin/js/cancel.js HTTP/1.1" 200 884
[2026-06-17 21:21:55,558] INFO django.server "POST /admin/tournaments/bracket/ HTTP/1.1" 302 0
[2026-06-17 21:21:55,572] INFO django.server "GET /admin/tournaments/bracket/ HTTP/1.1" 200 16710
[2026-06-17 21:21:55,595] INFO django.server "GET /admin/jsi18n/ HTTP/1.1" 200 17546
[2026-06-17 21:21:55,608] INFO django.server "GET /static/admin/img/icon-yes.svg HTTP/1.1" 304 0
[2026-06-17 21:21:57,148] INFO django.server "POST /admin/logout/ HTTP/1.1" 302 0
[2026-06-17 21:21:57,204] INFO django.server "GET /users/login/ HTTP/1.1" 200 5365
[2026-06-17 21:21:58,285] INFO django.server "GET /users/login/ HTTP/1.1" 200 5365
[2026-06-17 21:22:01,740] INFO django.server "POST /users/login/ HTTP/1.1" 302 0
[2026-06-17 21:22:01,759] INFO django.server "GET /dashboard/ HTTP/1.1" 200 8854
[2026-06-17 21:22:04,083] INFO django.server "GET /tournaments/ HTTP/1.1" 200 10174
[2026-06-17 21:22:06,281] INFO django.server "GET /users/logout/ HTTP/1.1" 302 0
[2026-06-17 21:22:06,289] INFO django.server "GET / HTTP/1.1" 200 10683
[2026-06-17 21:22:07,764] INFO django.server "GET /users/login/ HTTP/1.1" 200 5365
[2026-06-17 21:22:19,815] INFO django.server "POST /users/login/ HTTP/1.1" 302 0
[2026-06-17 21:22:19,826] INFO django.server "GET /dashboard/ HTTP/1.1" 200 10184
[2026-06-17 21:22:27,574] INFO django.server "GET /tournaments/ HTTP/1.1" 200 11116
[2026-06-17 21:22:28,413] INFO django.server "GET /tournaments/fighters/ HTTP/1.1" 200 13288
[2026-06-17 21:22:31,990] INFO django.server "GET /tournaments/ HTTP/1.1" 200 11116
[2026-06-17 21:22:33,197] INFO django.server "GET /tournaments/2/ HTTP/1.1" 200 12529
[2026-06-17 21:22:37,559] INFO django.server "GET /tournaments/2/brackets/generate/ HTTP/1.1" 302 0
[2026-06-17 21:22:37,572] INFO django.server "GET /tournaments/2/ HTTP/1.1" 200 14216
[2026-06-17 21:22:39,489] INFO django.server "GET /tournaments/2/bracket/3/ HTTP/1.1" 200 9280
[2026-06-17 21:22:46,232] INFO django.server "GET /tournaments/2/register/ HTTP/1.1" 302 0
[2026-06-17 21:22:46,247] INFO django.server "GET /tournaments/2/ HTTP/1.1" 200 13535
[2026-06-17 21:22:47,124] INFO django.server "GET /tournaments/2/fights/ HTTP/1.1" 200 13871
[2026-06-17 21:22:55,687] INFO tournaments Бой #4 начат
[2026-06-17 21:22:55,688] INFO django.server "POST /tournaments/2/fight/4/update/ HTTP/1.1" 302 0
[2026-06-17 21:22:55,704] INFO django.server "GET /tournaments/2/fights/ HTTP/1.1" 200 13670
[2026-06-17 21:22:58,602] INFO django.server "GET /tournaments/2/fight/3/assign-judge/ HTTP/1.1" 200 7829
[2026-06-17 21:23:00,968] INFO tournaments Судья Иван Судьин (main) назначен на бой #3
[2026-06-17 21:23:00,969] INFO django.server "POST /tournaments/2/fight/3/assign-judge/ HTTP/1.1" 302 0
[2026-06-17 21:23:00,984] INFO django.server "GET /tournaments/2/fights/ HTTP/1.1" 200 13680
[2026-06-17 21:23:03,377] INFO django.server "GET /users/logout/ HTTP/1.1" 302 0
[2026-06-17 21:23:03,386] INFO django.server "GET / HTTP/1.1" 200 10683
[2026-06-17 21:23:04,268] INFO django.server "GET /users/login/ HTTP/1.1" 200 5365
[2026-06-17 21:23:06,467] INFO django.server "POST /users/login/ HTTP/1.1" 302 0
[2026-06-17 21:23:06,475] INFO django.server "GET /dashboard/ HTTP/1.1" 200 8854
[2026-06-17 21:23:07,039] INFO django.server "GET /tournaments/ HTTP/1.1" 200 10174
[2026-06-17 21:23:08,514] INFO django.server "GET /tournaments/2/ HTTP/1.1" 200 10484
[2026-06-17 21:23:09,658] INFO django.server "GET /tournaments/2/bracket/3/ HTTP/1.1" 200 8056
[2026-06-17 21:23:12,459] WARNING django.request Forbidden: /tournaments/2/fights/
[2026-06-17 21:23:12,459] WARNING django.server "GET /tournaments/2/fights/ HTTP/1.1" 403 90
[2026-06-17 21:23:46,526] WARNING django.request Forbidden: /tournaments/2/fights/
[2026-06-17 21:23:46,527] WARNING django.server "GET /tournaments/2/fights/ HTTP/1.1" 403 90
[2026-06-17 21:27:31,624] INFO django.utils.autoreload C:\Users\User\Downloads\Kimi_Agent_CombatTournamentPlatform_ исправления\combat_platform\users\decorators.py changed, reloading.
[2026-06-17 21:27:32,152] INFO django.utils.autoreload Watching for file changes with StatReloader
[2026-06-17 21:27:35,439] INFO django.utils.autoreload Watching for file changes with StatReloader
[2026-06-17 21:27:36,570] INFO django.server "GET / HTTP/1.1" 200 11562
[2026-06-17 21:27:38,085] INFO django.server "GET /tournaments/ HTTP/1.1" 200 10174
[2026-06-17 21:27:39,253] INFO django.server "GET /tournaments/2/ HTTP/1.1" 200 10484
[2026-06-17 21:27:40,076] WARNING django.request Forbidden: /tournaments/2/fights/
[2026-06-17 21:27:40,076] WARNING django.server "GET /tournaments/2/fights/ HTTP/1.1" 403 90
[2026-06-17 21:28:42,142] INFO django.server "GET /tournaments/judge/dashboard/ HTTP/1.1" 200 8849
[2026-06-17 21:28:44,225] ERROR django.request Internal Server Error: /tournaments/judge/fight/3/panel/
Traceback (most recent call last):
  File "C:\Users\User\Downloads\Kimi_Agent_CombatTournamentPlatform_ исправления\combat_platform\venv\Lib\site-packages\django\core\handlers\exception.py", line 55, in inner
    response = get_response(request)
  File "C:\Users\User\Downloads\Kimi_Agent_CombatTournamentPlatform_ исправления\combat_platform\venv\Lib\site-packages\django\core\handlers\base.py", line 197, in _get_response
    response = wrapped_callback(request, *callback_args, **callback_kwargs)
  File "C:\Users\User\Downloads\Kimi_Agent_CombatTournamentPlatform_ исправления\combat_platform\venv\Lib\site-packages\django\contrib\auth\decorators.py", line 23, in _wrapper_view
    return view_func(request, *args, **kwargs)
  File "C:\Users\User\Downloads\Kimi_Agent_CombatTournamentPlatform_ исправления\combat_platform\users\decorators.py", line 64, in _wrapped
    return view_func(request, *args, **kwargs)
  File "C:\Users\User\Downloads\Kimi_Agent_CombatTournamentPlatform_ исправления\combat_platform\tournaments\views\judges.py", line 104, in judge_fight_panel
    form = FightResultForm(instance=fight)
           ^^^^^^^^^^^^^^^
NameError: name 'FightResultForm' is not defined
[2026-06-17 21:28:44,227] ERROR django.server "GET /tournaments/judge/fight/3/panel/ HTTP/1.1" 500 80805
[2026-06-17 21:29:10,303] ERROR django.request Internal Server Error: /tournaments/judge/fight/3/panel/
Traceback (most recent call last):
  File "C:\Users\User\Downloads\Kimi_Agent_CombatTournamentPlatform_ исправления\combat_platform\venv\Lib\site-packages\django\core\handlers\exception.py", line 55, in inner
    response = get_response(request)
  File "C:\Users\User\Downloads\Kimi_Agent_CombatTournamentPlatform_ исправления\combat_platform\venv\Lib\site-packages\django\core\handlers\base.py", line 197, in _get_response
    response = wrapped_callback(request, *callback_args, **callback_kwargs)
  File "C:\Users\User\Downloads\Kimi_Agent_CombatTournamentPlatform_ исправления\combat_platform\venv\Lib\site-packages\django\contrib\auth\decorators.py", line 23, in _wrapper_view
    return view_func(request, *args, **kwargs)
  File "C:\Users\User\Downloads\Kimi_Agent_CombatTournamentPlatform_ исправления\combat_platform\users\decorators.py", line 64, in _wrapped
    return view_func(request, *args, **kwargs)
  File "C:\Users\User\Downloads\Kimi_Agent_CombatTournamentPlatform_ исправления\combat_platform\tournaments\views\judges.py", line 104, in judge_fight_panel
    form = FightResultForm(instance=fight)
           ^^^^^^^^^^^^^^^
NameError: name 'FightResultForm' is not defined
[2026-06-17 21:29:10,305] ERROR django.server "GET /tournaments/judge/fight/3/panel/ HTTP/1.1" 500 80806
[2026-06-17 21:29:22,291] INFO django.server "GET /tournaments/judge/my-fights/ HTTP/1.1" 200 7400
[2026-06-17 21:30:57,239] INFO django.server "GET /tournaments/judge/fight/1/panel HTTP/1.1" 301 0
[2026-06-17 21:30:57,284] ERROR django.request Internal Server Error: /tournaments/judge/fight/1/panel/
Traceback (most recent call last):
  File "C:\Users\User\Downloads\Kimi_Agent_CombatTournamentPlatform_ исправления\combat_platform\venv\Lib\site-packages\django\core\handlers\exception.py", line 55, in inner
    response = get_response(request)
  File "C:\Users\User\Downloads\Kimi_Agent_CombatTournamentPlatform_ исправления\combat_platform\venv\Lib\site-packages\django\core\handlers\base.py", line 197, in _get_response
    response = wrapped_callback(request, *callback_args, **callback_kwargs)
  File "C:\Users\User\Downloads\Kimi_Agent_CombatTournamentPlatform_ исправления\combat_platform\venv\Lib\site-packages\django\contrib\auth\decorators.py", line 23, in _wrapper_view
    return view_func(request, *args, **kwargs)
  File "C:\Users\User\Downloads\Kimi_Agent_CombatTournamentPlatform_ исправления\combat_platform\users\decorators.py", line 64, in _wrapped
    return view_func(request, *args, **kwargs)
  File "C:\Users\User\Downloads\Kimi_Agent_CombatTournamentPlatform_ исправления\combat_platform\tournaments\views\judges.py", line 104, in judge_fight_panel
    form = FightResultForm(instance=fight)
           ^^^^^^^^^^^^^^^
NameError: name 'FightResultForm' is not defined
[2026-06-17 21:30:57,286] ERROR django.server "GET /tournaments/judge/fight/1/panel/ HTTP/1.1" 500 80627
[2026-06-17 21:35:56,285] INFO django.utils.autoreload Watching for file changes with StatReloader
[2026-06-17 21:35:57,304] INFO django.server "GET / HTTP/1.1" 200 11562
[2026-06-17 21:35:58,867] INFO django.server "GET /tournaments/fighters/ HTTP/1.1" 200 12346
[2026-06-17 21:35:59,474] INFO django.server "GET /tournaments/ HTTP/1.1" 200 10174
[2026-06-17 21:36:00,389] INFO django.server "GET /tournaments/2/ HTTP/1.1" 200 10484
[2026-06-17 21:36:01,460] WARNING django.request Forbidden: /tournaments/2/fights/
[2026-06-17 21:36:01,460] WARNING django.server "GET /tournaments/2/fights/ HTTP/1.1" 403 90
[2026-06-17 21:39:38,453] INFO django.utils.autoreload C:\Users\User\Downloads\Kimi_Agent_CombatTournamentPlatform_ исправления\combat_platform\users\decorators.py changed, reloading.
[2026-06-17 21:39:38,973] INFO django.utils.autoreload Watching for file changes with StatReloader
[2026-06-17 21:40:02,771] INFO django.utils.autoreload C:\Users\User\Downloads\Kimi_Agent_CombatTournamentPlatform_ исправления\combat_platform\tournaments\views\fights.py changed, reloading.
[2026-06-17 21:40:05,265] INFO django.utils.autoreload Watching for file changes with StatReloader
[2026-06-17 21:40:06,646] INFO django.server "GET / HTTP/1.1" 200 11562
[2026-06-17 21:40:08,014] INFO django.server "GET /tournaments/ HTTP/1.1" 200 10174
[2026-06-17 21:40:09,505] INFO django.server "GET /tournaments/2/ HTTP/1.1" 200 10484
[2026-06-17 21:40:10,216] WARNING django.request Forbidden: /tournaments/2/fights/
[2026-06-17 21:40:10,216] WARNING django.server "GET /tournaments/2/fights/ HTTP/1.1" 403 108
[2026-06-17 21:40:13,160] INFO django.server "GET /tournaments/2/bracket/3/ HTTP/1.1" 200 8056
[2026-06-17 21:40:15,908] INFO django.server "GET /tournaments/judge/dashboard/ HTTP/1.1" 200 8849
[2026-06-17 21:40:17,146] ERROR django.request Internal Server Error: /tournaments/judge/fight/3/panel/
Traceback (most recent call last):
  File "C:\Users\User\Downloads\Kimi_Agent_CombatTournamentPlatform_ исправления\combat_platform\venv\Lib\site-packages\django\core\handlers\exception.py", line 55, in inner
    response = get_response(request)
  File "C:\Users\User\Downloads\Kimi_Agent_CombatTournamentPlatform_ исправления\combat_platform\venv\Lib\site-packages\django\core\handlers\base.py", line 197, in _get_response
    response = wrapped_callback(request, *callback_args, **callback_kwargs)
  File "C:\Users\User\Downloads\Kimi_Agent_CombatTournamentPlatform_ исправления\combat_platform\venv\Lib\site-packages\django\contrib\auth\decorators.py", line 23, in _wrapper_view
    return view_func(request, *args, **kwargs)
  File "C:\Users\User\Downloads\Kimi_Agent_CombatTournamentPlatform_ исправления\combat_platform\users\decorators.py", line 64, in _wrapped
    return view_func(request, *args, **kwargs)
  File "C:\Users\User\Downloads\Kimi_Agent_CombatTournamentPlatform_ исправления\combat_platform\tournaments\views\judges.py", line 105, in judge_fight_panel
    return render(request, 'tournaments/judge_fight_panel.html', {
        'fight': fight,
        'form': form,
        'timer_settings': timer_settings,
    })
  File "C:\Users\User\Downloads\Kimi_Agent_CombatTournamentPlatform_ исправления\combat_platform\venv\Lib\site-packages\django\shortcuts.py", line 25, in render
    content = loader.render_to_string(template_name, context, request, using=using)
  File "C:\Users\User\Downloads\Kimi_Agent_CombatTournamentPlatform_ исправления\combat_platform\venv\Lib\site-packages\django\template\loader.py", line 61, in render_to_string
    template = get_template(template_name, using=using)
  File "C:\Users\User\Downloads\Kimi_Agent_CombatTournamentPlatform_ исправления\combat_platform\venv\Lib\site-packages\django\template\loader.py", line 15, in get_template
    return engine.get_template(template_name)
           ~~~~~~~~~~~~~~~~~~~^^^^^^^^^^^^^^^
  File "C:\Users\User\Downloads\Kimi_Agent_CombatTournamentPlatform_ исправления\combat_platform\venv\Lib\site-packages\django\template\backends\django.py", line 33, in get_template
    return Template(self.engine.get_template(template_name), self)
                    ~~~~~~~~~~~~~~~~~~~~~~~~^^^^^^^^^^^^^^^
  File "C:\Users\User\Downloads\Kimi_Agent_CombatTournamentPlatform_ исправления\combat_platform\venv\Lib\site-packages\django\template\engine.py", line 177, in get_template
    template, origin = self.find_template(template_name)
                       ~~~~~~~~~~~~~~~~~~^^^^^^^^^^^^^^^
  File "C:\Users\User\Downloads\Kimi_Agent_CombatTournamentPlatform_ исправления\combat_platform\venv\Lib\site-packages\django\template\engine.py", line 159, in find_template
    template = loader.get_template(name, skip=skip)
  File "C:\Users\User\Downloads\Kimi_Agent_CombatTournamentPlatform_ исправления\combat_platform\venv\Lib\site-packages\django\template\loaders\cached.py", line 57, in get_template
    template = super().get_template(template_name, skip)
  File "C:\Users\User\Downloads\Kimi_Agent_CombatTournamentPlatform_ исправления\combat_platform\venv\Lib\site-packages\django\template\loaders\base.py", line 28, in get_template
    return Template(
        contents,
    ...<2 lines>...
        self.engine,
    )
  File "C:\Users\User\Downloads\Kimi_Agent_CombatTournamentPlatform_ исправления\combat_platform\venv\Lib\site-packages\django\template\base.py", line 154, in __init__
    self.nodelist = self.compile_nodelist()
                    ~~~~~~~~~~~~~~~~~~~~~^^
  File "C:\Users\User\Downloads\Kimi_Agent_CombatTournamentPlatform_ исправления\combat_platform\venv\Lib\site-packages\django\template\base.py", line 196, in compile_nodelist
    return parser.parse()
           ~~~~~~~~~~~~^^
  File "C:\Users\User\Downloads\Kimi_Agent_CombatTournamentPlatform_ исправления\combat_platform\venv\Lib\site-packages\django\template\base.py", line 510, in parse
    raise self.error(token, e)
  File "C:\Users\User\Downloads\Kimi_Agent_CombatTournamentPlatform_ исправления\combat_platform\venv\Lib\site-packages\django\template\base.py", line 508, in parse
    compiled_result = compile_func(self, token)
  File "C:\Users\User\Downloads\Kimi_Agent_CombatTournamentPlatform_ исправления\combat_platform\venv\Lib\site-packages\django\template\loader_tags.py", line 295, in do_extends
    nodelist = parser.parse()
  File "C:\Users\User\Downloads\Kimi_Agent_CombatTournamentPlatform_ исправления\combat_platform\venv\Lib\site-packages\django\template\base.py", line 510, in parse
    raise self.error(token, e)
  File "C:\Users\User\Downloads\Kimi_Agent_CombatTournamentPlatform_ исправления\combat_platform\venv\Lib\site-packages\django\template\base.py", line 508, in parse
    compiled_result = compile_func(self, token)
  File "C:\Users\User\Downloads\Kimi_Agent_CombatTournamentPlatform_ исправления\combat_platform\venv\Lib\site-packages\django\template\loader_tags.py", line 234, in do_block
    nodelist = parser.parse(("endblock",))
  File "C:\Users\User\Downloads\Kimi_Agent_CombatTournamentPlatform_ исправления\combat_platform\venv\Lib\site-packages\django\template\base.py", line 510, in parse
    raise self.error(token, e)
  File "C:\Users\User\Downloads\Kimi_Agent_CombatTournamentPlatform_ исправления\combat_platform\venv\Lib\site-packages\django\template\base.py", line 508, in parse
    compiled_result = compile_func(self, token)
  File "C:\Users\User\Downloads\Kimi_Agent_CombatTournamentPlatform_ исправления\combat_platform\venv\Lib\site-packages\django\template\defaulttags.py", line 961, in do_if
    nodelist = parser.parse(("elif", "else", "endif"))
  File "C:\Users\User\Downloads\Kimi_Agent_CombatTournamentPlatform_ исправления\combat_platform\venv\Lib\site-packages\django\template\base.py", line 481, in parse
    raise self.error(token, e)
  File "C:\Users\User\Downloads\Kimi_Agent_CombatTournamentPlatform_ исправления\combat_platform\venv\Lib\site-packages\django\template\base.py", line 479, in parse
    filter_expression = self.compile_filter(token.contents)
  File "C:\Users\User\Downloads\Kimi_Agent_CombatTournamentPlatform_ исправления\combat_platform\venv\Lib\site-packages\django\template\base.py", line 597, in compile_filter
    return FilterExpression(token, self)
  File "C:\Users\User\Downloads\Kimi_Agent_CombatTournamentPlatform_ исправления\combat_platform\venv\Lib\site-packages\django\template\base.py", line 693, in __init__
    filter_func = parser.find_filter(filter_name)
  File "C:\Users\User\Downloads\Kimi_Agent_CombatTournamentPlatform_ исправления\combat_platform\venv\Lib\site-packages\django\template\base.py", line 603, in find_filter
    raise TemplateSyntaxError("Invalid filter: '%s'" % filter_name)
django.template.exceptions.TemplateSyntaxError: Invalid filter: 'as_crispy_field'
[2026-06-17 21:40:17,153] ERROR django.server "GET /tournaments/judge/fight/3/panel/ HTTP/1.1" 500 247954
[2026-06-17 21:40:21,391] ERROR django.request Internal Server Error: /tournaments/judge/fight/3/panel/
Traceback (most recent call last):
  File "C:\Users\User\Downloads\Kimi_Agent_CombatTournamentPlatform_ исправления\combat_platform\venv\Lib\site-packages\django\core\handlers\exception.py", line 55, in inner
    response = get_response(request)
  File "C:\Users\User\Downloads\Kimi_Agent_CombatTournamentPlatform_ исправления\combat_platform\venv\Lib\site-packages\django\core\handlers\base.py", line 197, in _get_response
    response = wrapped_callback(request, *callback_args, **callback_kwargs)
  File "C:\Users\User\Downloads\Kimi_Agent_CombatTournamentPlatform_ исправления\combat_platform\venv\Lib\site-packages\django\contrib\auth\decorators.py", line 23, in _wrapper_view
    return view_func(request, *args, **kwargs)
  File "C:\Users\User\Downloads\Kimi_Agent_CombatTournamentPlatform_ исправления\combat_platform\users\decorators.py", line 64, in _wrapped
    return view_func(request, *args, **kwargs)
  File "C:\Users\User\Downloads\Kimi_Agent_CombatTournamentPlatform_ исправления\combat_platform\tournaments\views\judges.py", line 105, in judge_fight_panel
    return render(request, 'tournaments/judge_fight_panel.html', {
        'fight': fight,
        'form': form,
        'timer_settings': timer_settings,
    })
  File "C:\Users\User\Downloads\Kimi_Agent_CombatTournamentPlatform_ исправления\combat_platform\venv\Lib\site-packages\django\shortcuts.py", line 25, in render
    content = loader.render_to_string(template_name, context, request, using=using)
  File "C:\Users\User\Downloads\Kimi_Agent_CombatTournamentPlatform_ исправления\combat_platform\venv\Lib\site-packages\django\template\loader.py", line 61, in render_to_string
    template = get_template(template_name, using=using)
  File "C:\Users\User\Downloads\Kimi_Agent_CombatTournamentPlatform_ исправления\combat_platform\venv\Lib\site-packages\django\template\loader.py", line 15, in get_template
    return engine.get_template(template_name)
           ~~~~~~~~~~~~~~~~~~~^^^^^^^^^^^^^^^
  File "C:\Users\User\Downloads\Kimi_Agent_CombatTournamentPlatform_ исправления\combat_platform\venv\Lib\site-packages\django\template\backends\django.py", line 33, in get_template
    return Template(self.engine.get_template(template_name), self)
                    ~~~~~~~~~~~~~~~~~~~~~~~~^^^^^^^^^^^^^^^
  File "C:\Users\User\Downloads\Kimi_Agent_CombatTournamentPlatform_ исправления\combat_platform\venv\Lib\site-packages\django\template\engine.py", line 177, in get_template
    template, origin = self.find_template(template_name)
                       ~~~~~~~~~~~~~~~~~~^^^^^^^^^^^^^^^
  File "C:\Users\User\Downloads\Kimi_Agent_CombatTournamentPlatform_ исправления\combat_platform\venv\Lib\site-packages\django\template\engine.py", line 159, in find_template
    template = loader.get_template(name, skip=skip)
  File "C:\Users\User\Downloads\Kimi_Agent_CombatTournamentPlatform_ исправления\combat_platform\venv\Lib\site-packages\django\template\loaders\cached.py", line 57, in get_template
    template = super().get_template(template_name, skip)
  File "C:\Users\User\Downloads\Kimi_Agent_CombatTournamentPlatform_ исправления\combat_platform\venv\Lib\site-packages\django\template\loaders\base.py", line 28, in get_template
    return Template(
        contents,
    ...<2 lines>...
        self.engine,
    )
  File "C:\Users\User\Downloads\Kimi_Agent_CombatTournamentPlatform_ исправления\combat_platform\venv\Lib\site-packages\django\template\base.py", line 154, in __init__
    self.nodelist = self.compile_nodelist()
                    ~~~~~~~~~~~~~~~~~~~~~^^
  File "C:\Users\User\Downloads\Kimi_Agent_CombatTournamentPlatform_ исправления\combat_platform\venv\Lib\site-packages\django\template\base.py", line 196, in compile_nodelist
    return parser.parse()
           ~~~~~~~~~~~~^^
  File "C:\Users\User\Downloads\Kimi_Agent_CombatTournamentPlatform_ исправления\combat_platform\venv\Lib\site-packages\django\template\base.py", line 510, in parse
    raise self.error(token, e)
  File "C:\Users\User\Downloads\Kimi_Agent_CombatTournamentPlatform_ исправления\combat_platform\venv\Lib\site-packages\django\template\base.py", line 508, in parse
    compiled_result = compile_func(self, token)
  File "C:\Users\User\Downloads\Kimi_Agent_CombatTournamentPlatform_ исправления\combat_platform\venv\Lib\site-packages\django\template\loader_tags.py", line 295, in do_extends
    nodelist = parser.parse()
  File "C:\Users\User\Downloads\Kimi_Agent_CombatTournamentPlatform_ исправления\combat_platform\venv\Lib\site-packages\django\template\base.py", line 510, in parse
    raise self.error(token, e)
  File "C:\Users\User\Downloads\Kimi_Agent_CombatTournamentPlatform_ исправления\combat_platform\venv\Lib\site-packages\django\template\base.py", line 508, in parse
    compiled_result = compile_func(self, token)
  File "C:\Users\User\Downloads\Kimi_Agent_CombatTournamentPlatform_ исправления\combat_platform\venv\Lib\site-packages\django\template\loader_tags.py", line 234, in do_block
    nodelist = parser.parse(("endblock",))
  File "C:\Users\User\Downloads\Kimi_Agent_CombatTournamentPlatform_ исправления\combat_platform\venv\Lib\site-packages\django\template\base.py", line 510, in parse
    raise self.error(token, e)
  File "C:\Users\User\Downloads\Kimi_Agent_CombatTournamentPlatform_ исправления\combat_platform\venv\Lib\site-packages\django\template\base.py", line 508, in parse
    compiled_result = compile_func(self, token)
  File "C:\Users\User\Downloads\Kimi_Agent_CombatTournamentPlatform_ исправления\combat_platform\venv\Lib\site-packages\django\template\defaulttags.py", line 961, in do_if
    nodelist = parser.parse(("elif", "else", "endif"))
  File "C:\Users\User\Downloads\Kimi_Agent_CombatTournamentPlatform_ исправления\combat_platform\venv\Lib\site-packages\django\template\base.py", line 481, in parse
    raise self.error(token, e)
  File "C:\Users\User\Downloads\Kimi_Agent_CombatTournamentPlatform_ исправления\combat_platform\venv\Lib\site-packages\django\template\base.py", line 479, in parse
    filter_expression = self.compile_filter(token.contents)
  File "C:\Users\User\Downloads\Kimi_Agent_CombatTournamentPlatform_ исправления\combat_platform\venv\Lib\site-packages\django\template\base.py", line 597, in compile_filter
    return FilterExpression(token, self)
  File "C:\Users\User\Downloads\Kimi_Agent_CombatTournamentPlatform_ исправления\combat_platform\venv\Lib\site-packages\django\template\base.py", line 693, in __init__
    filter_func = parser.find_filter(filter_name)
  File "C:\Users\User\Downloads\Kimi_Agent_CombatTournamentPlatform_ исправления\combat_platform\venv\Lib\site-packages\django\template\base.py", line 603, in find_filter
    raise TemplateSyntaxError("Invalid filter: '%s'" % filter_name)
django.template.exceptions.TemplateSyntaxError: Invalid filter: 'as_crispy_field'
[2026-06-17 21:40:21,395] ERROR django.server "GET /tournaments/judge/fight/3/panel/ HTTP/1.1" 500 247954
[2026-06-17 21:41:53,256] INFO django.utils.autoreload Watching for file changes with StatReloader
[2026-06-17 21:41:54,291] INFO django.server "GET / HTTP/1.1" 200 11562
[2026-06-17 21:41:55,147] INFO django.server "GET /tournaments/judge/dashboard/ HTTP/1.1" 200 8849
[2026-06-17 21:41:56,288] INFO django.server "GET /tournaments/judge/fight/3/panel/ HTTP/1.1" 200 14338
[2026-06-17 21:45:28,485] INFO django.utils.autoreload Watching for file changes with StatReloader
[2026-06-17 21:45:55,479] INFO django.server "GET / HTTP/1.1" 200 11562
[2026-06-17 21:45:57,718] INFO django.server "GET /tournaments/judge/dashboard/ HTTP/1.1" 200 8849
[2026-06-17 21:45:58,781] INFO django.server "GET /tournaments/judge/fight/3/panel/ HTTP/1.1" 200 17389
[2026-06-17 21:45:59,925] INFO django.server "POST /tournaments/2/fight/3/timer/control/ HTTP/1.1" 200 37
[2026-06-17 21:46:01,101] INFO django.server "POST /tournaments/2/fight/3/timer/control/ HTTP/1.1" 200 37
[2026-06-17 21:46:05,596] INFO django.server "POST /tournaments/2/fight/3/timer/control/ HTTP/1.1" 200 37
[2026-06-17 21:46:06,244] INFO django.server "POST /tournaments/2/fight/3/timer/control/ HTTP/1.1" 200 37
[2026-06-18 11:45:50,521] INFO django.utils.autoreload Watching for file changes with StatReloader
[2026-06-18 11:45:52,105] INFO django.server "GET / HTTP/1.1" 200 11562
[2026-06-18 11:45:52,271] INFO django.server "GET /static/css/style.css HTTP/1.1" 200 762
[2026-06-18 11:46:10,337] INFO django.server "GET / HTTP/1.1" 200 11562
[2026-06-18 11:46:16,124] INFO django.server "GET / HTTP/1.1" 200 11562
[2026-06-18 11:46:23,035] INFO django.server "GET /tournaments/fighters/ HTTP/1.1" 200 12346
[2026-06-18 11:46:23,454] WARNING django.request Not Found: /favicon.ico
[2026-06-18 11:46:23,454] WARNING django.server "GET /favicon.ico HTTP/1.1" 404 3038
[2026-06-18 11:46:24,340] INFO django.server "GET /tournaments/judge/dashboard/ HTTP/1.1" 200 8849
[2026-06-18 11:46:25,960] INFO django.server "GET /tournaments/judge/fight/3/panel/ HTTP/1.1" 200 17389
[2026-06-18 11:46:27,625] INFO django.server "POST /tournaments/2/fight/3/timer/control/ HTTP/1.1" 200 37
[2026-06-18 11:46:45,531] INFO tournaments Бой #3 завершён. Победитель: Петр Бойцов, метод: technical_knockout
[2026-06-18 11:46:45,536] ERROR tournaments Ошибка продвижения: UNIQUE constraint failed: tournaments_fight.tournament_id, tournaments_fight.bracket_id, tournaments_fight.round_number, tournaments_fight.match_number
Traceback (most recent call last):
  File "C:\Users\User\Downloads\Kimi_Agent_CombatTournamentPlatform_ исправления\combat_platform\venv\Lib\site-packages\django\db\backends\utils.py", line 105, in _execute
    return self.cursor.execute(sql, params)
           ~~~~~~~~~~~~~~~~~~~^^^^^^^^^^^^^
  File "C:\Users\User\Downloads\Kimi_Agent_CombatTournamentPlatform_ исправления\combat_platform\venv\Lib\site-packages\django\db\backends\sqlite3\base.py", line 329, in execute
    return super().execute(query, params)
           ~~~~~~~~~~~~~~~^^^^^^^^^^^^^^^
sqlite3.IntegrityError: UNIQUE constraint failed: tournaments_fight.tournament_id, tournaments_fight.bracket_id, tournaments_fight.round_number, tournaments_fight.match_number

The above exception was the direct cause of the following exception:

Traceback (most recent call last):
  File "C:\Users\User\Downloads\Kimi_Agent_CombatTournamentPlatform_ исправления\combat_platform\tournaments\services\bracket_service.py", line 246, in advance_winners
    Fight.objects.create(
    ~~~~~~~~~~~~~~~~~~~~^
        tournament=bracket.tournament,
        ^^^^^^^^^^^^^^^^^^^^^^^^^^^^^^
    ...<7 lines>...
        is_final=(next_round == bracket.total_rounds)
        ^^^^^^^^^^^^^^^^^^^^^^^^^^^^^^^^^^^^^^^^^^^^^
    )
    ^
  File "C:\Users\User\Downloads\Kimi_Agent_CombatTournamentPlatform_ исправления\combat_platform\venv\Lib\site-packages\django\db\models\manager.py", line 87, in manager_method
    return getattr(self.get_queryset(), name)(*args, **kwargs)
           ~~~~~~~~~~~~~~~~~~~~~~~~~~~~~~~~~~^^^^^^^^^^^^^^^^^
  File "C:\Users\User\Downloads\Kimi_Agent_CombatTournamentPlatform_ исправления\combat_platform\venv\Lib\site-packages\django\db\models\query.py", line 679, in create
    obj.save(force_insert=True, using=self.db)
    ~~~~~~~~^^^^^^^^^^^^^^^^^^^^^^^^^^^^^^^^^^
  File "C:\Users\User\Downloads\Kimi_Agent_CombatTournamentPlatform_ исправления\combat_platform\venv\Lib\site-packages\django\db\models\base.py", line 822, in save
    self.save_base(
    ~~~~~~~~~~~~~~^
        using=using,
        ^^^^^^^^^^^^
    ...<2 lines>...
        update_fields=update_fields,
        ^^^^^^^^^^^^^^^^^^^^^^^^^^^^
    )
    ^
  File "C:\Users\User\Downloads\Kimi_Agent_CombatTournamentPlatform_ исправления\combat_platform\venv\Lib\site-packages\django\db\models\base.py", line 909, in save_base
    updated = self._save_table(
        raw,
    ...<4 lines>...
        update_fields,
    )
  File "C:\Users\User\Downloads\Kimi_Agent_CombatTournamentPlatform_ исправления\combat_platform\venv\Lib\site-packages\django\db\models\base.py", line 1071, in _save_table
    results = self._do_insert(
        cls._base_manager, using, fields, returning_fields, raw
    )
  File "C:\Users\User\Downloads\Kimi_Agent_CombatTournamentPlatform_ исправления\combat_platform\venv\Lib\site-packages\django\db\models\base.py", line 1112, in _do_insert
    return manager._insert(
           ~~~~~~~~~~~~~~~^
        [self],
        ^^^^^^^
    ...<3 lines>...
        raw=raw,
        ^^^^^^^^
    )
    ^
  File "C:\Users\User\Downloads\Kimi_Agent_CombatTournamentPlatform_ исправления\combat_platform\venv\Lib\site-packages\django\db\models\manager.py", line 87, in manager_method
    return getattr(self.get_queryset(), name)(*args, **kwargs)
           ~~~~~~~~~~~~~~~~~~~~~~~~~~~~~~~~~~^^^^^^^^^^^^^^^^^
  File "C:\Users\User\Downloads\Kimi_Agent_CombatTournamentPlatform_ исправления\combat_platform\venv\Lib\site-packages\django\db\models\query.py", line 1847, in _insert
    return query.get_compiler(using=using).execute_sql(returning_fields)
           ~~~~~~~~~~~~~~~~~~~~~~~~~~~~~~~~~~~~~~~~~~~^^^^^^^^^^^^^^^^^^
  File "C:\Users\User\Downloads\Kimi_Agent_CombatTournamentPlatform_ исправления\combat_platform\venv\Lib\site-packages\django\db\models\sql\compiler.py", line 1823, in execute_sql
    cursor.execute(sql, params)
    ~~~~~~~~~~~~~~^^^^^^^^^^^^^
  File "C:\Users\User\Downloads\Kimi_Agent_CombatTournamentPlatform_ исправления\combat_platform\venv\Lib\site-packages\django\db\backends\utils.py", line 122, in execute
    return super().execute(sql, params)
           ~~~~~~~~~~~~~~~^^^^^^^^^^^^^
  File "C:\Users\User\Downloads\Kimi_Agent_CombatTournamentPlatform_ исправления\combat_platform\venv\Lib\site-packages\django\db\backends\utils.py", line 79, in execute
    return self._execute_with_wrappers(
           ~~~~~~~~~~~~~~~~~~~~~~~~~~~^
        sql, params, many=False, executor=self._execute
        ^^^^^^^^^^^^^^^^^^^^^^^^^^^^^^^^^^^^^^^^^^^^^^^
    )
    ^
  File "C:\Users\User\Downloads\Kimi_Agent_CombatTournamentPlatform_ исправления\combat_platform\venv\Lib\site-packages\django\db\backends\utils.py", line 92, in _execute_with_wrappers
    return executor(sql, params, many, context)
  File "C:\Users\User\Downloads\Kimi_Agent_CombatTournamentPlatform_ исправления\combat_platform\venv\Lib\site-packages\django\db\backends\utils.py", line 100, in _execute
    with self.db.wrap_database_errors:
         ^^^^^^^^^^^^^^^^^^^^^^^^^^^^
  File "C:\Users\User\Downloads\Kimi_Agent_CombatTournamentPlatform_ исправления\combat_platform\venv\Lib\site-packages\django\db\utils.py", line 91, in __exit__
    raise dj_exc_value.with_traceback(traceback) from exc_value
  File "C:\Users\User\Downloads\Kimi_Agent_CombatTournamentPlatform_ исправления\combat_platform\venv\Lib\site-packages\django\db\backends\utils.py", line 105, in _execute
    return self.cursor.execute(sql, params)
           ~~~~~~~~~~~~~~~~~~~^^^^^^^^^^^^^
  File "C:\Users\User\Downloads\Kimi_Agent_CombatTournamentPlatform_ исправления\combat_platform\venv\Lib\site-packages\django\db\backends\sqlite3\base.py", line 329, in execute
    return super().execute(query, params)
           ~~~~~~~~~~~~~~~^^^^^^^^^^^^^^^
django.db.utils.IntegrityError: UNIQUE constraint failed: tournaments_fight.tournament_id, tournaments_fight.bracket_id, tournaments_fight.round_number, tournaments_fight.match_number
[2026-06-18 11:46:45,628] INFO tournaments Сетка #1 завершена. Победитель: Петр Бойцов
[2026-06-18 11:46:45,629] INFO django.server "POST /tournaments/judge/fight/3/panel/ HTTP/1.1" 302 0
[2026-06-18 11:46:45,642] INFO django.server "GET /tournaments/judge/dashboard/ HTTP/1.1" 200 8928
[2026-06-18 11:46:48,460] INFO django.server "GET /tournaments/ HTTP/1.1" 200 10174
[2026-06-18 11:46:49,490] INFO django.server "GET /tournaments/fighters/ HTTP/1.1" 200 12346
[2026-06-18 11:46:50,754] INFO django.server "GET /tournaments/judge/dashboard/ HTTP/1.1" 200 8583
[2026-06-18 11:46:51,737] INFO django.server "GET /tournaments/judge/dashboard/ HTTP/1.1" 200 8583
[2026-06-18 11:46:52,808] INFO django.server "GET /tournaments/judge/dashboard/ HTTP/1.1" 200 8583
[2026-06-18 11:46:54,953] INFO django.server "GET /tournaments/ HTTP/1.1" 200 10174
[2026-06-18 11:46:55,912] INFO django.server "GET /tournaments/fighters/ HTTP/1.1" 200 12346
[2026-06-18 11:46:56,882] INFO django.server "GET /tournaments/ HTTP/1.1" 200 10174
[2026-06-18 11:46:58,630] INFO django.server "GET /tournaments/2/ HTTP/1.1" 200 10473
[2026-06-18 11:47:05,060] WARNING django.request Forbidden: /tournaments/2/fights/
[2026-06-18 11:47:05,060] WARNING django.server "GET /tournaments/2/fights/ HTTP/1.1" 403 108
[2026-06-18 11:47:20,644] INFO django.server "GET /tournaments/2/bracket/3/ HTTP/1.1" 200 8056
[2026-06-18 11:47:25,873] INFO django.server "GET /tournaments/2/bracket/1/ HTTP/1.1" 200 16537
[2026-06-18 11:53:08,852] INFO django.utils.autoreload Watching for file changes with StatReloader
[2026-06-18 11:53:10,299] INFO django.server "GET / HTTP/1.1" 200 11562
[2026-06-18 11:53:12,997] INFO django.server "GET /tournaments/ HTTP/1.1" 200 10174
[2026-06-18 11:53:14,671] INFO django.server "GET /tournaments/2/ HTTP/1.1" 200 10473
[2026-06-18 11:53:19,006] INFO django.server "GET /tournaments/2/bracket/3/ HTTP/1.1" 200 8056
[2026-06-18 11:53:21,819] INFO django.server "GET /tournaments/judge/dashboard/ HTTP/1.1" 200 8583
[2026-06-18 11:53:40,616] INFO django.server "GET /tournaments/2/bracket/3/ HTTP/1.1" 200 8056
[2026-06-18 12:01:36,729] INFO django.utils.autoreload Watching for file changes with StatReloader
[2026-06-18 12:01:38,789] INFO django.server "GET / HTTP/1.1" 200 11562
[2026-06-18 12:01:39,687] INFO django.server "GET /tournaments/ HTTP/1.1" 200 10174
[2026-06-18 12:01:40,424] INFO django.server "GET /tournaments/2/ HTTP/1.1" 200 10323
[2026-06-18 12:01:41,631] WARNING django.request Forbidden: /tournaments/2/fights/
[2026-06-18 12:01:41,632] WARNING django.server "GET /tournaments/2/fights/ HTTP/1.1" 403 108
[2026-06-18 12:01:43,537] INFO django.server "GET /tournaments/2/bracket/3/ HTTP/1.1" 200 8180
[2026-06-18 12:02:04,753] INFO django.server "GET /users/logout/ HTTP/1.1" 302 0
[2026-06-18 12:02:04,763] INFO django.server "GET / HTTP/1.1" 200 10683
[2026-06-18 12:02:05,498] INFO django.server "GET /users/login/ HTTP/1.1" 200 5365
[2026-06-18 12:02:12,430] INFO django.server "POST /users/login/ HTTP/1.1" 302 0
[2026-06-18 12:02:12,449] INFO django.server "GET /dashboard/ HTTP/1.1" 200 10184
[2026-06-18 12:02:15,607] INFO django.server "GET /tournaments/judges/ HTTP/1.1" 200 8800
[2026-06-18 12:02:20,509] INFO django.server "GET /tournaments/judges/2/edit/ HTTP/1.1" 200 9833
[2026-06-18 12:02:27,968] INFO django.server "POST /tournaments/judges/2/edit/ HTTP/1.1" 200 10043
[2026-06-18 12:02:30,557] INFO django.server "GET /tournaments/judges/ HTTP/1.1" 200 8800
[2026-06-18 12:02:31,559] INFO django.server "GET /tournaments/ HTTP/1.1" 200 11116
[2026-06-18 12:02:32,199] INFO django.server "GET /tournaments/fighters/ HTTP/1.1" 200 13288
[2026-06-18 12:02:32,696] INFO django.server "GET /tournaments/ HTTP/1.1" 200 11116
[2026-06-18 12:02:33,562] INFO django.server "GET /tournaments/2/ HTTP/1.1" 200 12952
[2026-06-18 12:02:34,553] INFO django.server "GET /tournaments/2/fights/ HTTP/1.1" 200 13472
[2026-06-18 12:02:36,712] INFO django.server "GET /tournaments/2/fight/4/assign-judge/ HTTP/1.1" 200 7823
[2026-06-18 12:02:40,969] INFO tournaments Судья Иван Судьин (main) назначен на бой #4
[2026-06-18 12:02:40,970] INFO django.server "POST /tournaments/2/fight/4/assign-judge/ HTTP/1.1" 302 0
[2026-06-18 12:02:40,984] INFO django.server "GET /tournaments/2/fights/ HTTP/1.1" 200 13791
[2026-06-18 12:02:43,422] INFO django.server "GET /users/logout/ HTTP/1.1" 302 0
[2026-06-18 12:02:43,431] INFO django.server "GET / HTTP/1.1" 200 10683
[2026-06-18 12:02:44,283] INFO django.server "GET /tournaments/ HTTP/1.1" 200 8943
[2026-06-18 12:02:45,393] INFO django.server "GET /users/login/ HTTP/1.1" 200 5365
[2026-06-18 12:02:47,372] INFO django.server "POST /users/login/ HTTP/1.1" 302 0
[2026-06-18 12:02:47,381] INFO django.server "GET /dashboard/ HTTP/1.1" 200 8854
[2026-06-18 12:02:49,294] INFO django.server "GET /tournaments/ HTTP/1.1" 200 10174
[2026-06-18 12:02:50,388] INFO django.server "GET /tournaments/fighters/ HTTP/1.1" 200 12346
[2026-06-18 12:02:50,918] INFO django.server "GET / HTTP/1.1" 200 11562
[2026-06-18 12:02:52,373] INFO django.server "GET /tournaments/ HTTP/1.1" 200 10174
[2026-06-18 12:02:53,801] INFO django.server "GET /tournaments/2/ HTTP/1.1" 200 10323
[2026-06-18 12:02:55,150] INFO django.server "GET /tournaments/2/bracket/3/ HTTP/1.1" 200 8845
[2026-06-18 12:02:58,072] WARNING django.request Forbidden: /tournaments/2/fights/
[2026-06-18 12:02:58,072] WARNING django.server "GET /tournaments/2/fights/ HTTP/1.1" 403 108
[2026-06-18 12:03:01,453] INFO django.server "GET /tournaments/2/bracket/3/ HTTP/1.1" 200 8845
[2026-06-18 12:03:05,392] INFO django.server "GET /tournaments/judge/fight/4/panel/ HTTP/1.1" 200 17399
[2026-06-18 12:03:06,783] INFO django.server "POST /tournaments/2/fight/4/timer/control/ HTTP/1.1" 200 37
[2026-06-18 12:03:08,808] INFO django.server "POST /tournaments/2/fight/4/timer/control/ HTTP/1.1" 200 37
[2026-06-18 12:03:09,823] INFO django.server "GET /tournaments/judge/dashboard/ HTTP/1.1" 200 9887
[2026-06-18 12:03:17,870] WARNING django.request Forbidden: /tournaments/2/fights/
[2026-06-18 12:03:17,870] WARNING django.server "GET /tournaments/2/fights/ HTTP/1.1" 403 108
[2026-06-18 12:04:52,861] WARNING django.request Forbidden: /tournaments/2/fights/
[2026-06-18 12:04:52,862] WARNING django.server "GET /tournaments/2/fights/ HTTP/1.1" 403 108
[2026-06-18 12:32:51,605] INFO django.utils.autoreload Watching for file changes with StatReloader
[2026-06-18 12:32:52,762] INFO django.server "GET / HTTP/1.1" 200 11562
[2026-06-18 12:32:54,190] INFO django.server "GET /tournaments/ HTTP/1.1" 200 10174
[2026-06-18 12:32:55,587] INFO django.server "GET /tournaments/2/ HTTP/1.1" 200 10323
[2026-06-18 12:32:56,594] WARNING django.request Forbidden: /tournaments/2/fights/
[2026-06-18 12:32:56,594] WARNING django.server "GET /tournaments/2/fights/ HTTP/1.1" 403 108
[2026-06-18 12:39:37,835] INFO django.utils.autoreload C:\Users\User\Downloads\Kimi_Agent_CombatTournamentPlatform_ исправления\combat_platform\users\decorators.py changed, reloading.
[2026-06-18 12:39:38,335] INFO django.utils.autoreload Watching for file changes with StatReloader
[2026-06-18 12:39:40,430] INFO django.utils.autoreload Watching for file changes with StatReloader
[2026-06-18 12:39:42,780] INFO django.server "GET / HTTP/1.1" 200 11562
[2026-06-18 12:39:44,101] INFO django.server "GET /tournaments/ HTTP/1.1" 200 10174
[2026-06-18 12:39:44,952] INFO django.server "GET /tournaments/2/ HTTP/1.1" 200 10323
[2026-06-18 12:39:46,681] INFO django.server "GET /tournaments/2/fights/ HTTP/1.1" 200 12500
[2026-06-18 12:39:50,543] WARNING django.request Forbidden: /tournaments/2/fight/4/assign-judge/
[2026-06-18 12:39:50,543] WARNING django.server "GET /tournaments/2/fight/4/assign-judge/ HTTP/1.1" 403 90
[2026-06-18 12:39:52,935] WARNING django.request Forbidden: /tournaments/2/fight/4/delete/
[2026-06-18 12:39:52,935] WARNING django.server "GET /tournaments/2/fight/4/delete/ HTTP/1.1" 403 90
[2026-06-18 12:40:00,233] INFO django.server "GET /tournaments/ HTTP/1.1" 200 10174
[2026-06-18 12:40:00,937] INFO django.server "GET /tournaments/fighters/ HTTP/1.1" 200 12346
[2026-06-18 12:40:01,618] INFO django.server "GET /tournaments/judge/dashboard/ HTTP/1.1" 200 9887
[2026-06-18 12:46:21,124] INFO django.utils.autoreload Watching for file changes with StatReloader
[2026-06-18 12:46:22,222] INFO django.server "GET / HTTP/1.1" 200 11562
[2026-06-18 12:46:23,573] INFO django.server "GET /tournaments/ HTTP/1.1" 200 10174
[2026-06-18 12:46:24,614] INFO django.server "GET /tournaments/2/ HTTP/1.1" 200 10323
[2026-06-18 12:46:25,383] INFO django.server "GET /tournaments/2/fights/ HTTP/1.1" 200 12500
[2026-06-18 12:46:27,980] WARNING django.request Forbidden: /tournaments/2/fight/4/delete/
[2026-06-18 12:46:27,981] WARNING django.server "GET /tournaments/2/fight/4/delete/ HTTP/1.1" 403 90
[2026-06-18 12:46:31,636] WARNING django.request Forbidden: /tournaments/2/fight/1/assign-judge/
[2026-06-18 12:46:31,636] WARNING django.server "GET /tournaments/2/fight/1/assign-judge/ HTTP/1.1" 403 90
[2026-06-18 12:46:54,570] WARNING django.request Forbidden: /tournaments/2/fight/2/assign-judge/
[2026-06-18 12:46:54,570] WARNING django.server "GET /tournaments/2/fight/2/assign-judge/ HTTP/1.1" 403 90
[2026-06-18 12:51:18,775] INFO django.utils.autoreload Watching for file changes with StatReloader
[2026-06-18 12:51:19,775] INFO django.server "GET / HTTP/1.1" 200 11562
[2026-06-18 12:51:20,957] INFO django.server "GET /tournaments/fighters/ HTTP/1.1" 200 12346
[2026-06-18 12:51:21,498] INFO django.server "GET /tournaments/ HTTP/1.1" 200 10174
[2026-06-18 12:51:22,686] INFO django.server "GET /tournaments/2/ HTTP/1.1" 200 10323
[2026-06-18 12:51:23,696] INFO django.server "GET /tournaments/2/fights/ HTTP/1.1" 200 15034
[2026-06-18 12:51:26,011] INFO django.server "GET /tournaments/judge/fight/2/panel/ HTTP/1.1" 200 12777
[2026-06-18 12:51:30,648] INFO django.server "GET /tournaments/judge/fight/3/panel/ HTTP/1.1" 200 12786
[2026-06-18 12:51:37,793] INFO django.server "GET /tournaments/judge/fight/1/panel/ HTTP/1.1" 200 12766
[2026-06-18 12:51:41,903] INFO django.server "GET /tournaments/judge/fight/3/panel/ HTTP/1.1" 200 12786
[2026-06-18 12:56:31,472] INFO django.utils.autoreload Watching for file changes with StatReloader
[2026-06-18 12:56:32,822] INFO django.server "GET / HTTP/1.1" 200 11562
[2026-06-18 12:56:35,210] INFO django.server "GET /tournaments/ HTTP/1.1" 200 10174
[2026-06-18 12:56:36,359] INFO django.server "GET /tournaments/2/ HTTP/1.1" 200 10323
[2026-06-18 12:56:37,867] INFO django.server "GET /tournaments/2/fights/ HTTP/1.1" 200 15034
[2026-06-18 12:56:39,074] INFO django.server "GET /tournaments/judge/fight/3/panel/ HTTP/1.1" 200 8872
[2026-06-18 12:56:43,711] INFO django.server "GET /tournaments/judge/fight/1/panel/ HTTP/1.1" 200 8854
[2026-06-18 12:56:46,927] INFO django.server "GET /tournaments/judge/fight/2/panel/ HTTP/1.1" 200 8871
[2026-06-18 13:13:30,786] INFO django.utils.autoreload Watching for file changes with StatReloader
[2026-06-18 13:13:32,963] INFO django.server "GET / HTTP/1.1" 200 11562
[2026-06-18 13:13:37,533] INFO django.server "GET /users/logout/ HTTP/1.1" 302 0
[2026-06-18 13:13:37,544] INFO django.server "GET / HTTP/1.1" 200 10683
[2026-06-18 13:13:39,368] INFO django.server "GET /users/login/ HTTP/1.1" 200 5365
[2026-06-18 13:13:46,172] INFO django.server "POST /users/login/ HTTP/1.1" 302 0
[2026-06-18 13:13:46,184] INFO django.server "GET /dashboard/ HTTP/1.1" 200 10184
[2026-06-18 13:13:49,581] INFO django.server "GET /tournaments/ HTTP/1.1" 200 11116
[2026-06-18 13:13:51,457] INFO django.server "GET /tournaments/2/ HTTP/1.1" 200 12952
[2026-06-18 13:13:54,586] INFO django.server "GET /tournaments/participants/?tournament=2 HTTP/1.1" 200 25149
[2026-06-18 13:13:56,643] INFO django.server "GET /tournaments/2/participants/excel/ HTTP/1.1" 200 7608
[2026-06-18 13:14:02,230] INFO django.server "GET /tournaments/participants/?tournament=2 HTTP/1.1" 200 25149
[2026-06-18 13:14:06,768] INFO django.server "GET /tournaments/2/participants/excel/ HTTP/1.1" 200 7608
[2026-06-18 13:25:18,882] INFO django.utils.autoreload Watching for file changes with StatReloader
[2026-06-18 13:25:20,837] INFO django.server "GET / HTTP/1.1" 200 12504
[2026-06-18 13:25:22,940] INFO django.server "GET /tournaments/ HTTP/1.1" 200 11116
[2026-06-18 13:25:24,144] INFO django.server "GET /tournaments/2/ HTTP/1.1" 200 12952
[2026-06-18 13:25:26,451] INFO django.server "GET /tournaments/fighters/ HTTP/1.1" 200 13288
[2026-06-18 13:25:27,794] INFO django.server "GET /tournaments/ HTTP/1.1" 200 11116
[2026-06-18 13:25:28,732] INFO django.server "GET /tournaments/2/ HTTP/1.1" 200 12952
[2026-06-18 13:25:31,090] INFO django.server "GET /tournaments/participants/?tournament=2 HTTP/1.1" 200 25149
[2026-06-18 13:25:32,970] INFO django.server "GET /tournaments/2/participants/excel/ HTTP/1.1" 200 9517
[2026-06-18 13:25:34,019] INFO django.server "GET /tournaments/2/participants/excel/template/ HTTP/1.1" 200 5658
[2026-06-18 13:26:55,821] INFO django.server "GET /tournaments/2/participants/excel/template/ HTTP/1.1" 200 5658
[2026-06-18 13:28:13,122] INFO django.server "POST /tournaments/2/participants/excel/ HTTP/1.1" 302 0
[2026-06-18 13:28:13,139] INFO django.server "GET /tournaments/participants/?tournament=2 HTTP/1.1" 200 55879
[2026-06-18 13:28:21,077] INFO tournaments Распределение по категориям: 0 успешно, 2 пропущено, 0 не удалось
[2026-06-18 13:28:21,078] INFO django.server "GET /tournaments/2/auto-assign/ HTTP/1.1" 302 0
[2026-06-18 13:28:21,093] INFO django.server "GET /tournaments/participants/?tournament=2 HTTP/1.1" 200 55886
[2026-06-18 13:32:23,117] INFO django.utils.autoreload Watching for file changes with StatReloader
[2026-06-18 13:32:24,439] INFO django.server "GET / HTTP/1.1" 200 12505
[2026-06-18 13:32:26,349] INFO django.server "GET /admin/ HTTP/1.1" 200 13740
[2026-06-18 13:32:26,376] INFO django.server "GET /static/admin/css/base.css HTTP/1.1" 200 21544
[2026-06-18 13:32:26,379] INFO django.server "GET /static/admin/css/dark_mode.css HTTP/1.1" 200 2682
[2026-06-18 13:32:26,379] INFO django.server "GET /static/admin/css/dashboard.css HTTP/1.1" 200 441
[2026-06-18 13:32:26,379] INFO django.server "GET /static/admin/css/nav_sidebar.css HTTP/1.1" 200 2810
[2026-06-18 13:32:26,380] INFO django.server "GET /static/admin/css/responsive.css HTTP/1.1" 200 17905
[2026-06-18 13:32:26,397] INFO django.server "GET /static/admin/img/icon-changelink.svg HTTP/1.1" 200 380
[2026-06-18 13:32:26,397] INFO django.server "GET /static/admin/img/icon-addlink.svg HTTP/1.1" 200 331
[2026-06-18 13:32:26,397] INFO django.server "GET /static/admin/img/icon-deletelink.svg HTTP/1.1" 200 392
[2026-06-18 13:32:26,398] INFO django.server "GET /static/admin/js/theme.js HTTP/1.1" 200 1943
[2026-06-18 13:32:26,399] INFO django.server "GET /static/admin/js/nav_sidebar.js HTTP/1.1" 200 3063
[2026-06-18 13:32:29,897] INFO django.server "GET /admin/auth/user/ HTTP/1.1" 200 23303
[2026-06-18 13:32:29,932] INFO django.server "GET /static/admin/css/changelists.css HTTP/1.1" 200 6811
[2026-06-18 13:32:29,940] INFO django.server "GET /static/admin/js/jquery.init.js HTTP/1.1" 200 347
[2026-06-18 13:32:29,945] INFO django.server "GET /static/admin/js/core.js HTTP/1.1" 200 6208
[2026-06-18 13:32:29,951] INFO django.server "GET /static/admin/js/admin/RelatedObjectLookups.js HTTP/1.1" 200 9042
[2026-06-18 13:32:29,954] INFO django.server "GET /admin/jsi18n/ HTTP/1.1" 200 17546
[2026-06-18 13:32:29,958] INFO django.server "GET /static/admin/js/actions.js HTTP/1.1" 200 8067
[2026-06-18 13:32:29,961] INFO django.server "GET /static/admin/js/urlify.js HTTP/1.1" 200 7887
[2026-06-18 13:32:29,966] INFO django.server "GET /static/admin/js/prepopulate.js HTTP/1.1" 200 1531
[2026-06-18 13:32:29,975] INFO django.server "GET /static/admin/img/icon-yes.svg HTTP/1.1" 200 436
[2026-06-18 13:32:29,977] INFO django.server "GET /static/admin/img/search.svg HTTP/1.1" 200 458
[2026-06-18 13:32:29,984] INFO django.server "GET /static/admin/js/vendor/jquery/jquery.js HTTP/1.1" 200 285314
[2026-06-18 13:32:29,986] INFO django.server "GET /static/admin/img/icon-no.svg HTTP/1.1" 200 560
[2026-06-18 13:32:30,007] INFO django.server "GET /static/admin/js/filters.js HTTP/1.1" 200 978
[2026-06-18 13:32:30,038] INFO django.server "GET /static/admin/js/vendor/xregexp/xregexp.js HTTP/1.1" 200 325171
[2026-06-18 13:32:30,069] INFO django.server "GET /static/admin/img/tooltag-add.svg HTTP/1.1" 200 331
[2026-06-18 13:32:30,077] INFO django.server "GET /static/admin/img/sorting-icons.svg HTTP/1.1" 200 1097
[2026-06-18 13:32:30,078] INFO django.server "GET /static/admin/img/icon-viewlink.svg HTTP/1.1" 200 581
[2026-06-18 13:32:35,607] INFO django.server "GET /admin/auth/user/3/change/ HTTP/1.1" 200 32726
[2026-06-18 13:32:35,637] INFO django.server "GET /admin/jsi18n/ HTTP/1.1" 200 17546
[2026-06-18 13:32:35,640] INFO django.server "GET /static/admin/css/forms.css HTTP/1.1" 200 9090
[2026-06-18 13:32:35,651] INFO django.server "GET /static/admin/css/widgets.css HTTP/1.1" 200 11800
[2026-06-18 13:32:35,654] INFO django.server "GET /static/admin/js/SelectFilter2.js HTTP/1.1" 200 15492
[2026-06-18 13:32:35,655] INFO django.server "GET /static/admin/js/calendar.js HTTP/1.1" 200 9141
[2026-06-18 13:32:35,656] INFO django.server "GET /static/admin/js/admin/DateTimeShortcuts.js HTTP/1.1" 200 19319
[2026-06-18 13:32:35,658] INFO django.server "GET /static/admin/js/SelectBox.js HTTP/1.1" 200 4530
[2026-06-18 13:32:35,688] INFO django.server "GET /static/admin/js/prepopulate_init.js HTTP/1.1" 200 586
[2026-06-18 13:32:35,690] INFO django.server "GET /static/admin/js/change_form.js HTTP/1.1" 200 606
[2026-06-18 13:32:35,721] INFO django.server "GET /static/admin/img/icon-unknown-alt.svg HTTP/1.1" 200 655
[2026-06-18 13:32:35,721] INFO django.server "GET /static/admin/img/icon-clock.svg HTTP/1.1" 200 677
[2026-06-18 13:32:35,721] INFO django.server "GET /static/admin/img/icon-unknown.svg HTTP/1.1" 200 655
[2026-06-18 13:32:35,723] INFO django.server "GET /static/admin/img/icon-calendar.svg HTTP/1.1" 200 1086
[2026-06-18 13:32:35,723] INFO django.server "GET /static/admin/img/selector-icons.svg HTTP/1.1" 200 3291
[2026-06-18 13:32:42,625] INFO django.server "GET /admin/auth/user/ HTTP/1.1" 200 23303
[2026-06-18 13:32:48,282] INFO django.server "GET /admin/auth/user/3/change/ HTTP/1.1" 200 32726
[2026-06-18 13:32:48,304] INFO django.server "GET /admin/jsi18n/ HTTP/1.1" 200 17546
[2026-06-18 13:33:06,248] INFO django.server "GET /admin/auth/user/3/password/ HTTP/1.1" 200 12541
[2026-06-18 13:33:45,243] INFO django.server "POST /admin/auth/user/3/password/ HTTP/1.1" 200 12892
[2026-06-18 13:33:57,959] INFO django.server "POST /admin/auth/user/3/password/ HTTP/1.1" 200 12788
[2026-06-18 13:53:52,016] INFO django.server "GET /tournaments/fighters/ HTTP/1.1" 200 17464
[2026-06-18 13:53:53,057] INFO django.server "GET /tournaments/ HTTP/1.1" 200 11118
[2026-06-18 13:53:54,084] INFO django.server "GET /tournaments/2/ HTTP/1.1" 200 12955
[2026-06-18 13:53:58,237] INFO django.server "GET /tournaments/2/brackets/generate/ HTTP/1.1" 302 0
[2026-06-18 13:53:58,249] INFO django.server "GET /tournaments/2/ HTTP/1.1" 200 13722
[2026-06-18 13:53:59,642] INFO django.server "GET /tournaments/2/bracket/1/ HTTP/1.1" 200 18177
[2026-06-18 13:54:06,389] INFO django.server "GET /tournaments/2/bracket/3/ HTTP/1.1" 200 9612
[2026-06-18 13:54:10,869] INFO django.server "GET /tournaments/2/bracket/3/ HTTP/1.1" 200 9612
[2026-06-18 13:54:12,581] INFO django.server "GET /tournaments/2/bracket/1/ HTTP/1.1" 200 18177
[2026-06-18 14:15:23,207] INFO django.server "GET / HTTP/1.1" 200 12505
[2026-06-18 14:15:32,028] INFO django.server "GET /tournaments/ HTTP/1.1" 200 11118
[2026-06-18 14:15:33,118] INFO django.server "GET /tournaments/2/ HTTP/1.1" 200 12955
[2026-06-18 14:15:34,613] INFO django.server "GET /tournaments/2/bracket/3/ HTTP/1.1" 200 9612
[2026-06-18 14:15:37,621] INFO django.server "GET /tournaments/2/bracket/1/ HTTP/1.1" 200 18177
[2026-06-18 14:22:50,593] INFO django.utils.autoreload Watching for file changes with StatReloader
[2026-06-18 14:22:53,811] INFO django.server "GET / HTTP/1.1" 200 12505
[2026-06-18 14:22:55,103] INFO django.server "GET /tournaments/ HTTP/1.1" 200 11118
[2026-06-18 14:22:56,141] INFO django.server "GET /tournaments/2/ HTTP/1.1" 200 12955
[2026-06-18 14:22:57,410] INFO django.server "GET /tournaments/2/bracket/3/ HTTP/1.1" 200 19520
[2026-06-18 14:23:01,775] INFO django.server "GET /tournaments/2/bracket/1/ HTTP/1.1" 200 28763
[2026-06-18 14:24:07,671] INFO django.server "GET /tournaments/ HTTP/1.1" 200 11118
[2026-06-18 14:36:39,541] INFO django.utils.autoreload Watching for file changes with StatReloader
[2026-06-18 14:36:40,989] INFO django.server "GET / HTTP/1.1" 200 12505
[2026-06-18 14:36:42,591] INFO django.server "GET /tournaments/fighters/ HTTP/1.1" 200 17464
[2026-06-18 14:36:43,553] INFO django.server "GET /tournaments/ HTTP/1.1" 200 11118
[2026-06-18 14:36:44,524] INFO django.server "GET /tournaments/2/ HTTP/1.1" 200 12955
[2026-06-18 14:36:46,228] INFO django.server "GET /tournaments/2/categories/ HTTP/1.1" 200 22098
[2026-06-18 14:36:54,133] INFO django.server "GET /tournaments/ HTTP/1.1" 200 11118
[2026-06-18 14:36:58,453] INFO django.server "GET / HTTP/1.1" 200 12505
[2026-06-18 14:37:00,570] INFO django.server "GET /tournaments/create/ HTTP/1.1" 200 9207
[2026-06-18 14:37:18,129] INFO tournaments Турнир #3 создан пользователем bars
[2026-06-18 14:37:18,130] INFO django.server "POST /tournaments/create/ HTTP/1.1" 302 0
[2026-06-18 14:37:18,140] INFO django.server "GET /tournaments/3/ HTTP/1.1" 200 11139
[2026-06-18 14:37:22,070] INFO django.server "GET /tournaments/participants/?tournament=3 HTTP/1.1" 200 10284
[2026-06-18 14:37:23,297] INFO django.server "GET /tournaments/3/participants/excel/ HTTP/1.1" 200 9419
[2026-06-18 14:37:33,245] INFO django.server "POST /tournaments/3/participants/excel/ HTTP/1.1" 302 0
[2026-06-18 14:37:33,263] INFO django.server "GET /tournaments/participants/?tournament=3 HTTP/1.1" 200 96395
[2026-06-18 14:40:53,840] INFO django.server "GET /tournaments/3/participants/add/ HTTP/1.1" 200 9604
[2026-06-18 14:40:55,580] INFO django.server "GET /tournaments/participants/?tournament=3 HTTP/1.1" 200 96023
[2026-06-18 14:40:56,378] INFO django.server "GET /tournaments/3/participants/excel/ HTTP/1.1" 200 9419
[2026-06-18 14:41:06,869] INFO django.server "POST /tournaments/3/participants/excel/ HTTP/1.1" 302 0
[2026-06-18 14:41:06,894] INFO django.server "GET /tournaments/participants/?tournament=3 HTTP/1.1" 200 236627
[2026-06-18 14:41:22,534] INFO django.server "POST /tournaments/registration/32/update/ HTTP/1.1" 302 0
[2026-06-18 14:41:22,559] INFO django.server "GET /tournaments/participants/?tournament=3 HTTP/1.1" 200 232555
[2026-06-18 14:41:26,777] INFO django.server "POST /tournaments/registration/12/update/ HTTP/1.1" 302 0
[2026-06-18 14:41:26,802] INFO django.server "GET /tournaments/participants/?tournament=3 HTTP/1.1" 200 232556
[2026-06-18 14:41:30,088] INFO django.server "POST /tournaments/registration/24/update/ HTTP/1.1" 302 0
[2026-06-18 14:41:30,112] INFO django.server "GET /tournaments/participants/?tournament=3 HTTP/1.1" 200 232561
[2026-06-18 14:41:34,825] INFO django.server "POST /tournaments/registration/7/update/ HTTP/1.1" 302 0
[2026-06-18 14:41:34,849] INFO django.server "GET /tournaments/participants/?tournament=3 HTTP/1.1" 200 232560
[2026-06-18 14:41:38,352] INFO django.server "POST /tournaments/registration/19/update/ HTTP/1.1" 302 0
[2026-06-18 14:41:38,376] INFO django.server "GET /tournaments/participants/?tournament=3 HTTP/1.1" 200 232565
[2026-06-18 14:41:43,236] INFO django.server "POST /tournaments/registration/17/update/ HTTP/1.1" 302 0
[2026-06-18 14:41:43,262] INFO django.server "GET /tournaments/participants/?tournament=3 HTTP/1.1" 200 232582
[2026-06-18 14:41:47,489] INFO django.server "POST /tournaments/registration/29/update/ HTTP/1.1" 302 0
[2026-06-18 14:41:47,513] INFO django.server "GET /tournaments/participants/?tournament=3 HTTP/1.1" 200 232587
[2026-06-18 14:41:52,734] INFO django.server "POST /tournaments/registration/13/update/ HTTP/1.1" 302 0
[2026-06-18 14:41:52,758] INFO django.server "GET /tournaments/participants/?tournament=3 HTTP/1.1" 200 232584
[2026-06-18 14:41:57,695] INFO django.server "POST /tournaments/registration/25/update/ HTTP/1.1" 302 0
[2026-06-18 14:41:57,719] INFO django.server "GET /tournaments/participants/?tournament=3 HTTP/1.1" 200 232589
[2026-06-18 14:42:08,366] INFO django.server "GET /tournaments/participants/?tournament=3&search=%D0%BA%D0%BE%D0%B7%D0%BB%D0%BE&status= HTTP/1.1" 200 10294
[2026-06-18 14:42:11,541] INFO django.server "GET /tournaments/participants/?tournament=3&search=%D0%BA%D0%BE%D0%B7%D0%BB%D0%BE%D0%B2&status= HTTP/1.1" 200 10296
[2026-06-18 14:42:15,612] INFO django.server "GET /tournaments/participants/?tournament=3&search=%D0%BA%D0%BE%D0%B7%D0%BB%D0%BE%D0%B2&status= HTTP/1.1" 200 10296
[2026-06-18 14:42:17,479] INFO django.server "GET /tournaments/participants/?tournament=3&search=%D0%BA%D0%BE%D0%B7%D0%BB%D0%BE%D0%B2&status= HTTP/1.1" 200 10296
[2026-06-18 14:42:19,861] INFO django.server "GET /tournaments/ HTTP/1.1" 200 13085
[2026-06-18 14:42:20,550] INFO django.server "GET /tournaments/fighters/ HTTP/1.1" 200 50000
[2026-06-18 14:42:21,564] INFO django.server "GET /tournaments/ HTTP/1.1" 200 13085
[2026-06-18 14:42:22,947] INFO django.server "GET /tournaments/3/ HTTP/1.1" 200 10764
[2026-06-18 14:42:26,169] INFO django.server "GET /tournaments/participants/?tournament=3 HTTP/1.1" 200 232210
[2026-06-18 14:43:27,800] INFO django.server "GET /tournaments/3/categories/ HTTP/1.1" 200 10560
[2026-06-18 14:43:30,576] INFO django.server "GET /tournaments/3/auto-assign/ HTTP/1.1" 302 0
[2026-06-18 14:43:30,601] INFO django.server "GET /tournaments/participants/?tournament=3 HTTP/1.1" 200 232565
[2026-06-18 14:45:50,666] INFO django.server "GET /tournaments/participants/?tournament=3&search=%D0%A1%D0%BF%D0%B0%D1%80%D1%82%D0%B0%D0%BA&status= HTTP/1.1" 200 46001
[2026-06-18 14:45:56,531] INFO django.server "GET /tournaments/participants/?tournament=3&search=%D0%92%D0%BE%D0%BB%D0%BA%D0%BE%D0%B2&status= HTTP/1.1" 200 24482
[2026-06-18 14:46:10,319] INFO django.server "GET /tournaments/participants/?tournament=3&search=%D0%9B%D1%8E%D0%B4%D0%B0&status= HTTP/1.1" 200 24399
[2026-06-18 14:49:50,063] INFO django.server "GET /tournaments/participants/?tournament=3&search=%D0%9B%D1%8E%D0%B4%D0%B0&status= HTTP/1.1" 200 24399
[2026-06-18 14:49:55,482] INFO django.server "GET /tournaments/participants/?tournament=1&search=&status= HTTP/1.1" 200 10284
[2026-06-18 14:49:58,035] INFO django.server "GET /tournaments/participants/?tournament=3&search=&status= HTTP/1.1" 200 232210
[2026-06-18 14:56:28,121] INFO django.utils.autoreload Watching for file changes with StatReloader
[2026-06-18 14:56:29,457] INFO django.server "GET / HTTP/1.1" 200 13049
[2026-06-18 14:56:30,891] INFO django.server "GET /tournaments/ HTTP/1.1" 200 13085
[2026-06-18 14:56:31,589] INFO django.server "GET /tournaments/fighters/ HTTP/1.1" 200 50000
[2026-06-18 14:56:32,937] INFO django.server "GET /tournaments/ HTTP/1.1" 200 13085
[2026-06-18 14:56:34,806] INFO django.server "GET /tournaments/2/ HTTP/1.1" 200 12955
[2026-06-18 14:56:39,348] ERROR django.request Internal Server Error: /tournaments/participants/
Traceback (most recent call last):
  File "C:\Users\User\Downloads\Kimi_Agent_CombatTournamentPlatform_ исправления\combat_platform\venv\Lib\site-packages\django\core\handlers\exception.py", line 55, in inner
    response = get_response(request)
  File "C:\Users\User\Downloads\Kimi_Agent_CombatTournamentPlatform_ исправления\combat_platform\venv\Lib\site-packages\django\core\handlers\base.py", line 197, in _get_response
    response = wrapped_callback(request, *callback_args, **callback_kwargs)
  File "C:\Users\User\Downloads\Kimi_Agent_CombatTournamentPlatform_ исправления\combat_platform\venv\Lib\site-packages\django\contrib\auth\decorators.py", line 23, in _wrapper_view
    return view_func(request, *args, **kwargs)
  File "C:\Users\User\Downloads\Kimi_Agent_CombatTournamentPlatform_ исправления\combat_platform\users\decorators.py", line 47, in _wrapped
    return view_func(request, *args, **kwargs)
  File "C:\Users\User\Downloads\Kimi_Agent_CombatTournamentPlatform_ исправления\combat_platform\tournaments\views\participants.py", line 83, in participants_management
    return render(request, 'tournaments/participants_management.html', {
        'tournaments': tournaments,
    ...<8 lines>...
        'age_weight_categories': age_weight_categories,
    })
  File "C:\Users\User\Downloads\Kimi_Agent_CombatTournamentPlatform_ исправления\combat_platform\venv\Lib\site-packages\django\shortcuts.py", line 25, in render
    content = loader.render_to_string(template_name, context, request, using=using)
  File "C:\Users\User\Downloads\Kimi_Agent_CombatTournamentPlatform_ исправления\combat_platform\venv\Lib\site-packages\django\template\loader.py", line 62, in render_to_string
    return template.render(context, request)
           ~~~~~~~~~~~~~~~^^^^^^^^^^^^^^^^^^
  File "C:\Users\User\Downloads\Kimi_Agent_CombatTournamentPlatform_ исправления\combat_platform\venv\Lib\site-packages\django\template\backends\django.py", line 61, in render
    return self.template.render(context)
           ~~~~~~~~~~~~~~~~~~~~^^^^^^^^^
  File "C:\Users\User\Downloads\Kimi_Agent_CombatTournamentPlatform_ исправления\combat_platform\venv\Lib\site-packages\django\template\base.py", line 171, in render
    return self._render(context)
           ~~~~~~~~~~~~^^^^^^^^^
  File "C:\Users\User\Downloads\Kimi_Agent_CombatTournamentPlatform_ исправления\combat_platform\venv\Lib\site-packages\django\template\base.py", line 163, in _render
    return self.nodelist.render(context)
           ~~~~~~~~~~~~~~~~~~~~^^^^^^^^^
  File "C:\Users\User\Downloads\Kimi_Agent_CombatTournamentPlatform_ исправления\combat_platform\venv\Lib\site-packages\django\template\base.py", line 1000, in render
    return SafeString("".join([node.render_annotated(context) for node in self]))
                               ~~~~~~~~~~~~~~~~~~~~~^^^^^^^^^
  File "C:\Users\User\Downloads\Kimi_Agent_CombatTournamentPlatform_ исправления\combat_platform\venv\Lib\site-packages\django\template\base.py", line 961, in render_annotated
    return self.render(context)
           ~~~~~~~~~~~^^^^^^^^^
  File "C:\Users\User\Downloads\Kimi_Agent_CombatTournamentPlatform_ исправления\combat_platform\venv\Lib\site-packages\django\template\loader_tags.py", line 159, in render
    return compiled_parent._render(context)
           ~~~~~~~~~~~~~~~~~~~~~~~^^^^^^^^^
  File "C:\Users\User\Downloads\Kimi_Agent_CombatTournamentPlatform_ исправления\combat_platform\venv\Lib\site-packages\django\template\base.py", line 163, in _render
    return self.nodelist.render(context)
           ~~~~~~~~~~~~~~~~~~~~^^^^^^^^^
  File "C:\Users\User\Downloads\Kimi_Agent_CombatTournamentPlatform_ исправления\combat_platform\venv\Lib\site-packages\django\template\base.py", line 1000, in render
    return SafeString("".join([node.render_annotated(context) for node in self]))
                               ~~~~~~~~~~~~~~~~~~~~~^^^^^^^^^
  File "C:\Users\User\Downloads\Kimi_Agent_CombatTournamentPlatform_ исправления\combat_platform\venv\Lib\site-packages\django\template\base.py", line 961, in render_annotated
    return self.render(context)
           ~~~~~~~~~~~^^^^^^^^^
  File "C:\Users\User\Downloads\Kimi_Agent_CombatTournamentPlatform_ исправления\combat_platform\venv\Lib\site-packages\django\template\loader_tags.py", line 65, in render
    result = block.nodelist.render(context)
  File "C:\Users\User\Downloads\Kimi_Agent_CombatTournamentPlatform_ исправления\combat_platform\venv\Lib\site-packages\django\template\base.py", line 1000, in render
    return SafeString("".join([node.render_annotated(context) for node in self]))
                               ~~~~~~~~~~~~~~~~~~~~~^^^^^^^^^
  File "C:\Users\User\Downloads\Kimi_Agent_CombatTournamentPlatform_ исправления\combat_platform\venv\Lib\site-packages\django\template\base.py", line 961, in render_annotated
    return self.render(context)
           ~~~~~~~~~~~^^^^^^^^^
  File "C:\Users\User\Downloads\Kimi_Agent_CombatTournamentPlatform_ исправления\combat_platform\venv\Lib\site-packages\django\template\defaulttags.py", line 326, in render
    return nodelist.render(context)
           ~~~~~~~~~~~~~~~^^^^^^^^^
  File "C:\Users\User\Downloads\Kimi_Agent_CombatTournamentPlatform_ исправления\combat_platform\venv\Lib\site-packages\django\template\base.py", line 1000, in render
    return SafeString("".join([node.render_annotated(context) for node in self]))
                               ~~~~~~~~~~~~~~~~~~~~~^^^^^^^^^
  File "C:\Users\User\Downloads\Kimi_Agent_CombatTournamentPlatform_ исправления\combat_platform\venv\Lib\site-packages\django\template\base.py", line 961, in render_annotated
    return self.render(context)
           ~~~~~~~~~~~^^^^^^^^^
  File "C:\Users\User\Downloads\Kimi_Agent_CombatTournamentPlatform_ исправления\combat_platform\venv\Lib\site-packages\django\template\defaulttags.py", line 242, in render
    nodelist.append(node.render_annotated(context))
                    ~~~~~~~~~~~~~~~~~~~~~^^^^^^^^^
  File "C:\Users\User\Downloads\Kimi_Agent_CombatTournamentPlatform_ исправления\combat_platform\venv\Lib\site-packages\django\template\base.py", line 961, in render_annotated
    return self.render(context)
           ~~~~~~~~~~~^^^^^^^^^
  File "C:\Users\User\Downloads\Kimi_Agent_CombatTournamentPlatform_ исправления\combat_platform\venv\Lib\site-packages\django\template\defaulttags.py", line 479, in render
    url = reverse(view_name, args=args, kwargs=kwargs, current_app=current_app)
  File "C:\Users\User\Downloads\Kimi_Agent_CombatTournamentPlatform_ исправления\combat_platform\venv\Lib\site-packages\django\urls\base.py", line 88, in reverse
    return resolver._reverse_with_prefix(view, prefix, *args, **kwargs)
           ~~~~~~~~~~~~~~~~~~~~~~~~~~~~~^^^^^^^^^^^^^^^^^^^^^^^^^^^^^^^
  File "C:\Users\User\Downloads\Kimi_Agent_CombatTournamentPlatform_ исправления\combat_platform\venv\Lib\site-packages\django\urls\resolvers.py", line 851, in _reverse_with_prefix
    raise NoReverseMatch(msg)
django.urls.exceptions.NoReverseMatch: Reverse for 'delete_registration' not found. 'delete_registration' is not a valid view function or pattern name.
[2026-06-18 14:56:39,354] ERROR django.server "GET /tournaments/participants/?tournament=2 HTTP/1.1" 500 240384
[2026-06-18 14:58:06,193] INFO django.utils.autoreload C:\Users\User\Downloads\Kimi_Agent_CombatTournamentPlatform_ исправления\combat_platform\tournaments\urls.py changed, reloading.
[2026-06-18 14:58:06,666] INFO django.utils.autoreload Watching for file changes with StatReloader
[2026-06-18 14:58:08,383] INFO django.utils.autoreload Watching for file changes with StatReloader
[2026-06-18 14:58:10,755] INFO django.server "GET / HTTP/1.1" 200 13049
[2026-06-18 14:58:12,898] INFO django.server "GET /tournaments/ HTTP/1.1" 200 13085
[2026-06-18 14:58:15,481] INFO django.server "GET /tournaments/3/ HTTP/1.1" 200 10764
[2026-06-18 14:58:17,648] INFO django.server "GET /tournaments/participants/?tournament=3 HTTP/1.1" 200 254634
[2026-06-18 14:58:23,433] INFO django.server "POST /tournaments/registration/7/delete/ HTTP/1.1" 302 0
[2026-06-18 14:58:23,459] INFO django.server "GET /tournaments/participants/?tournament=3 HTTP/1.1" 200 247159
[2026-06-18 14:58:27,351] INFO django.server "POST /tournaments/registration/12/delete/ HTTP/1.1" 302 0
[2026-06-18 14:58:27,381] INFO django.server "GET /tournaments/participants/?tournament=3 HTTP/1.1" 200 239275
[2026-06-18 14:58:32,638] INFO django.server "POST /tournaments/registration/17/delete/ HTTP/1.1" 302 0
[2026-06-18 14:58:32,663] INFO django.server "GET /tournaments/participants/?tournament=3 HTTP/1.1" 200 231375
[2026-06-18 14:58:39,413] INFO django.server "POST /tournaments/registration/11/delete/ HTTP/1.1" 302 0
[2026-06-18 14:58:39,437] INFO django.server "GET /tournaments/participants/?tournament=3 HTTP/1.1" 200 223474
[2026-06-18 14:58:46,740] INFO django.server "GET /tournaments/participants/?tournament=3&search=%D0%94%D0%BC%D0%B8%D1%82%D1%80%D0%B8%D0%B9&status= HTTP/1.1" 200 18136
[2026-06-18 14:58:48,791] INFO django.server "GET /tournaments/participants/?tournament=3 HTTP/1.1" 200 223077
[2026-06-18 14:59:00,721] INFO django.server "POST /tournaments/registration/13/delete/ HTTP/1.1" 302 0
[2026-06-18 14:59:00,745] INFO django.server "GET /tournaments/participants/?tournament=3 HTTP/1.1" 200 215594
[2026-06-18 14:59:06,328] INFO django.server "POST /tournaments/registration/28/delete/ HTTP/1.1" 302 0
[2026-06-18 14:59:06,354] INFO django.server "GET /tournaments/participants/?tournament=3 HTTP/1.1" 200 207703
[2026-06-18 14:59:10,897] INFO django.server "POST /tournaments/registration/27/delete/ HTTP/1.1" 302 0
[2026-06-18 14:59:10,920] INFO django.server "GET /tournaments/participants/?tournament=3 HTTP/1.1" 200 199814
[2026-06-18 14:59:16,842] INFO django.server "POST /tournaments/registration/20/delete/ HTTP/1.1" 302 0
[2026-06-18 14:59:16,864] INFO django.server "GET /tournaments/participants/?tournament=3 HTTP/1.1" 200 191945
[2026-06-18 14:59:23,771] INFO django.server "POST /tournaments/registration/26/delete/ HTTP/1.1" 302 0
[2026-06-18 14:59:23,793] INFO django.server "GET /tournaments/participants/?tournament=3 HTTP/1.1" 200 184080
[2026-06-18 14:59:29,505] INFO django.server "POST /tournaments/registration/30/delete/ HTTP/1.1" 302 0
[2026-06-18 14:59:29,528] INFO django.server "GET /tournaments/participants/?tournament=3 HTTP/1.1" 200 176205
[2026-06-18 14:59:42,709] INFO django.server "POST /tournaments/registration/22/delete/ HTTP/1.1" 302 0
[2026-06-18 14:59:42,731] INFO django.server "GET /tournaments/participants/?tournament=3 HTTP/1.1" 200 168320
[2026-06-18 14:59:50,902] INFO django.server "POST /tournaments/registration/21/delete/ HTTP/1.1" 302 0
[2026-06-18 14:59:50,923] INFO django.server "GET /tournaments/participants/?tournament=3 HTTP/1.1" 200 160459
[2026-06-18 15:01:52,940] INFO django.server "GET /tournaments/3/participants/add/ HTTP/1.1" 200 9604
[2026-06-18 15:01:54,970] INFO django.server "GET /tournaments/participants/?tournament=3 HTTP/1.1" 200 160062
[2026-06-18 15:01:55,894] ERROR django.request Internal Server Error: /tournaments/3/participants/excel/
Traceback (most recent call last):
  File "C:\Users\User\Downloads\Kimi_Agent_CombatTournamentPlatform_ исправления\combat_platform\venv\Lib\site-packages\django\core\handlers\exception.py", line 55, in inner
    response = get_response(request)
  File "C:\Users\User\Downloads\Kimi_Agent_CombatTournamentPlatform_ исправления\combat_platform\venv\Lib\site-packages\django\core\handlers\base.py", line 197, in _get_response
    response = wrapped_callback(request, *callback_args, **callback_kwargs)
  File "C:\Users\User\Downloads\Kimi_Agent_CombatTournamentPlatform_ исправления\combat_platform\venv\Lib\site-packages\django\contrib\auth\decorators.py", line 23, in _wrapper_view
    return view_func(request, *args, **kwargs)
  File "C:\Users\User\Downloads\Kimi_Agent_CombatTournamentPlatform_ исправления\combat_platform\users\decorators.py", line 47, in _wrapped
    return view_func(request, *args, **kwargs)
  File "C:\Users\User\Downloads\Kimi_Agent_CombatTournamentPlatform_ исправления\combat_platform\tournaments\views\participants.py", line 458, in add_participant_excel
    return render(request, 'tournaments/add_participant_excel.html', {
        'form': form, 'tournament': tournament
    })
  File "C:\Users\User\Downloads\Kimi_Agent_CombatTournamentPlatform_ исправления\combat_platform\venv\Lib\site-packages\django\shortcuts.py", line 25, in render
    content = loader.render_to_string(template_name, context, request, using=using)
  File "C:\Users\User\Downloads\Kimi_Agent_CombatTournamentPlatform_ исправления\combat_platform\venv\Lib\site-packages\django\template\loader.py", line 62, in render_to_string
    return template.render(context, request)
           ~~~~~~~~~~~~~~~^^^^^^^^^^^^^^^^^^
  File "C:\Users\User\Downloads\Kimi_Agent_CombatTournamentPlatform_ исправления\combat_platform\venv\Lib\site-packages\django\template\backends\django.py", line 61, in render
    return self.template.render(context)
           ~~~~~~~~~~~~~~~~~~~~^^^^^^^^^
  File "C:\Users\User\Downloads\Kimi_Agent_CombatTournamentPlatform_ исправления\combat_platform\venv\Lib\site-packages\django\template\base.py", line 171, in render
    return self._render(context)
           ~~~~~~~~~~~~^^^^^^^^^
  File "C:\Users\User\Downloads\Kimi_Agent_CombatTournamentPlatform_ исправления\combat_platform\venv\Lib\site-packages\django\template\base.py", line 163, in _render
    return self.nodelist.render(context)
           ~~~~~~~~~~~~~~~~~~~~^^^^^^^^^
  File "C:\Users\User\Downloads\Kimi_Agent_CombatTournamentPlatform_ исправления\combat_platform\venv\Lib\site-packages\django\template\base.py", line 1000, in render
    return SafeString("".join([node.render_annotated(context) for node in self]))
                               ~~~~~~~~~~~~~~~~~~~~~^^^^^^^^^
  File "C:\Users\User\Downloads\Kimi_Agent_CombatTournamentPlatform_ исправления\combat_platform\venv\Lib\site-packages\django\template\base.py", line 961, in render_annotated
    return self.render(context)
           ~~~~~~~~~~~^^^^^^^^^
  File "C:\Users\User\Downloads\Kimi_Agent_CombatTournamentPlatform_ исправления\combat_platform\venv\Lib\site-packages\django\template\loader_tags.py", line 159, in render
    return compiled_parent._render(context)
           ~~~~~~~~~~~~~~~~~~~~~~~^^^^^^^^^
  File "C:\Users\User\Downloads\Kimi_Agent_CombatTournamentPlatform_ исправления\combat_platform\venv\Lib\site-packages\django\template\base.py", line 163, in _render
    return self.nodelist.render(context)
           ~~~~~~~~~~~~~~~~~~~~^^^^^^^^^
  File "C:\Users\User\Downloads\Kimi_Agent_CombatTournamentPlatform_ исправления\combat_platform\venv\Lib\site-packages\django\template\base.py", line 1000, in render
    return SafeString("".join([node.render_annotated(context) for node in self]))
                               ~~~~~~~~~~~~~~~~~~~~~^^^^^^^^^
  File "C:\Users\User\Downloads\Kimi_Agent_CombatTournamentPlatform_ исправления\combat_platform\venv\Lib\site-packages\django\template\base.py", line 961, in render_annotated
    return self.render(context)
           ~~~~~~~~~~~^^^^^^^^^
  File "C:\Users\User\Downloads\Kimi_Agent_CombatTournamentPlatform_ исправления\combat_platform\venv\Lib\site-packages\django\template\loader_tags.py", line 65, in render
    result = block.nodelist.render(context)
  File "C:\Users\User\Downloads\Kimi_Agent_CombatTournamentPlatform_ исправления\combat_platform\venv\Lib\site-packages\django\template\base.py", line 1000, in render
    return SafeString("".join([node.render_annotated(context) for node in self]))
                               ~~~~~~~~~~~~~~~~~~~~~^^^^^^^^^
  File "C:\Users\User\Downloads\Kimi_Agent_CombatTournamentPlatform_ исправления\combat_platform\venv\Lib\site-packages\django\template\base.py", line 961, in render_annotated
    return self.render(context)
           ~~~~~~~~~~~^^^^^^^^^
  File "C:\Users\User\Downloads\Kimi_Agent_CombatTournamentPlatform_ исправления\combat_platform\venv\Lib\site-packages\django\template\defaulttags.py", line 479, in render
    url = reverse(view_name, args=args, kwargs=kwargs, current_app=current_app)
  File "C:\Users\User\Downloads\Kimi_Agent_CombatTournamentPlatform_ исправления\combat_platform\venv\Lib\site-packages\django\urls\base.py", line 88, in reverse
    return resolver._reverse_with_prefix(view, prefix, *args, **kwargs)
           ~~~~~~~~~~~~~~~~~~~~~~~~~~~~~^^^^^^^^^^^^^^^^^^^^^^^^^^^^^^^
  File "C:\Users\User\Downloads\Kimi_Agent_CombatTournamentPlatform_ исправления\combat_platform\venv\Lib\site-packages\django\urls\resolvers.py", line 851, in _reverse_with_prefix
    raise NoReverseMatch(msg)
django.urls.exceptions.NoReverseMatch: Reverse for 'download_excel_template' not found. 'download_excel_template' is not a valid view function or pattern name.
[2026-06-18 15:01:55,899] ERROR django.server "GET /tournaments/3/participants/excel/ HTTP/1.1" 500 174445
[2026-06-18 15:02:53,533] INFO django.utils.autoreload C:\Users\User\Downloads\Kimi_Agent_CombatTournamentPlatform_ исправления\combat_platform\tournaments\urls.py changed, reloading.
[2026-06-18 15:02:54,024] INFO django.utils.autoreload Watching for file changes with StatReloader
[2026-06-18 15:02:56,033] INFO django.utils.autoreload Watching for file changes with StatReloader
[2026-06-18 15:02:57,274] INFO django.server "GET / HTTP/1.1" 200 13049
[2026-06-18 15:02:59,035] INFO django.server "GET /tournaments/ HTTP/1.1" 200 13085
[2026-06-18 15:03:00,700] INFO django.server "GET /tournaments/3/ HTTP/1.1" 200 10764
[2026-06-18 15:03:03,117] INFO django.server "GET /tournaments/participants/?tournament=3 HTTP/1.1" 200 160062
[2026-06-18 15:03:05,374] INFO django.server "GET /tournaments/3/participants/excel/ HTTP/1.1" 200 9419
[2026-06-18 15:03:10,382] ERROR django.request Internal Server Error: /tournaments/3/participants/excel/
Traceback (most recent call last):
  File "C:\Users\User\Downloads\Kimi_Agent_CombatTournamentPlatform_ исправления\combat_platform\venv\Lib\site-packages\django\core\handlers\exception.py", line 55, in inner
    response = get_response(request)
  File "C:\Users\User\Downloads\Kimi_Agent_CombatTournamentPlatform_ исправления\combat_platform\venv\Lib\site-packages\django\core\handlers\base.py", line 197, in _get_response
    response = wrapped_callback(request, *callback_args, **callback_kwargs)
  File "C:\Users\User\Downloads\Kimi_Agent_CombatTournamentPlatform_ исправления\combat_platform\venv\Lib\site-packages\django\contrib\auth\decorators.py", line 23, in _wrapper_view
    return view_func(request, *args, **kwargs)
  File "C:\Users\User\Downloads\Kimi_Agent_CombatTournamentPlatform_ исправления\combat_platform\users\decorators.py", line 47, in _wrapped
    return view_func(request, *args, **kwargs)
  File "C:\Users\User\Downloads\Kimi_Agent_CombatTournamentPlatform_ исправления\combat_platform\tournaments\views\participants.py", line 452, in add_participant_excel
    os.remove(file_path)
    ~~~~~~~~~^^^^^^^^^^^
PermissionError: [WinError 32] Процесс не может получить доступ к файлу, так как этот файл занят другим процессом: 'C:\\Users\\User\\AppData\\Local\\Temp\\template_participants_2.xlsx'
[2026-06-18 15:03:10,385] ERROR django.server "POST /tournaments/3/participants/excel/ HTTP/1.1" 500 88855
[2026-06-18 15:08:33,598] INFO django.utils.autoreload C:\Users\User\Downloads\Kimi_Agent_CombatTournamentPlatform_ исправления\combat_platform\tournaments\views\participants.py changed, reloading.
[2026-06-18 15:08:34,109] INFO django.utils.autoreload Watching for file changes with StatReloader
[2026-06-18 15:08:50,052] INFO django.utils.autoreload C:\Users\User\Downloads\Kimi_Agent_CombatTournamentPlatform_ исправления\combat_platform\tournaments\urls.py changed, reloading.
[2026-06-18 15:08:50,540] INFO django.utils.autoreload Watching for file changes with StatReloader
[2026-06-18 15:09:10,538] INFO django.utils.autoreload Watching for file changes with StatReloader
[2026-06-18 15:09:11,802] INFO django.server "GET / HTTP/1.1" 200 17620
[2026-06-18 15:09:23,636] INFO django.server "GET /tournaments/3/ HTTP/1.1" 200 10764
[2026-06-18 15:09:26,837] INFO django.server "GET /tournaments/participants/?tournament=3 HTTP/1.1" 200 223092
[2026-06-18 15:09:28,528] INFO django.server "GET /tournaments/3/participants/excel/ HTTP/1.1" 200 9419
[2026-06-18 15:09:34,051] ERROR django.request Internal Server Error: /tournaments/3/participants/excel/
Traceback (most recent call last):
  File "C:\Users\User\Downloads\Kimi_Agent_CombatTournamentPlatform_ исправления\combat_platform\venv\Lib\site-packages\django\core\handlers\exception.py", line 55, in inner
    response = get_response(request)
  File "C:\Users\User\Downloads\Kimi_Agent_CombatTournamentPlatform_ исправления\combat_platform\venv\Lib\site-packages\django\core\handlers\base.py", line 197, in _get_response
    response = wrapped_callback(request, *callback_args, **callback_kwargs)
  File "C:\Users\User\Downloads\Kimi_Agent_CombatTournamentPlatform_ исправления\combat_platform\venv\Lib\site-packages\django\contrib\auth\decorators.py", line 23, in _wrapper_view
    return view_func(request, *args, **kwargs)
  File "C:\Users\User\Downloads\Kimi_Agent_CombatTournamentPlatform_ исправления\combat_platform\users\decorators.py", line 47, in _wrapped
    return view_func(request, *args, **kwargs)
  File "C:\Users\User\Downloads\Kimi_Agent_CombatTournamentPlatform_ исправления\combat_platform\tournaments\views\participants.py", line 454, in add_participant_excel
    fs.delete(filename)
    ~~~~~~~~~^^^^^^^^^^
  File "C:\Users\User\Downloads\Kimi_Agent_CombatTournamentPlatform_ исправления\combat_platform\venv\Lib\site-packages\django\core\files\storage\filesystem.py", line 158, in delete
    os.remove(name)
    ~~~~~~~~~^^^^^^
PermissionError: [WinError 32] Процесс не может получить доступ к файлу, так как этот файл занят другим процессом: 'C:\\Users\\User\\AppData\\Local\\Temp\\template_participants_2_njnjS2m.xlsx'
[2026-06-18 15:09:34,054] ERROR django.server "POST /tournaments/3/participants/excel/ HTTP/1.1" 500 93043
[2026-06-18 15:11:20,694] INFO django.utils.autoreload C:\Users\User\Downloads\Kimi_Agent_CombatTournamentPlatform_ исправления\combat_platform\tournaments\views\participants.py changed, reloading.
[2026-06-18 15:11:22,300] INFO django.utils.autoreload Watching for file changes with StatReloader
[2026-06-18 15:11:24,179] INFO django.server "GET / HTTP/1.1" 200 17620
[2026-06-18 15:11:39,654] INFO django.server "GET /tournaments/3/ HTTP/1.1" 200 10764
[2026-06-18 15:11:42,555] INFO django.server "GET /tournaments/participants/?tournament=3 HTTP/1.1" 200 223092
[2026-06-18 15:11:43,863] INFO django.server "GET /tournaments/3/participants/excel/ HTTP/1.1" 200 9419
[2026-06-18 15:11:50,178] INFO django.server "POST /tournaments/3/participants/excel/ HTTP/1.1" 302 0
[2026-06-18 15:11:50,203] INFO django.server "GET /tournaments/participants/?tournament=3 HTTP/1.1" 200 227663
[2026-06-18 15:15:42,477] INFO django.utils.autoreload C:\Users\User\Downloads\Kimi_Agent_CombatTournamentPlatform_ исправления\combat_platform\tournaments\views\participants.py changed, reloading.
[2026-06-18 15:15:45,273] INFO django.utils.autoreload Watching for file changes with StatReloader
[2026-06-18 15:15:46,976] INFO django.server "GET / HTTP/1.1" 200 13049
[2026-06-18 15:15:47,947] INFO django.server "GET /tournaments/ HTTP/1.1" 200 13085
[2026-06-18 15:15:48,587] INFO django.server "GET /tournaments/fighters/ HTTP/1.1" 200 50000
[2026-06-18 15:15:49,295] INFO django.server "GET /tournaments/ HTTP/1.1" 200 13085
[2026-06-18 15:15:50,309] INFO django.server "GET /tournaments/2/ HTTP/1.1" 200 12955
[2026-06-18 15:15:52,884] INFO django.server "GET /tournaments/participants/?tournament=2 HTTP/1.1" 200 60001
[2026-06-18 15:15:58,569] INFO django.server "GET /tournaments/fighters/ HTTP/1.1" 200 50000
[2026-06-18 15:15:59,589] INFO django.server "GET /tournaments/ HTTP/1.1" 200 13085
[2026-06-18 15:16:00,742] INFO django.server "GET /tournaments/3/ HTTP/1.1" 200 10764
[2026-06-18 15:16:02,736] INFO django.server "GET /tournaments/participants/?tournament=3 HTTP/1.1" 200 223092
[2026-06-18 15:16:04,005] INFO django.server "GET /tournaments/3/participants/excel/ HTTP/1.1" 200 9419
[2026-06-18 15:16:04,831] INFO django.server "GET /tournaments/3/participants/excel/template/ HTTP/1.1" 200 5656
[2026-06-18 15:31:55,364] INFO django.server "POST /tournaments/3/participants/excel/ HTTP/1.1" 302 0
[2026-06-18 15:31:55,402] INFO django.server "GET /tournaments/participants/?tournament=3 HTTP/1.1" 200 428562
[2026-06-18 15:32:02,413] INFO django.server "POST /tournaments/registration/24/delete/ HTTP/1.1" 302 0
[2026-06-18 15:32:02,448] INFO django.server "GET /tournaments/participants/?tournament=3 HTTP/1.1" 200 420699
[2026-06-18 15:32:20,087] INFO django.server "POST /tournaments/registration/19/delete/ HTTP/1.1" 302 0
[2026-06-18 15:32:20,122] INFO django.server "GET /tournaments/participants/?tournament=3 HTTP/1.1" 200 412815
[2026-06-18 15:32:25,737] INFO django.server "POST /tournaments/registration/45/delete/ HTTP/1.1" 302 0
[2026-06-18 15:32:25,770] INFO django.server "GET /tournaments/participants/?tournament=3 HTTP/1.1" 200 404926
[2026-06-18 15:32:32,291] INFO django.server "POST /tournaments/registration/44/delete/ HTTP/1.1" 302 0
[2026-06-18 15:32:32,325] INFO django.server "GET /tournaments/participants/?tournament=3 HTTP/1.1" 200 397043
[2026-06-18 15:32:41,396] INFO django.server "POST /tournaments/registration/8/delete/ HTTP/1.1" 302 0
[2026-06-18 15:32:41,429] INFO django.server "GET /tournaments/participants/?tournament=3 HTTP/1.1" 200 389192
[2026-06-18 15:32:47,839] INFO django.server "POST /tournaments/registration/47/delete/ HTTP/1.1" 302 0
[2026-06-18 15:32:47,871] INFO django.server "GET /tournaments/participants/?tournament=3 HTTP/1.1" 200 381313
[2026-06-18 15:33:02,067] INFO django.server "POST /tournaments/registration/46/update/ HTTP/1.1" 302 0
[2026-06-18 15:33:02,103] INFO django.server "GET /tournaments/participants/?tournament=3 HTTP/1.1" 200 381299
[2026-06-18 15:33:08,427] INFO django.server "POST /tournaments/registration/10/delete/ HTTP/1.1" 302 0
[2026-06-18 15:33:08,461] INFO django.server "GET /tournaments/participants/?tournament=3 HTTP/1.1" 200 373430
[2026-06-18 15:33:24,037] INFO django.server "POST /tournaments/registration/23/delete/ HTTP/1.1" 302 0
[2026-06-18 15:33:24,069] INFO django.server "GET /tournaments/participants/?tournament=3 HTTP/1.1" 200 365529
[2026-06-18 15:33:35,056] INFO django.server "POST /tournaments/registration/9/delete/ HTTP/1.1" 302 0
[2026-06-18 15:33:35,087] INFO django.server "GET /tournaments/participants/?tournament=3 HTTP/1.1" 200 357686
[2026-06-18 15:33:53,693] INFO django.server "POST /tournaments/registration/46/update/ HTTP/1.1" 302 0
[2026-06-18 15:33:53,726] INFO django.server "GET /tournaments/participants/?tournament=3 HTTP/1.1" 200 357675
[2026-06-18 15:33:57,802] INFO django.server "POST /tournaments/registration/64/update/ HTTP/1.1" 302 0
[2026-06-18 15:33:57,834] INFO django.server "GET /tournaments/participants/?tournament=3 HTTP/1.1" 200 357680
[2026-06-18 15:34:03,060] INFO django.server "POST /tournaments/registration/61/update/ HTTP/1.1" 302 0
[2026-06-18 15:34:03,093] INFO django.server "GET /tournaments/participants/?tournament=3 HTTP/1.1" 200 357683
[2026-06-18 15:34:06,585] INFO django.server "POST /tournaments/registration/59/update/ HTTP/1.1" 302 0
[2026-06-18 15:34:06,618] INFO django.server "GET /tournaments/participants/?tournament=3 HTTP/1.1" 200 357684
[2026-06-18 15:34:10,835] INFO django.server "POST /tournaments/registration/43/update/ HTTP/1.1" 302 0
[2026-06-18 15:34:10,867] INFO django.server "GET /tournaments/participants/?tournament=3 HTTP/1.1" 200 357695
[2026-06-18 15:34:16,917] INFO django.server "POST /tournaments/registration/51/update/ HTTP/1.1" 302 0
[2026-06-18 15:34:16,948] INFO django.server "GET /tournaments/participants/?tournament=3 HTTP/1.1" 200 357700
[2026-06-18 15:34:21,408] INFO django.server "POST /tournaments/registration/50/update/ HTTP/1.1" 302 0
[2026-06-18 15:34:21,445] INFO django.server "GET /tournaments/participants/?tournament=3 HTTP/1.1" 200 357708
[2026-06-18 15:34:26,492] INFO django.server "POST /tournaments/registration/70/update/ HTTP/1.1" 302 0
[2026-06-18 15:34:26,524] INFO django.server "GET /tournaments/participants/?tournament=3 HTTP/1.1" 200 357710
[2026-06-18 15:34:30,723] INFO django.server "POST /tournaments/registration/70/update/ HTTP/1.1" 302 0
[2026-06-18 15:34:30,757] INFO django.server "GET /tournaments/participants/?tournament=3 HTTP/1.1" 200 357705
[2026-06-18 15:34:42,221] INFO django.server "GET /tournaments/3/categories/ HTTP/1.1" 200 10560
[2026-06-18 15:35:01,419] INFO django.server "POST /tournaments/3/categories/ HTTP/1.1" 302 0
[2026-06-18 15:35:01,434] INFO django.server "GET /tournaments/3/categories/ HTTP/1.1" 200 16646
[2026-06-18 15:35:03,126] INFO django.server "GET /tournaments/3/ HTTP/1.1" 200 11152
[2026-06-18 15:35:06,409] INFO django.server "GET /tournaments/participants/?tournament=3 HTTP/1.1" 200 368110
[2026-06-18 15:35:08,422] INFO tournaments Распределение по категориям: 11 успешно, 0 пропущено, 0 не удалось
[2026-06-18 15:35:08,422] INFO django.server "GET /tournaments/3/auto-assign/ HTTP/1.1" 302 0
[2026-06-18 15:35:08,457] INFO django.server "GET /tournaments/participants/?tournament=3 HTTP/1.1" 200 368459
[2026-06-18 15:35:15,261] INFO django.server "GET /tournaments/ HTTP/1.1" 200 13085
[2026-06-18 15:35:17,484] INFO django.server "GET /tournaments/3/ HTTP/1.1" 200 11153
[2026-06-18 15:35:19,879] INFO tournaments Генерация сетки #4: 11 участников, 4 раундов, 5 автопроходов
[2026-06-18 15:35:19,889] INFO django.server "GET /tournaments/3/brackets/generate/ HTTP/1.1" 302 0
[2026-06-18 15:35:19,902] INFO django.server "GET /tournaments/3/ HTTP/1.1" 200 12385
[2026-06-18 15:35:21,146] INFO django.server "GET /tournaments/3/bracket/4/ HTTP/1.1" 200 26970
[2026-06-18 15:35:30,079] INFO django.server "GET /tournaments/fighters/ HTTP/1.1" 200 78388
[2026-06-18 15:35:32,611] INFO django.server "GET /tournaments/judges/ HTTP/1.1" 200 8800
[2026-06-18 15:35:37,370] INFO django.server "GET /tournaments/ HTTP/1.1" 200 13088
[2026-06-18 15:35:39,178] INFO django.server "GET /tournaments/3/ HTTP/1.1" 200 11632
[2026-06-18 15:35:40,375] INFO django.server "GET /tournaments/3/fights/ HTTP/1.1" 200 24140
[2026-06-18 15:35:42,668] INFO django.server "GET /tournaments/3/fight/9/assign-judge/ HTTP/1.1" 200 7784
[2026-06-18 15:35:45,760] INFO tournaments Судья Иван Судьин (main) назначен на бой #9 и 5 боёв категории
[2026-06-18 15:35:45,761] INFO django.server "POST /tournaments/3/fight/9/assign-judge/ HTTP/1.1" 302 0
[2026-06-18 15:35:45,776] INFO django.server "GET /tournaments/3/fights/ HTTP/1.1" 200 23057
[2026-06-18 15:35:52,911] INFO django.server "GET /users/logout/ HTTP/1.1" 302 0
[2026-06-18 15:35:52,920] INFO django.server "GET / HTTP/1.1" 200 11228
[2026-06-18 15:35:54,076] INFO django.server "GET /users/login/ HTTP/1.1" 200 5365
[2026-06-18 15:35:55,720] INFO django.server "POST /users/login/ HTTP/1.1" 302 0
[2026-06-18 15:35:55,730] INFO django.server "GET /dashboard/ HTTP/1.1" 200 8854
[2026-06-18 15:35:57,386] INFO django.server "GET /tournaments/judge/dashboard/ HTTP/1.1" 200 15695
[2026-06-18 15:36:01,036] INFO django.server "GET /tournaments/judge/fight/9/panel/ HTTP/1.1" 200 20898
[2026-06-18 15:36:02,765] INFO django.server "POST /tournaments/3/fight/9/timer/control/ HTTP/1.1" 200 37
[2026-06-18 15:37:03,485] INFO django.server "POST /tournaments/3/fight/9/timer/control/ HTTP/1.1" 200 37
[2026-06-18 15:37:05,332] INFO django.server "POST /tournaments/3/fight/9/timer/control/ HTTP/1.1" 200 37
[2026-06-18 15:37:06,582] INFO django.server "POST /tournaments/3/fight/9/timer/control/ HTTP/1.1" 200 37
[2026-06-18 15:37:07,156] INFO django.server "POST /tournaments/3/fight/9/timer/control/ HTTP/1.1" 200 37
[2026-06-18 15:42:36,406] INFO django.utils.autoreload Watching for file changes with StatReloader
[2026-06-18 15:42:37,681] INFO django.server "GET / HTTP/1.1" 200 12107
[2026-06-18 15:42:39,400] INFO django.server "GET /tournaments/ HTTP/1.1" 200 12146
[2026-06-18 15:42:40,016] INFO django.server "GET /tournaments/judge/dashboard/ HTTP/1.1" 200 15695
[2026-06-18 15:42:42,378] INFO django.server "GET /tournaments/judge/fight/4/panel/ HTTP/1.1" 200 17129
[2026-06-18 15:42:47,912] INFO django.server "GET /tournaments/judge/fight/9/panel/ HTTP/1.1" 200 17115
[2026-06-18 15:42:50,791] INFO django.server "POST /tournaments/3/fight/9/timer/control/ HTTP/1.1" 200 37
[2026-06-18 15:43:03,757] INFO tournaments Бой #9 завершён. Победитель: Даниил АХМЕТОВ, метод: submission
[2026-06-18 15:43:03,760] INFO django.server "POST /tournaments/judge/fight/9/panel/ HTTP/1.1" 302 0
[2026-06-18 15:43:03,773] INFO django.server "GET /tournaments/judge/dashboard/ HTTP/1.1" 200 15777
[2026-06-18 15:43:06,260] INFO django.server "GET /tournaments/judge/fight/8/panel/ HTTP/1.1" 200 17115
[2026-06-18 15:43:19,891] INFO tournaments Бой #8 завершён. Победитель: Мирон Григорьев, метод: walkover
[2026-06-18 15:43:19,895] INFO django.server "POST /tournaments/judge/fight/8/panel/ HTTP/1.1" 302 0
[2026-06-18 15:43:19,909] INFO django.server "GET /tournaments/judge/dashboard/ HTTP/1.1" 200 15514
[2026-06-18 15:43:21,531] INFO django.server "GET /tournaments/judge/fight/7/panel/ HTTP/1.1" 200 17103
[2026-06-18 15:43:25,318] INFO tournaments Бой #7 завершён. Победитель: Фёдор Белов, метод: knockout
[2026-06-18 15:43:25,322] INFO django.server "POST /tournaments/judge/fight/7/panel/ HTTP/1.1" 302 0
[2026-06-18 15:43:25,334] INFO django.server "GET /tournaments/judge/dashboard/ HTTP/1.1" 200 15251
[2026-06-18 15:43:26,673] INFO django.server "GET /tournaments/judge/fight/6/panel/ HTTP/1.1" 200 17127
[2026-06-18 15:43:36,605] INFO tournaments Бой #6 завершён. Победитель: Владислав Ковалёв, метод: points
[2026-06-18 15:43:36,608] INFO django.server "POST /tournaments/judge/fight/6/panel/ HTTP/1.1" 302 0
[2026-06-18 15:43:36,620] INFO django.server "GET /tournaments/judge/dashboard/ HTTP/1.1" 200 14988
[2026-06-18 15:43:37,849] INFO django.server "GET /tournaments/judge/fight/5/panel/ HTTP/1.1" 200 17111
[2026-06-18 15:43:47,421] INFO tournaments Бой #5 завершён. Победитель: Назар Гусев, метод: knockout
[2026-06-18 15:43:47,428] INFO tournaments Сетка #4: продвинуто в раунд 2, создано 3 боёв
[2026-06-18 15:43:47,434] INFO django.server "POST /tournaments/judge/fight/5/panel/ HTTP/1.1" 302 0
[2026-06-18 15:43:47,446] INFO django.server "GET /tournaments/judge/dashboard/ HTTP/1.1" 200 14725
[2026-06-18 15:43:52,693] INFO django.server "GET /users/logout/ HTTP/1.1" 302 0
[2026-06-18 15:43:52,702] INFO django.server "GET / HTTP/1.1" 200 11228
[2026-06-18 15:43:54,106] INFO django.server "GET /users/login/ HTTP/1.1" 200 5365
[2026-06-18 15:44:00,356] INFO django.server "POST /users/login/ HTTP/1.1" 302 0
[2026-06-18 15:44:00,368] INFO django.server "GET /dashboard/ HTTP/1.1" 200 10503
[2026-06-18 15:44:20,273] INFO django.server "GET /tournaments/fighters/ HTTP/1.1" 200 78388
[2026-06-18 15:44:22,555] INFO django.server "GET /tournaments/ HTTP/1.1" 200 13088
[2026-06-18 15:44:23,734] INFO django.server "GET /tournaments/3/ HTTP/1.1" 200 11633
[2026-06-18 15:44:24,578] INFO django.server "GET /tournaments/3/bracket/4/ HTTP/1.1" 200 31765
[2026-06-18 15:44:47,439] INFO django.server "GET /tournaments/fighters/ HTTP/1.1" 200 78388
[2026-06-18 15:44:48,591] INFO django.server "GET /tournaments/ HTTP/1.1" 200 13088
[2026-06-18 15:44:50,289] INFO django.server "GET /tournaments/3/ HTTP/1.1" 200 11633
[2026-06-18 15:44:51,782] INFO django.server "GET /tournaments/3/fights/ HTTP/1.1" 200 31317
[2026-06-18 15:44:57,279] INFO django.server "GET /tournaments/3/fight/11/assign-judge/ HTTP/1.1" 200 7784
[2026-06-18 15:44:59,615] INFO tournaments Судья Иван Судьин (main) назначен на бой #11
[2026-06-18 15:44:59,616] INFO django.server "POST /tournaments/3/fight/11/assign-judge/ HTTP/1.1" 302 0
[2026-06-18 15:44:59,632] INFO django.server "GET /tournaments/3/fights/ HTTP/1.1" 200 31369
[2026-06-18 15:45:01,782] INFO django.server "GET /tournaments/3/fight/12/assign-judge/ HTTP/1.1" 200 7780
[2026-06-18 15:45:03,883] INFO tournaments Судья Иван Судьин (main) назначен на бой #12
[2026-06-18 15:45:03,884] INFO django.server "POST /tournaments/3/fight/12/assign-judge/ HTTP/1.1" 302 0
[2026-06-18 15:45:03,900] INFO django.server "GET /tournaments/3/fights/ HTTP/1.1" 200 31072
[2026-06-18 15:45:05,030] INFO django.server "GET /tournaments/3/fight/13/assign-judge/ HTTP/1.1" 200 7782
[2026-06-18 15:45:07,446] INFO tournaments Судья Иван Судьин (main) назначен на бой #13 и 0 боёв категории
[2026-06-18 15:45:07,447] INFO django.server "POST /tournaments/3/fight/13/assign-judge/ HTTP/1.1" 302 0
[2026-06-18 15:45:07,462] INFO django.server "GET /tournaments/3/fights/ HTTP/1.1" 200 30820
[2026-06-18 15:45:10,465] INFO django.server "GET /tournaments/judge/fight/10/panel/ HTTP/1.1" 302 0
[2026-06-18 15:45:10,475] INFO django.server "GET / HTTP/1.1" 200 13411
[2026-06-18 15:45:14,153] INFO django.server "GET /tournaments/judge/fight/9/panel/ HTTP/1.1" 302 0
[2026-06-18 15:45:14,163] INFO django.server "GET / HTTP/1.1" 200 13411
[2026-06-18 15:45:19,295] INFO django.server "GET /tournaments/judge/fight/9/panel/ HTTP/1.1" 302 0
[2026-06-18 15:45:19,306] INFO django.server "GET / HTTP/1.1" 200 13411
[2026-06-18 15:48:56,270] INFO django.server "GET /users/logout/ HTTP/1.1" 302 0
[2026-06-18 15:48:56,278] INFO django.server "GET / HTTP/1.1" 200 11228
[2026-06-18 15:48:58,504] INFO django.server "GET /users/login/ HTTP/1.1" 200 5365
[2026-06-18 15:49:02,312] INFO django.server "POST /users/login/ HTTP/1.1" 200 6059
[2026-06-18 15:49:05,111] INFO django.server "GET /users/register/ HTTP/1.1" 200 6525
[2026-06-18 15:49:10,498] INFO django.server "GET / HTTP/1.1" 200 10871
[2026-06-18 15:49:16,150] INFO django.server "GET /tournaments/fighters/ HTTP/1.1" 200 76215
[2026-06-18 15:49:19,261] INFO django.server "GET /users/login/ HTTP/1.1" 200 5365
[2026-06-18 15:49:21,736] INFO django.server "GET /tournaments/ HTTP/1.1" 200 10915
[2026-06-18 16:10:12,327] INFO django.utils.autoreload C:\Users\User\Downloads\Kimi_Agent_CombatTournamentPlatform_ исправления\combat_platform\tournaments\urls.py changed, reloading.
[2026-06-18 16:10:12,853] INFO django.utils.autoreload Watching for file changes with StatReloader
[2026-06-18 16:18:15,884] INFO django.utils.autoreload Watching for file changes with StatReloader
[2026-06-18 16:18:17,170] INFO django.server "GET / HTTP/1.1" 200 10871
[2026-06-18 16:18:18,308] INFO django.server "GET /tournaments/ HTTP/1.1" 200 10915
[2026-06-18 16:18:20,214] INFO django.server "GET /tournaments/3/ HTTP/1.1" 200 7623
[2026-06-18 16:18:25,311] INFO django.server "GET /users/login/ HTTP/1.1" 200 5365
[2026-06-18 16:18:26,623] INFO django.server "POST /users/login/ HTTP/1.1" 302 0
[2026-06-18 16:18:26,634] INFO django.server "GET /dashboard/ HTTP/1.1" 200 8854
[2026-06-18 16:18:29,433] INFO django.server "GET /users/logout/ HTTP/1.1" 302 0
[2026-06-18 16:18:29,443] INFO django.server "GET / HTTP/1.1" 200 11228
[2026-06-18 16:18:30,565] INFO django.server "GET /users/login/ HTTP/1.1" 200 5365
[2026-06-18 16:18:37,888] INFO django.server "POST /users/login/ HTTP/1.1" 302 0
[2026-06-18 16:18:37,899] INFO django.server "GET /dashboard/ HTTP/1.1" 200 10503
[2026-06-18 16:18:39,537] INFO django.server "GET /tournaments/ HTTP/1.1" 200 13088
[2026-06-18 16:18:40,883] INFO django.server "GET /tournaments/3/ HTTP/1.1" 200 11633
[2026-06-18 16:18:42,003] INFO django.server "GET /tournaments/3/fights/ HTTP/1.1" 200 30402
[2026-06-18 16:18:43,321] INFO django.server "GET /tournaments/fight/10/results/ HTTP/1.1" 200 9014
[2026-06-18 16:18:46,253] INFO django.server "GET /tournaments/3/fights/ HTTP/1.1" 200 30402
[2026-06-18 16:18:46,990] INFO django.server "GET /tournaments/fight/8/results/ HTTP/1.1" 200 9477
[2026-06-18 16:18:48,413] INFO django.server "GET /tournaments/3/fights/ HTTP/1.1" 200 30402
[2026-06-18 16:18:49,732] INFO django.server "GET /tournaments/judge/fight/11/panel/ HTTP/1.1" 302 0
[2026-06-18 16:18:49,742] INFO django.server "GET / HTTP/1.1" 200 13411
[2026-07-20 21:37:46,101] INFO django.utils.autoreload Watching for file changes with StatReloader
[2026-07-20 21:37:48,167] INFO django.server "GET / HTTP/1.1" 200 8202
[2026-07-20 21:37:48,265] INFO django.server "GET /static/css/style.css HTTP/1.1" 200 762
[2026-07-20 21:38:04,303] INFO django.server "GET / HTTP/1.1" 200 8202
[2026-07-20 21:38:27,575] WARNING django.request Not Found: /favicon.ico
[2026-07-20 21:38:27,575] WARNING django.server "GET /favicon.ico HTTP/1.1" 404 3038
[2026-07-20 21:38:30,220] INFO django.server "GET / HTTP/1.1" 200 8202
[2026-07-20 21:38:51,580] INFO django.server "GET / HTTP/1.1" 200 8202
[2026-07-20 21:38:51,612] INFO django.server "GET /static/css/style.css HTTP/1.1" 200 762
[2026-07-20 21:39:13,039] INFO django.utils.autoreload Watching for file changes with StatReloader
[2026-07-20 21:39:14,501] INFO django.server "GET / HTTP/1.1" 200 8202
[2026-07-20 21:40:31,788] INFO django.server "GET / HTTP/1.1" 200 8202
[2026-07-20 21:41:37,254] INFO django.server "GET / HTTP/1.1" 200 8202
[2026-07-20 21:41:41,801] INFO django.server "GET / HTTP/1.1" 200 8202
[2026-07-20 21:41:42,920] INFO django.server "GET / HTTP/1.1" 200 8202
[2026-07-20 21:41:44,334] INFO django.server "GET /tournaments/ HTTP/1.1" 200 10908
[2026-07-20 21:41:46,033] INFO django.server "GET /tournaments/fighters/ HTTP/1.1" 200 76215
[2026-07-20 21:41:51,049] INFO django.server "GET /users/login/ HTTP/1.1" 200 5365
[2026-07-20 21:41:53,556] INFO django.server "POST /users/login/ HTTP/1.1" 302 0
[2026-07-20 21:41:53,575] INFO django.server "GET /dashboard/ HTTP/1.1" 200 8854
[2026-07-20 21:43:30,946] INFO django.server "GET /users/logout/ HTTP/1.1" 302 0
[2026-07-20 21:43:30,955] INFO django.server "GET / HTTP/1.1" 200 8559
[2026-07-20 21:43:31,958] INFO django.server "GET /users/login/ HTTP/1.1" 200 5365
[2026-07-20 21:43:34,382] INFO django.server "POST /users/login/ HTTP/1.1" 200 6055
[2026-07-20 21:43:39,647] INFO django.server "POST /users/login/ HTTP/1.1" 200 6049
[2026-07-20 21:43:48,716] INFO django.server "POST /users/login/ HTTP/1.1" 200 6048
[2026-07-20 21:43:57,318] INFO django.server "POST /users/login/ HTTP/1.1" 200 6055
[2026-07-20 21:43:59,634] INFO django.server "POST /users/login/ HTTP/1.1" 200 6055
[2026-07-20 21:44:34,479] INFO django.server "GET /users/login/ HTTP/1.1" 200 5365
[2026-07-20 21:44:38,937] INFO django.server "POST /users/login/ HTTP/1.1" 200 6059
[2026-07-20 21:44:43,335] INFO django.server "POST /users/login/ HTTP/1.1" 302 0
[2026-07-20 21:44:43,344] INFO django.server "GET /dashboard/ HTTP/1.1" 200 8837
[2026-07-20 21:44:50,384] INFO django.server "GET /tournaments/ HTTP/1.1" 200 12140
[2026-07-20 21:44:51,336] INFO django.server "GET / HTTP/1.1" 200 9439
[2026-07-20 21:44:52,016] INFO django.server "GET /tournaments/ HTTP/1.1" 200 12140
[2026-07-20 21:44:52,380] INFO django.server "GET /tournaments/fighters/ HTTP/1.1" 200 77447
[2026-07-20 21:44:52,920] INFO django.server "GET /tournaments/judge/dashboard/ HTTP/1.1" 200 6270
[2026-07-20 21:44:55,927] INFO django.server "GET /users/logout/ HTTP/1.1" 302 0
[2026-07-20 21:44:55,937] INFO django.server "GET / HTTP/1.1" 200 8559
[2026-07-20 21:44:58,321] INFO django.server "GET /users/login/ HTTP/1.1" 200 5365
[2026-07-20 21:45:02,490] INFO django.server "POST /users/login/ HTTP/1.1" 200 6053
[2026-07-20 21:45:09,540] INFO django.server "POST /users/login/ HTTP/1.1" 200 6059
[2026-07-20 22:57:25,098] INFO django.utils.autoreload Watching for file changes with StatReloader
[2026-07-20 22:57:27,703] INFO django.server "GET / HTTP/1.1" 200 8202
[2026-07-20 22:57:30,591] INFO django.server "GET /users/login/ HTTP/1.1" 200 5365
[2026-07-20 22:57:34,835] INFO django.server "POST /users/login/ HTTP/1.1" 302 0
[2026-07-20 22:57:34,845] INFO django.server "GET /dashboard/ HTTP/1.1" 200 8854
[2026-07-20 23:00:59,548] INFO django.server "GET /tournaments/judge/dashboard/ HTTP/1.1" 200 17263
[2026-07-20 23:01:04,550] INFO django.server "GET /tournaments/judge/fight/11/panel/ HTTP/1.1" 200 17116
[2026-07-20 23:01:09,872] INFO django.server "POST /tournaments/3/fight/11/timer/control/ HTTP/1.1" 200 37
[2026-07-20 23:01:30,508] INFO tournaments Бой #11 завершён. Победитель: Назар Гусев, метод: knockout
[2026-07-20 23:01:30,511] INFO django.server "POST /tournaments/judge/fight/11/panel/ HTTP/1.1" 302 0
[2026-07-20 23:01:30,526] INFO django.server "GET /tournaments/judge/dashboard/ HTTP/1.1" 200 17345
[2026-07-20 23:41:45,520] INFO django.utils.autoreload Watching for file changes with StatReloader
[2026-07-20 23:41:47,447] ERROR django.request Internal Server Error: /
Traceback (most recent call last):
  File "C:\Users\User\Downloads\Kimi_Agent_CombatTournamentPlatform_ исправления\combat_platform\venv\Lib\site-packages\django\core\handlers\exception.py", line 55, in inner
    response = get_response(request)
  File "C:\Users\User\Downloads\Kimi_Agent_CombatTournamentPlatform_ исправления\combat_platform\venv\Lib\site-packages\django\core\handlers\base.py", line 197, in _get_response
    response = wrapped_callback(request, *callback_args, **callback_kwargs)
  File "C:\Users\User\Downloads\Kimi_Agent_CombatTournamentPlatform_ исправления\combat_platform\core\views.py", line 40, in home
    return render(request, 'home.html', context)
  File "C:\Users\User\Downloads\Kimi_Agent_CombatTournamentPlatform_ исправления\combat_platform\venv\Lib\site-packages\django\shortcuts.py", line 25, in render
    content = loader.render_to_string(template_name, context, request, using=using)
  File "C:\Users\User\Downloads\Kimi_Agent_CombatTournamentPlatform_ исправления\combat_platform\venv\Lib\site-packages\django\template\loader.py", line 62, in render_to_string
    return template.render(context, request)
           ~~~~~~~~~~~~~~~^^^^^^^^^^^^^^^^^^
  File "C:\Users\User\Downloads\Kimi_Agent_CombatTournamentPlatform_ исправления\combat_platform\venv\Lib\site-packages\django\template\backends\django.py", line 61, in render
    return self.template.render(context)
           ~~~~~~~~~~~~~~~~~~~~^^^^^^^^^
  File "C:\Users\User\Downloads\Kimi_Agent_CombatTournamentPlatform_ исправления\combat_platform\venv\Lib\site-packages\django\template\base.py", line 171, in render
    return self._render(context)
           ~~~~~~~~~~~~^^^^^^^^^
  File "C:\Users\User\Downloads\Kimi_Agent_CombatTournamentPlatform_ исправления\combat_platform\venv\Lib\site-packages\django\template\base.py", line 163, in _render
    return self.nodelist.render(context)
           ~~~~~~~~~~~~~~~~~~~~^^^^^^^^^
  File "C:\Users\User\Downloads\Kimi_Agent_CombatTournamentPlatform_ исправления\combat_platform\venv\Lib\site-packages\django\template\base.py", line 1000, in render
    return SafeString("".join([node.render_annotated(context) for node in self]))
                               ~~~~~~~~~~~~~~~~~~~~~^^^^^^^^^
  File "C:\Users\User\Downloads\Kimi_Agent_CombatTournamentPlatform_ исправления\combat_platform\venv\Lib\site-packages\django\template\base.py", line 961, in render_annotated
    return self.render(context)
           ~~~~~~~~~~~^^^^^^^^^
  File "C:\Users\User\Downloads\Kimi_Agent_CombatTournamentPlatform_ исправления\combat_platform\venv\Lib\site-packages\django\template\loader_tags.py", line 159, in render
    return compiled_parent._render(context)
           ~~~~~~~~~~~~~~~~~~~~~~~^^^^^^^^^
  File "C:\Users\User\Downloads\Kimi_Agent_CombatTournamentPlatform_ исправления\combat_platform\venv\Lib\site-packages\django\template\base.py", line 163, in _render
    return self.nodelist.render(context)
           ~~~~~~~~~~~~~~~~~~~~^^^^^^^^^
  File "C:\Users\User\Downloads\Kimi_Agent_CombatTournamentPlatform_ исправления\combat_platform\venv\Lib\site-packages\django\template\base.py", line 1000, in render
    return SafeString("".join([node.render_annotated(context) for node in self]))
                               ~~~~~~~~~~~~~~~~~~~~~^^^^^^^^^
  File "C:\Users\User\Downloads\Kimi_Agent_CombatTournamentPlatform_ исправления\combat_platform\venv\Lib\site-packages\django\template\base.py", line 961, in render_annotated
    return self.render(context)
           ~~~~~~~~~~~^^^^^^^^^
  File "C:\Users\User\Downloads\Kimi_Agent_CombatTournamentPlatform_ исправления\combat_platform\venv\Lib\site-packages\django\template\defaulttags.py", line 326, in render
    return nodelist.render(context)
           ~~~~~~~~~~~~~~~^^^^^^^^^
  File "C:\Users\User\Downloads\Kimi_Agent_CombatTournamentPlatform_ исправления\combat_platform\venv\Lib\site-packages\django\template\base.py", line 1000, in render
    return SafeString("".join([node.render_annotated(context) for node in self]))
                               ~~~~~~~~~~~~~~~~~~~~~^^^^^^^^^
  File "C:\Users\User\Downloads\Kimi_Agent_CombatTournamentPlatform_ исправления\combat_platform\venv\Lib\site-packages\django\template\base.py", line 961, in render_annotated
    return self.render(context)
           ~~~~~~~~~~~^^^^^^^^^
  File "C:\Users\User\Downloads\Kimi_Agent_CombatTournamentPlatform_ исправления\combat_platform\venv\Lib\site-packages\django\template\defaulttags.py", line 479, in render
    url = reverse(view_name, args=args, kwargs=kwargs, current_app=current_app)
  File "C:\Users\User\Downloads\Kimi_Agent_CombatTournamentPlatform_ исправления\combat_platform\venv\Lib\site-packages\django\urls\base.py", line 88, in reverse
    return resolver._reverse_with_prefix(view, prefix, *args, **kwargs)
           ~~~~~~~~~~~~~~~~~~~~~~~~~~~~~^^^^^^^^^^^^^^^^^^^^^^^^^^^^^^^
  File "C:\Users\User\Downloads\Kimi_Agent_CombatTournamentPlatform_ исправления\combat_platform\venv\Lib\site-packages\django\urls\resolvers.py", line 851, in _reverse_with_prefix
    raise NoReverseMatch(msg)
django.urls.exceptions.NoReverseMatch: Reverse for 'logout' not found. 'logout' is not a valid view function or pattern name.
[2026-07-20 23:41:47,451] ERROR django.server "GET / HTTP/1.1" 500 160668
[2026-07-22 12:19:03,015] INFO django.utils.autoreload Watching for file changes with StatReloader
[2026-07-22 12:19:05,062] ERROR django.request Internal Server Error: /
Traceback (most recent call last):
  File "C:\Users\User\Downloads\Kimi_Agent_CombatTournamentPlatform_ исправления\combat_platform\venv\Lib\site-packages\django\utils\module_loading.py", line 30, in import_string
    return cached_import(module_path, class_name)
  File "C:\Users\User\Downloads\Kimi_Agent_CombatTournamentPlatform_ исправления\combat_platform\venv\Lib\site-packages\django\utils\module_loading.py", line 16, in cached_import
    return getattr(module, class_name)
AttributeError: module 'users.context_processors' has no attribute 'user_role_context'

The above exception was the direct cause of the following exception:

Traceback (most recent call last):
  File "C:\Users\User\Downloads\Kimi_Agent_CombatTournamentPlatform_ исправления\combat_platform\venv\Lib\site-packages\django\core\handlers\exception.py", line 55, in inner
    response = get_response(request)
  File "C:\Users\User\Downloads\Kimi_Agent_CombatTournamentPlatform_ исправления\combat_platform\venv\Lib\site-packages\django\core\handlers\base.py", line 197, in _get_response
    response = wrapped_callback(request, *callback_args, **callback_kwargs)
  File "C:\Users\User\Downloads\Kimi_Agent_CombatTournamentPlatform_ исправления\combat_platform\core\views.py", line 40, in home
    return render(request, 'home.html', context)
  File "C:\Users\User\Downloads\Kimi_Agent_CombatTournamentPlatform_ исправления\combat_platform\venv\Lib\site-packages\django\shortcuts.py", line 25, in render
    content = loader.render_to_string(template_name, context, request, using=using)
  File "C:\Users\User\Downloads\Kimi_Agent_CombatTournamentPlatform_ исправления\combat_platform\venv\Lib\site-packages\django\template\loader.py", line 62, in render_to_string
    return template.render(context, request)
           ~~~~~~~~~~~~~~~^^^^^^^^^^^^^^^^^^
  File "C:\Users\User\Downloads\Kimi_Agent_CombatTournamentPlatform_ исправления\combat_platform\venv\Lib\site-packages\django\template\backends\django.py", line 61, in render
    return self.template.render(context)
           ~~~~~~~~~~~~~~~~~~~~^^^^^^^^^
  File "C:\Users\User\Downloads\Kimi_Agent_CombatTournamentPlatform_ исправления\combat_platform\venv\Lib\site-packages\django\template\base.py", line 169, in render
    with context.bind_template(self):
         ~~~~~~~~~~~~~~~~~~~~~^^^^^^
  File "D:\pythonchik\Lib\contextlib.py", line 141, in __enter__
    return next(self.gen)
  File "C:\Users\User\Downloads\Kimi_Agent_CombatTournamentPlatform_ исправления\combat_platform\venv\Lib\site-packages\django\template\context.py", line 251, in bind_template
    processors = template.engine.template_context_processors + self._processors
                 ^^^^^^^^^^^^^^^^^^^^^^^^^^^^^^^^^^^^^^^^^^^
  File "C:\Users\User\Downloads\Kimi_Agent_CombatTournamentPlatform_ исправления\combat_platform\venv\Lib\site-packages\django\utils\functional.py", line 47, in __get__
    res = instance.__dict__[self.name] = self.func(instance)
                                         ~~~~~~~~~^^^^^^^^^^
  File "C:\Users\User\Downloads\Kimi_Agent_CombatTournamentPlatform_ исправления\combat_platform\venv\Lib\site-packages\django\template\engine.py", line 118, in template_context_processors
    return tuple(import_string(path) for path in context_processors)
  File "C:\Users\User\Downloads\Kimi_Agent_CombatTournamentPlatform_ исправления\combat_platform\venv\Lib\site-packages\django\template\engine.py", line 118, in <genexpr>
    return tuple(import_string(path) for path in context_processors)
                 ~~~~~~~~~~~~~^^^^^^
  File "C:\Users\User\Downloads\Kimi_Agent_CombatTournamentPlatform_ исправления\combat_platform\venv\Lib\site-packages\django\utils\module_loading.py", line 32, in import_string
    raise ImportError(
    ...<2 lines>...
    ) from err
ImportError: Module "users.context_processors" does not define a "user_role_context" attribute/class
[2026-07-22 12:19:05,068] ERROR django.server "GET / HTTP/1.1" 500 128367
[2026-07-22 12:19:05,351] WARNING django.request Not Found: /favicon.ico
[2026-07-22 12:19:05,351] WARNING django.server "GET /favicon.ico HTTP/1.1" 404 3038
[2026-07-22 12:42:29,228] INFO django.utils.autoreload Watching for file changes with StatReloader
[2026-07-22 12:42:30,861] INFO django.server "GET / HTTP/1.1" 200 10894
[2026-07-22 12:42:30,953] INFO django.server "GET /static/css/style.css HTTP/1.1" 200 762
[2026-07-22 12:42:36,203] INFO django.server "GET / HTTP/1.1" 200 10894
[2026-07-22 12:42:39,170] INFO django.server "GET /tournaments/judge/dashboard/ HTTP/1.1" 200 17338
[2026-07-22 12:42:40,843] INFO django.server "GET / HTTP/1.1" 200 10894
[2026-07-22 12:43:00,099] INFO django.server "GET /tournaments/ HTTP/1.1" 200 12477
[2026-07-22 12:43:05,595] INFO django.server "GET /tournaments/3/ HTTP/1.1" 200 9339
[2026-07-22 12:43:14,918] INFO django.server "GET / HTTP/1.1" 200 10894
[2026-07-22 12:45:12,037] INFO django.utils.autoreload Watching for file changes with StatReloader
[2026-07-22 12:45:13,265] INFO django.server "GET / HTTP/1.1" 200 10894
[2026-07-22 12:45:18,207] INFO django.server "GET /users/logout/ HTTP/1.1" 302 0
[2026-07-22 12:45:18,218] INFO django.server "GET / HTTP/1.1" 200 8738
[2026-07-22 12:45:20,752] INFO django.server "GET /users/login/ HTTP/1.1" 200 5432
[2026-07-22 12:45:27,474] INFO django.server "POST /users/login/ HTTP/1.1" 302 0
[2026-07-22 12:45:27,494] INFO django.server "GET /dashboard/ HTTP/1.1" 200 10207
[2026-07-22 12:45:34,150] INFO django.server "GET /tournaments/participants/ HTTP/1.1" 200 7590
[2026-07-22 12:45:55,712] INFO django.server "GET /tournaments/judges/ HTTP/1.1" 200 9344
[2026-07-22 12:47:10,870] INFO django.server "GET /users/logout/ HTTP/1.1" 302 0
[2026-07-22 12:47:10,880] INFO django.server "GET / HTTP/1.1" 200 8738
[2026-07-22 12:47:12,078] INFO django.server "GET /users/login/ HTTP/1.1" 200 5432
[2026-07-22 12:47:17,800] INFO django.server "POST /users/login/ HTTP/1.1" 302 0
[2026-07-22 12:47:17,809] INFO django.server "GET /dashboard/ HTTP/1.1" 200 10205
[2026-07-22 12:53:01,288] INFO django.utils.autoreload C:\Users\User\Downloads\Kimi_Agent_CombatTournamentPlatform_ исправления\combat_platform\users\context_processors.py changed, reloading.
[2026-07-22 12:53:01,895] INFO django.utils.autoreload Watching for file changes with StatReloader
[2026-07-22 12:56:54,677] INFO django.utils.autoreload Watching for file changes with StatReloader
[2026-07-22 12:56:56,427] INFO django.server "GET / HTTP/1.1" 200 13622
[2026-07-22 12:57:04,126] INFO django.server "GET /tournaments/judges/ HTTP/1.1" 200 8971
[2026-07-22 12:57:10,561] INFO django.server "GET /tournaments/ HTTP/1.1" 200 13252
[2026-07-22 12:57:12,855] INFO django.server "GET /tournaments/participants/ HTTP/1.1" 200 7217
[2026-07-22 12:57:22,240] INFO django.server "GET /tournaments/fighters/ HTTP/1.1" 200 78559
[2026-07-22 12:57:22,812] INFO django.server "GET /tournaments/ HTTP/1.1" 200 13252
[2026-07-22 12:57:23,442] INFO django.server "GET /tournaments/fighters/ HTTP/1.1" 200 78559
[2026-07-22 12:57:24,205] INFO django.server "GET /tournaments/fighters/68/ HTTP/1.1" 200 8948
[2026-07-22 12:57:30,461] INFO django.server "GET /tournaments/fighters/ HTTP/1.1" 200 78559
[2026-07-22 12:57:31,179] INFO django.server "GET /tournaments/ HTTP/1.1" 200 13252
[2026-07-22 12:57:31,708] INFO django.server "GET / HTTP/1.1" 200 13622
[2026-07-22 12:57:32,563] INFO django.server "GET /tournaments/ HTTP/1.1" 200 13252
[2026-07-22 12:57:33,655] INFO django.server "GET /tournaments/3/ HTTP/1.1" 200 11801
[2026-07-22 12:57:38,121] INFO django.server "GET /tournaments/3/categories/ HTTP/1.1" 200 16432
[2026-07-22 12:57:42,427] INFO django.server "GET / HTTP/1.1" 200 13622
[2026-07-22 12:57:44,795] INFO django.server "GET /dashboard/ HTTP/1.1" 200 9833
[2026-07-22 12:58:31,032] INFO django.utils.autoreload Watching for file changes with StatReloader
[2026-07-22 12:58:37,277] INFO django.server "GET / HTTP/1.1" 200 13622
[2026-07-22 12:58:39,162] INFO django.server "GET /users/logout/ HTTP/1.1" 302 0
[2026-07-22 12:58:39,171] INFO django.server "GET / HTTP/1.1" 200 8816
[2026-07-22 12:58:40,532] INFO django.server "GET /users/login/ HTTP/1.1" 200 5432
[2026-07-22 12:58:45,497] INFO django.server "POST /users/login/ HTTP/1.1" 302 0
[2026-07-22 12:58:45,507] INFO django.server "GET /dashboard/ HTTP/1.1" 200 9111
[2026-07-22 12:58:52,842] INFO django.server "GET /tournaments/ HTTP/1.1" 200 12396
[2026-07-22 12:58:54,215] INFO django.server "GET /tournaments/fighters/ HTTP/1.1" 200 77703
[2026-07-22 12:58:55,650] INFO django.server "GET /tournaments/judge/dashboard/ HTTP/1.1" 200 17257
[2026-07-22 12:58:57,356] INFO django.server "GET /tournaments/judge/fight/4/panel/ HTTP/1.1" 200 17386
[2026-07-22 12:58:59,890] INFO django.server "POST /tournaments/2/fight/4/timer/control/ HTTP/1.1" 200 37
[2026-07-22 12:59:21,400] INFO django.server "GET /tournaments/judge/fight/4/panel/ HTTP/1.1" 200 17386
[2026-07-22 12:59:23,091] INFO django.server "GET / HTTP/1.1" 200 10987
[2026-07-22 12:59:31,517] INFO django.server "GET / HTTP/1.1" 200 10987
[2026-07-22 12:59:33,035] INFO django.server "GET / HTTP/1.1" 200 10987
[2026-07-22 12:59:33,489] INFO django.server "GET /tournaments/ HTTP/1.1" 200 12396
[2026-07-22 12:59:34,192] INFO django.server "GET /tournaments/fighters/ HTTP/1.1" 200 77703
[2026-07-22 12:59:34,717] INFO django.server "GET /tournaments/judge/dashboard/ HTTP/1.1" 200 17257
[2026-07-22 12:59:35,490] INFO django.server "GET / HTTP/1.1" 200 10987
[2026-07-22 12:59:36,920] INFO django.server "GET /dashboard/ HTTP/1.1" 200 9111
[2026-07-22 12:59:43,826] INFO django.server "GET /users/logout/ HTTP/1.1" 302 0
[2026-07-22 12:59:43,836] INFO django.server "GET / HTTP/1.1" 200 8816
[2026-07-22 12:59:44,684] INFO django.server "GET /users/login/ HTTP/1.1" 200 5432
[2026-07-22 12:59:47,277] INFO django.server "POST /users/login/ HTTP/1.1" 302 0
[2026-07-22 12:59:47,287] INFO django.server "GET /dashboard/ HTTP/1.1" 200 9833
[2026-07-22 12:59:49,591] INFO django.server "GET /dashboard/ HTTP/1.1" 200 9833
[2026-07-22 13:10:15,206] INFO django.utils.autoreload Watching for file changes with StatReloader
[2026-07-22 13:10:16,558] INFO django.server "GET / HTTP/1.1" 200 13622
[2026-07-22 13:10:20,078] INFO django.server "GET /dashboard/ HTTP/1.1" 200 10020
[2026-07-22 13:10:23,429] INFO django.server "GET /users/logout/ HTTP/1.1" 302 0
[2026-07-22 13:10:23,439] INFO django.server "GET / HTTP/1.1" 200 8816
[2026-07-22 13:10:24,600] INFO django.server "GET /users/login/ HTTP/1.1" 200 5432
[2026-07-22 13:10:33,409] INFO django.server "POST /users/login/ HTTP/1.1" 302 0
[2026-07-22 13:10:33,418] INFO django.server "GET /dashboard/ HTTP/1.1" 200 10022
[2026-07-22 13:10:39,639] INFO django.server "GET /tournaments/ HTTP/1.1" 200 13253
[2026-07-22 13:10:40,003] INFO django.server "GET / HTTP/1.1" 200 13623
[2026-07-22 13:10:43,609] INFO django.server "GET /users/logout/ HTTP/1.1" 302 0
[2026-07-22 13:10:43,618] INFO django.server "GET / HTTP/1.1" 200 8816
[2026-07-22 13:10:44,788] INFO django.server "GET /users/login/ HTTP/1.1" 200 5432
[2026-07-22 13:10:48,566] INFO django.server "POST /users/login/ HTTP/1.1" 302 0
[2026-07-22 13:10:48,576] INFO django.server "GET /dashboard/ HTTP/1.1" 200 7349
[2026-07-22 13:10:55,271] INFO django.server "GET /tournaments/judge/dashboard/ HTTP/1.1" 200 17257
[2026-07-22 13:10:57,476] INFO django.server "GET /tournaments/judge/my-fights/ HTTP/1.1" 200 13424
[2026-07-22 13:11:02,009] INFO django.server "GET /tournaments/judge/my-fights/ HTTP/1.1" 200 13424
[2026-07-22 13:11:04,559] INFO django.server "GET / HTTP/1.1" 200 10987
[2026-07-22 13:11:06,318] INFO django.server "GET /users/logout/ HTTP/1.1" 302 0
[2026-07-22 13:11:06,328] INFO django.server "GET / HTTP/1.1" 200 8816
[2026-07-22 13:11:07,609] INFO django.server "GET /users/login/ HTTP/1.1" 200 5432
[2026-07-22 13:11:10,034] INFO django.server "POST /users/login/ HTTP/1.1" 302 0
[2026-07-22 13:11:10,043] INFO django.server "GET /dashboard/ HTTP/1.1" 200 10020
[2026-07-22 13:11:15,477] INFO django.server "GET /tournaments/fighters/ HTTP/1.1" 200 78559
[2026-07-22 13:11:16,534] INFO django.server "GET /tournaments/ HTTP/1.1" 200 13252
[2026-07-22 13:11:17,978] INFO django.server "GET /tournaments/3/ HTTP/1.1" 200 11801
[2026-07-22 13:11:22,875] INFO django.server "GET /tournaments/3/categories/ HTTP/1.1" 200 16432
[2026-07-22 13:11:28,124] INFO django.server "GET /tournaments/3/fights/ HTTP/1.1" 200 30776
[2026-07-22 13:11:30,413] INFO django.server "GET /tournaments/fight/11/results/ HTTP/1.1" 200 9178
[2026-07-22 13:11:34,082] INFO django.server "GET /tournaments/fight/5/results/ HTTP/1.1" 200 9176
[2026-07-22 13:11:36,457] INFO django.server "GET /tournaments/fight/7/results/ HTTP/1.1" 200 9172
[2026-07-22 13:11:40,542] INFO django.server "GET /tournaments/judge/fight/12/panel/ HTTP/1.1" 302 0
[2026-07-22 13:11:40,551] INFO django.server "GET / HTTP/1.1" 200 13984
[2026-07-22 13:11:44,472] INFO django.server "GET /tournaments/fight/8/results/ HTTP/1.1" 200 9648
[2026-07-22 13:13:19,804] INFO django.server "GET /tournaments/fight/6/results/ HTTP/1.1" 200 9187
[2026-07-22 13:14:04,798] INFO django.server "GET / HTTP/1.1" 200 13622
[2026-07-22 13:14:06,476] INFO django.server "GET /dashboard/ HTTP/1.1" 200 10020
[2026-07-22 13:14:07,309] INFO django.server "GET / HTTP/1.1" 200 13622
[2026-07-22 13:14:08,053] INFO django.server "GET /tournaments/ HTTP/1.1" 200 13252
[2026-07-22 13:14:08,772] INFO django.server "GET / HTTP/1.1" 200 13622
[2026-07-22 13:14:09,486] INFO django.server "GET /dashboard/ HTTP/1.1" 200 10020
[2026-07-22 13:14:10,269] INFO django.server "GET / HTTP/1.1" 200 13622
[2026-07-22 13:14:58,044] INFO django.utils.autoreload Watching for file changes with StatReloader
[2026-07-22 13:15:00,949] INFO django.server "GET / HTTP/1.1" 200 13622
[2026-07-22 13:15:02,805] INFO django.server "GET /users/logout/ HTTP/1.1" 302 0
[2026-07-22 13:15:02,815] INFO django.server "GET / HTTP/1.1" 200 8816
[2026-07-22 13:15:04,192] INFO django.server "GET /users/login/ HTTP/1.1" 200 5432
[2026-07-22 13:15:07,864] INFO django.server "POST /users/login/ HTTP/1.1" 302 0
[2026-07-22 13:15:07,874] INFO django.server "GET /dashboard/ HTTP/1.1" 200 7349
[2026-07-22 13:15:09,884] INFO django.server "GET / HTTP/1.1" 200 10987
[2026-07-22 13:15:12,782] INFO django.server "GET /tournaments/ HTTP/1.1" 200 12396
[2026-07-22 14:31:29,019] INFO django.utils.autoreload Watching for file changes with StatReloader
[2026-07-22 14:33:36,646] INFO django.server "GET / HTTP/1.1" 200 10987
[2026-07-22 14:33:55,797] INFO django.server "GET /users/logout/ HTTP/1.1" 302 0
[2026-07-22 14:33:55,806] INFO django.server "GET / HTTP/1.1" 200 8816
[2026-07-22 14:33:57,375] INFO django.server "GET /users/login/ HTTP/1.1" 200 5432
[2026-07-22 14:34:00,105] INFO django.server "POST /users/login/ HTTP/1.1" 302 0
[2026-07-22 14:34:00,117] INFO django.server "GET /dashboard/ HTTP/1.1" 200 10020
[2026-07-22 14:34:09,276] INFO django.server "GET /tournaments/ HTTP/1.1" 200 13252
[2026-07-22 14:34:16,202] INFO django.server "GET /tournaments/ HTTP/1.1" 200 13252
[2026-07-22 14:34:17,787] INFO django.server "GET /tournaments/ HTTP/1.1" 200 13252
[2026-07-22 14:34:20,380] INFO django.server "GET /tournaments/create/ HTTP/1.1" 200 9378
[2026-07-22 14:34:33,063] INFO django.server "GET /tournaments/ HTTP/1.1" 200 13252
[2026-07-22 14:34:43,468] INFO django.server "GET /tournaments/3/ HTTP/1.1" 200 11801
[2026-07-22 14:34:56,443] INFO django.server "GET /tournaments/ HTTP/1.1" 200 13252
[2026-07-22 14:34:57,724] INFO django.server "GET / HTTP/1.1" 200 13622
[2026-07-22 14:34:59,394] INFO django.server "GET /tournaments/participants/ HTTP/1.1" 200 7217
[2026-07-22 14:35:02,654] INFO django.server "GET /tournaments/participants/?tournament=3 HTTP/1.1" 200 368260
[2026-07-22 14:36:06,093] INFO django.server "POST /tournaments/registration/65/update/ HTTP/1.1" 302 0
[2026-07-22 14:36:06,128] INFO django.server "GET /tournaments/participants/?tournament=3 HTTP/1.1" 200 368652
[2026-07-22 14:36:43,514] INFO django.server "GET /tournaments/3/categories/ HTTP/1.1" 200 16432
[2026-07-22 14:37:05,991] INFO tournaments Распределение по категориям: 1 успешно, 11 пропущено, 0 не удалось
[2026-07-22 14:37:05,992] INFO django.server "GET /tournaments/3/auto-assign/ HTTP/1.1" 302 0
[2026-07-22 14:37:06,026] INFO django.server "GET /tournaments/participants/?tournament=3 HTTP/1.1" 200 368988
[2026-07-22 14:37:22,037] INFO django.server "GET /tournaments/3/categories/ HTTP/1.1" 200 16432
[2026-07-22 14:37:38,003] INFO django.server "GET /tournaments/fighters/ HTTP/1.1" 200 78559
[2026-07-22 14:37:40,685] INFO django.server "GET /tournaments/ HTTP/1.1" 200 13252
[2026-07-22 14:37:41,556] INFO django.server "GET /tournaments/3/ HTTP/1.1" 200 11802
[2026-07-22 14:37:45,895] INFO django.server "GET /tournaments/3/categories/ HTTP/1.1" 200 16432
[2026-07-22 14:37:53,833] INFO django.server "GET /tournaments/3/brackets/generate/ HTTP/1.1" 302 0
[2026-07-22 14:37:53,844] INFO django.server "GET /tournaments/3/ HTTP/1.1" 200 12209
[2026-07-22 14:37:58,256] INFO django.server "GET /tournaments/3/bracket/4/ HTTP/1.1" 200 32402
[2026-07-22 14:38:04,699] INFO django.server "GET /tournaments/3/bracket/4/ HTTP/1.1" 200 32402
[2026-07-22 14:38:34,610] INFO django.server "GET /tournaments/3/brackets/advance/ HTTP/1.1" 302 0
[2026-07-22 14:38:34,622] INFO django.server "GET /tournaments/3/ HTTP/1.1" 200 12167
[2026-07-22 14:38:36,063] INFO django.server "GET /tournaments/3/bracket/4/ HTTP/1.1" 200 32402
[2026-07-22 14:38:42,083] INFO django.server "GET / HTTP/1.1" 200 13622
[2026-07-22 14:38:43,753] INFO django.server "GET /tournaments/judges/ HTTP/1.1" 200 8971
[2026-07-22 14:38:46,328] INFO django.server "GET /tournaments/judges/add/ HTTP/1.1" 200 9939
[2026-07-22 14:39:21,786] INFO django.server "GET /tournaments/ HTTP/1.1" 200 13252
[2026-07-22 14:39:25,511] INFO django.server "GET /tournaments/3/ HTTP/1.1" 200 11802
[2026-07-22 14:39:26,759] INFO django.server "GET /tournaments/3/bracket/4/ HTTP/1.1" 200 32402
[2026-07-22 14:39:41,306] INFO django.server "GET /tournaments/3/bracket/4/ HTTP/1.1" 200 32402
[2026-07-22 14:39:48,849] INFO django.server "GET /users/logout/ HTTP/1.1" 302 0
[2026-07-22 14:39:48,859] INFO django.server "GET / HTTP/1.1" 200 8816
[2026-07-22 14:39:50,861] INFO django.server "GET /users/login/ HTTP/1.1" 200 5432
[2026-07-22 14:39:54,295] INFO django.server "POST /users/login/ HTTP/1.1" 302 0
[2026-07-22 14:39:54,304] INFO django.server "GET /dashboard/ HTTP/1.1" 200 7349
[2026-07-22 14:40:01,921] INFO django.server "GET / HTTP/1.1" 200 10987
[2026-07-22 14:40:08,730] INFO django.server "GET /users/login/ HTTP/1.1" 302 0
[2026-07-22 14:40:08,738] INFO django.server "GET /dashboard/ HTTP/1.1" 200 7349
[2026-07-22 14:40:11,089] INFO django.server "GET /tournaments/judge/dashboard/ HTTP/1.1" 200 17257
[2026-07-22 14:40:27,658] INFO django.server "GET /tournaments/judge/fight/12/panel/ HTTP/1.1" 200 17365
[2026-07-22 14:40:31,225] INFO django.server "POST /tournaments/3/fight/12/timer/control/ HTTP/1.1" 200 37
[2026-07-22 14:40:42,885] INFO django.server "POST /tournaments/3/fight/12/timer/control/ HTTP/1.1" 200 37
[2026-07-22 14:40:45,108] INFO django.server "POST /tournaments/3/fight/12/timer/control/ HTTP/1.1" 200 37
[2026-07-22 14:40:45,845] INFO django.server "POST /tournaments/3/fight/12/timer/control/ HTTP/1.1" 200 37
[2026-07-22 14:40:48,197] INFO django.server "POST /tournaments/3/fight/12/timer/control/ HTTP/1.1" 200 37
[2026-07-22 14:40:50,628] INFO django.server "POST /tournaments/3/fight/12/timer/control/ HTTP/1.1" 200 37
[2026-07-22 14:40:52,364] INFO django.server "POST /tournaments/3/fight/12/timer/control/ HTTP/1.1" 200 37
[2026-07-22 14:42:41,783] INFO tournaments Бой #12 завершён. Победитель: Мирон Григорьев, метод: points
[2026-07-22 14:42:41,788] INFO django.server "POST /tournaments/judge/fight/12/panel/ HTTP/1.1" 302 0
[2026-07-22 14:42:41,802] INFO django.server "GET /tournaments/judge/dashboard/ HTTP/1.1" 200 17338
[2026-07-22 14:42:49,842] INFO django.server "GET /tournaments/judge/fight/13/panel/ HTTP/1.1" 200 17369
[2026-07-22 14:42:56,206] INFO tournaments Бой #13 завершён. Победитель: Даниил АХМЕТОВ, метод: points
[2026-07-22 14:42:56,213] INFO tournaments Сетка #4: продвинуто в раунд 3, создано 1 боёв
[2026-07-22 14:42:56,237] INFO django.server "POST /tournaments/judge/fight/13/panel/ HTTP/1.1" 302 0
[2026-07-22 14:42:56,249] INFO django.server "GET /tournaments/judge/dashboard/ HTTP/1.1" 200 17074
[2026-07-22 14:43:03,792] INFO django.server "GET /tournaments/judge/dashboard/ HTTP/1.1" 200 16729
[2026-07-22 14:43:05,117] INFO django.server "GET / HTTP/1.1" 200 10987
[2026-07-22 14:43:07,216] INFO django.server "GET /users/login/ HTTP/1.1" 302 0
[2026-07-22 14:43:07,224] INFO django.server "GET /dashboard/ HTTP/1.1" 200 7349
[2026-07-22 14:43:08,463] INFO django.server "GET /tournaments/judge/my-fights/ HTTP/1.1" 200 13480
[2026-07-22 14:43:41,181] INFO django.server "GET /users/logout/ HTTP/1.1" 302 0
[2026-07-22 14:43:41,190] INFO django.server "GET / HTTP/1.1" 200 8816
[2026-07-22 14:43:42,197] INFO django.server "GET /users/login/ HTTP/1.1" 200 5432
[2026-07-22 14:43:44,694] INFO django.server "POST /users/login/ HTTP/1.1" 302 0
[2026-07-22 14:43:44,703] INFO django.server "GET /dashboard/ HTTP/1.1" 200 10020
[2026-07-22 14:43:50,631] INFO django.server "GET /tournaments/ HTTP/1.1" 200 13252
[2026-07-22 14:43:51,928] INFO django.server "GET /tournaments/3/ HTTP/1.1" 200 11802
[2026-07-22 14:43:53,291] INFO django.server "GET /tournaments/3/bracket/4/ HTTP/1.1" 200 34157
[2026-07-22 14:44:04,018] INFO django.server "GET /tournaments/3/brackets/advance/ HTTP/1.1" 302 0
[2026-07-22 14:44:04,029] INFO django.server "GET /tournaments/3/ HTTP/1.1" 200 12167
[2026-07-22 14:44:05,215] INFO django.server "GET /tournaments/3/bracket/4/ HTTP/1.1" 200 34157
[2026-07-22 14:44:48,080] INFO django.server "GET /tournaments/3/fights/ HTTP/1.1" 200 33726
[2026-07-22 14:45:03,758] INFO django.server "GET /tournaments/fight/9/results/ HTTP/1.1" 200 9625
[2026-07-22 14:45:06,769] INFO django.server "GET /tournaments/3/fights/ HTTP/1.1" 200 33726
[2026-07-22 14:45:41,159] INFO django.server "GET /tournaments/fight/9/results/ HTTP/1.1" 200 9625
[2026-07-22 14:45:59,772] INFO django.server "GET /tournaments/3/fights/ HTTP/1.1" 200 33726
[2026-07-22 14:46:11,264] INFO django.server "GET /tournaments/3/fight/14/assign-judge/ HTTP/1.1" 200 7951
[2026-07-22 14:46:34,612] INFO tournaments Судья Иван Судьин (main) назначен на бой #14
[2026-07-22 14:46:34,613] INFO django.server "POST /tournaments/3/fight/14/assign-judge/ HTTP/1.1" 302 0
[2026-07-22 14:46:34,629] INFO django.server "GET /tournaments/3/fights/ HTTP/1.1" 200 33778
[2026-07-22 14:46:37,034] INFO django.server "GET /tournaments/3/fights/ HTTP/1.1" 200 33429
[2026-07-22 14:46:42,304] INFO django.server "GET /users/logout/ HTTP/1.1" 302 0
[2026-07-22 14:46:42,313] INFO django.server "GET / HTTP/1.1" 200 8816
[2026-07-22 14:46:43,875] INFO django.server "GET /users/login/ HTTP/1.1" 200 5432
[2026-07-22 14:46:47,105] INFO django.server "POST /users/login/ HTTP/1.1" 302 0
[2026-07-22 14:46:47,114] INFO django.server "GET /dashboard/ HTTP/1.1" 200 7349
[2026-07-22 14:46:47,948] INFO django.server "GET /tournaments/fighters/ HTTP/1.1" 200 77703
[2026-07-22 14:46:48,671] INFO django.server "GET /tournaments/judge/dashboard/ HTTP/1.1" 200 17688
[2026-07-22 14:46:50,959] INFO django.server "GET /tournaments/judge/fight/14/panel/ HTTP/1.1" 200 17365
[2026-07-22 14:46:56,317] INFO tournaments Бой #14 завершён. Победитель: Назар Гусев, метод: knockout
[2026-07-22 14:46:56,321] INFO tournaments Сетка #4: продвинуто в раунд 4, создано 0 боёв
[2026-07-22 14:46:56,326] INFO django.server "POST /tournaments/judge/fight/14/panel/ HTTP/1.1" 302 0
[2026-07-22 14:46:56,339] INFO django.server "GET /tournaments/judge/dashboard/ HTTP/1.1" 200 17769
[2026-07-22 14:46:58,388] INFO django.server "GET /users/logout/ HTTP/1.1" 302 0
[2026-07-22 14:46:58,398] INFO django.server "GET / HTTP/1.1" 200 8816
[2026-07-22 14:46:59,960] INFO django.server "GET /users/login/ HTTP/1.1" 200 5432
[2026-07-22 14:47:02,691] INFO django.server "POST /users/login/ HTTP/1.1" 302 0
[2026-07-22 14:47:02,699] INFO django.server "GET /dashboard/ HTTP/1.1" 200 10020
[2026-07-22 14:47:03,301] INFO django.server "GET /tournaments/ HTTP/1.1" 200 13252
[2026-07-22 14:47:04,693] INFO django.server "GET /tournaments/3/ HTTP/1.1" 200 11803
[2026-07-22 14:47:05,934] INFO django.server "GET /tournaments/3/bracket/4/ HTTP/1.1" 200 34516
[2026-07-22 14:47:12,639] INFO django.server "GET /tournaments/3/brackets/advance/ HTTP/1.1" 302 0
[2026-07-22 14:47:12,650] INFO django.server "GET /tournaments/3/ HTTP/1.1" 200 12555
[2026-07-22 14:47:15,596] INFO django.server "GET /tournaments/3/bracket/4/ HTTP/1.1" 200 34516
[2026-07-22 14:47:37,933] INFO django.server "GET /tournaments/3/categories/ HTTP/1.1" 200 16432
[2026-07-22 14:48:13,477] INFO django.server "POST /tournaments/3/categories/ HTTP/1.1" 302 0
[2026-07-22 14:48:13,493] INFO django.server "GET /tournaments/3/categories/ HTTP/1.1" 200 22602
[2026-07-22 14:48:15,204] INFO django.server "GET /tournaments/3/categories/ HTTP/1.1" 200 22229
[2026-07-22 14:48:20,391] INFO django.server "GET /tournaments/3/fights/ HTTP/1.1" 200 33633
[2026-07-22 14:48:23,670] INFO django.server "GET /tournaments/participants/ HTTP/1.1" 200 7217
[2026-07-22 14:48:27,805] INFO django.server "GET /tournaments/fighters/ HTTP/1.1" 200 78559
[2026-07-22 14:48:37,111] INFO django.server "GET /tournaments/fighters/45/ HTTP/1.1" 200 9365
[2026-07-22 14:49:24,194] INFO django.server "GET /tournaments/fighters/ HTTP/1.1" 200 78559
[2026-07-22 14:49:25,152] INFO django.server "GET /tournaments/ HTTP/1.1" 200 13252
[2026-07-23 18:26:12,107] INFO django.utils.autoreload Watching for file changes with StatReloader
[2026-07-23 18:26:14,895] INFO django.server "GET / HTTP/1.1" 200 13622
[2026-07-23 18:26:15,027] INFO django.server "GET /static/css/style.css HTTP/1.1" 200 762
[2026-07-23 18:26:44,913] INFO django.server "GET / HTTP/1.1" 200 13622
[2026-07-23 18:26:46,247] WARNING django.request Not Found: /favicon.ico
[2026-07-23 18:26:46,247] WARNING django.server "GET /favicon.ico HTTP/1.1" 404 3038
[2026-07-23 18:26:52,830] INFO django.server "GET /tournaments/participants/ HTTP/1.1" 200 7217
[2026-07-23 18:26:54,721] INFO django.server "GET /tournaments/participants/?tournament=3 HTTP/1.1" 200 378471
[2026-07-23 18:27:04,614] INFO django.server "GET /tournaments/3/participants/add/ HTTP/1.1" 200 9775
[2026-07-23 18:27:05,974] INFO django.server "GET /tournaments/participants/?tournament=3 HTTP/1.1" 200 378471
[2026-07-23 18:27:07,071] INFO django.server "GET /tournaments/ HTTP/1.1" 200 13252
[2026-07-23 18:27:07,913] INFO django.server "GET /tournaments/fighters/ HTTP/1.1" 200 78559
[2026-07-23 18:27:08,820] INFO django.server "GET / HTTP/1.1" 200 13622
[2026-07-23 18:27:29,167] INFO django.server - Broken pipe from ('127.0.0.1', 3866)
[2026-07-23 18:27:29,168] INFO django.server "GET /tournaments/ HTTP/1.1" 200 13252
[2026-07-23 18:27:29,169] INFO django.server - Broken pipe from ('127.0.0.1', 3867)
[2026-07-23 18:27:31,092] INFO django.server "GET /tournaments/ HTTP/1.1" 200 13252
[2026-07-23 18:27:33,406] INFO django.server "GET /tournaments/1/ HTTP/1.1" 200 10881
[2026-07-23 18:27:37,045] INFO django.server "GET /tournaments/3/ HTTP/1.1" 200 12316
[2026-07-23 18:27:39,810] INFO django.server "GET /tournaments/ HTTP/1.1" 200 13252
[2026-07-23 18:27:40,710] INFO django.server "GET /tournaments/3/ HTTP/1.1" 200 12316
[2026-07-23 18:27:41,577] INFO django.server "GET /tournaments/ HTTP/1.1" 200 13252
[2026-07-23 18:27:42,912] INFO django.server "GET / HTTP/1.1" 200 13622
[2026-07-23 18:27:44,502] INFO django.server "GET /tournaments/participants/ HTTP/1.1" 200 7217
[2026-07-23 18:27:46,493] INFO django.server "GET /tournaments/participants/?tournament=3 HTTP/1.1" 200 378471
[2026-07-23 18:49:56,649] INFO django.utils.autoreload Watching for file changes with StatReloader
[2026-07-23 18:51:07,861] INFO django.utils.autoreload Watching for file changes with StatReloader
[2026-07-23 18:55:44,706] INFO django.utils.autoreload Watching for file changes with StatReloader
[2026-07-23 19:05:39,931] INFO django.utils.autoreload Watching for file changes with StatReloader
[2026-07-23 19:05:41,530] INFO django.server "GET / HTTP/1.1" 200 13622
[2026-07-23 19:05:44,491] INFO django.server "GET /tournaments/ HTTP/1.1" 200 13252
[2026-07-23 19:05:45,731] INFO django.server "GET /tournaments/3/ HTTP/1.1" 200 12316
[2026-07-23 19:05:48,237] INFO django.server "GET /tournaments/fighters/ HTTP/1.1" 200 78559
[2026-07-23 19:05:49,719] INFO django.server "GET /tournaments/ HTTP/1.1" 200 13252
[2026-07-23 19:05:51,063] INFO django.server "GET /tournaments/3/ HTTP/1.1" 200 12316
[2026-07-23 19:05:52,070] INFO django.server "GET /tournaments/fighters/ HTTP/1.1" 200 78559
[2026-07-23 19:05:54,094] INFO django.server "GET / HTTP/1.1" 200 13622
[2026-07-23 19:05:55,789] INFO django.server "GET /tournaments/participants/ HTTP/1.1" 200 7217
[2026-07-23 19:05:59,229] ERROR django.request Internal Server Error: /tournaments/participants/
Traceback (most recent call last):
  File "C:\Users\User\Downloads\Kimi_Agent_CombatTournamentPlatform_ исправления\combat_platform\venv\Lib\site-packages\django\db\backends\utils.py", line 105, in _execute
    return self.cursor.execute(sql, params)
           ~~~~~~~~~~~~~~~~~~~^^^^^^^^^^^^^
  File "C:\Users\User\Downloads\Kimi_Agent_CombatTournamentPlatform_ исправления\combat_platform\venv\Lib\site-packages\django\db\backends\sqlite3\base.py", line 329, in execute
    return super().execute(query, params)
           ~~~~~~~~~~~~~~~^^^^^^^^^^^^^^^
sqlite3.OperationalError: no such table: tournaments_registrationcheckpoint

The above exception was the direct cause of the following exception:

Traceback (most recent call last):
  File "C:\Users\User\Downloads\Kimi_Agent_CombatTournamentPlatform_ исправления\combat_platform\venv\Lib\site-packages\django\core\handlers\exception.py", line 55, in inner
    response = get_response(request)
  File "C:\Users\User\Downloads\Kimi_Agent_CombatTournamentPlatform_ исправления\combat_platform\venv\Lib\site-packages\django\core\handlers\base.py", line 197, in _get_response
    response = wrapped_callback(request, *callback_args, **callback_kwargs)
  File "C:\Users\User\Downloads\Kimi_Agent_CombatTournamentPlatform_ исправления\combat_platform\venv\Lib\site-packages\django\contrib\auth\decorators.py", line 23, in _wrapper_view
    return view_func(request, *args, **kwargs)
  File "C:\Users\User\Downloads\Kimi_Agent_CombatTournamentPlatform_ исправления\combat_platform\users\decorators.py", line 47, in _wrapped
    return view_func(request, *args, **kwargs)
  File "C:\Users\User\Downloads\Kimi_Agent_CombatTournamentPlatform_ исправления\combat_platform\tournaments\views\participants.py", line 85, in participants_management
    return render(request, 'tournaments/participants_management.html', {
        'tournaments': tournaments,
    ...<8 lines>...
        'age_weight_categories': age_weight_categories,
    })
  File "C:\Users\User\Downloads\Kimi_Agent_CombatTournamentPlatform_ исправления\combat_platform\venv\Lib\site-packages\django\shortcuts.py", line 25, in render
    content = loader.render_to_string(template_name, context, request, using=using)
  File "C:\Users\User\Downloads\Kimi_Agent_CombatTournamentPlatform_ исправления\combat_platform\venv\Lib\site-packages\django\template\loader.py", line 62, in render_to_string
    return template.render(context, request)
           ~~~~~~~~~~~~~~~^^^^^^^^^^^^^^^^^^
  File "C:\Users\User\Downloads\Kimi_Agent_CombatTournamentPlatform_ исправления\combat_platform\venv\Lib\site-packages\django\template\backends\django.py", line 61, in render
    return self.template.render(context)
           ~~~~~~~~~~~~~~~~~~~~^^^^^^^^^
  File "C:\Users\User\Downloads\Kimi_Agent_CombatTournamentPlatform_ исправления\combat_platform\venv\Lib\site-packages\django\template\base.py", line 171, in render
    return self._render(context)
           ~~~~~~~~~~~~^^^^^^^^^
  File "C:\Users\User\Downloads\Kimi_Agent_CombatTournamentPlatform_ исправления\combat_platform\venv\Lib\site-packages\django\template\base.py", line 163, in _render
    return self.nodelist.render(context)
           ~~~~~~~~~~~~~~~~~~~~^^^^^^^^^
  File "C:\Users\User\Downloads\Kimi_Agent_CombatTournamentPlatform_ исправления\combat_platform\venv\Lib\site-packages\django\template\base.py", line 1000, in render
    return SafeString("".join([node.render_annotated(context) for node in self]))
                               ~~~~~~~~~~~~~~~~~~~~~^^^^^^^^^
  File "C:\Users\User\Downloads\Kimi_Agent_CombatTournamentPlatform_ исправления\combat_platform\venv\Lib\site-packages\django\template\base.py", line 961, in render_annotated
    return self.render(context)
           ~~~~~~~~~~~^^^^^^^^^
  File "C:\Users\User\Downloads\Kimi_Agent_CombatTournamentPlatform_ исправления\combat_platform\venv\Lib\site-packages\django\template\loader_tags.py", line 159, in render
    return compiled_parent._render(context)
           ~~~~~~~~~~~~~~~~~~~~~~~^^^^^^^^^
  File "C:\Users\User\Downloads\Kimi_Agent_CombatTournamentPlatform_ исправления\combat_platform\venv\Lib\site-packages\django\template\base.py", line 163, in _render
    return self.nodelist.render(context)
           ~~~~~~~~~~~~~~~~~~~~^^^^^^^^^
  File "C:\Users\User\Downloads\Kimi_Agent_CombatTournamentPlatform_ исправления\combat_platform\venv\Lib\site-packages\django\template\base.py", line 1000, in render
    return SafeString("".join([node.render_annotated(context) for node in self]))
                               ~~~~~~~~~~~~~~~~~~~~~^^^^^^^^^
  File "C:\Users\User\Downloads\Kimi_Agent_CombatTournamentPlatform_ исправления\combat_platform\venv\Lib\site-packages\django\template\base.py", line 961, in render_annotated
    return self.render(context)
           ~~~~~~~~~~~^^^^^^^^^
  File "C:\Users\User\Downloads\Kimi_Agent_CombatTournamentPlatform_ исправления\combat_platform\venv\Lib\site-packages\django\template\loader_tags.py", line 65, in render
    result = block.nodelist.render(context)
  File "C:\Users\User\Downloads\Kimi_Agent_CombatTournamentPlatform_ исправления\combat_platform\venv\Lib\site-packages\django\template\base.py", line 1000, in render
    return SafeString("".join([node.render_annotated(context) for node in self]))
                               ~~~~~~~~~~~~~~~~~~~~~^^^^^^^^^
  File "C:\Users\User\Downloads\Kimi_Agent_CombatTournamentPlatform_ исправления\combat_platform\venv\Lib\site-packages\django\template\base.py", line 961, in render_annotated
    return self.render(context)
           ~~~~~~~~~~~^^^^^^^^^
  File "C:\Users\User\Downloads\Kimi_Agent_CombatTournamentPlatform_ исправления\combat_platform\venv\Lib\site-packages\django\template\defaulttags.py", line 326, in render
    return nodelist.render(context)
           ~~~~~~~~~~~~~~~^^^^^^^^^
  File "C:\Users\User\Downloads\Kimi_Agent_CombatTournamentPlatform_ исправления\combat_platform\venv\Lib\site-packages\django\template\base.py", line 1000, in render
    return SafeString("".join([node.render_annotated(context) for node in self]))
                               ~~~~~~~~~~~~~~~~~~~~~^^^^^^^^^
  File "C:\Users\User\Downloads\Kimi_Agent_CombatTournamentPlatform_ исправления\combat_platform\venv\Lib\site-packages\django\template\base.py", line 961, in render_annotated
    return self.render(context)
           ~~~~~~~~~~~^^^^^^^^^
  File "C:\Users\User\Downloads\Kimi_Agent_CombatTournamentPlatform_ исправления\combat_platform\venv\Lib\site-packages\django\template\defaulttags.py", line 198, in render
    len_values = len(values)
  File "C:\Users\User\Downloads\Kimi_Agent_CombatTournamentPlatform_ исправления\combat_platform\venv\Lib\site-packages\django\db\models\query.py", line 382, in __len__
    self._fetch_all()
    ~~~~~~~~~~~~~~~^^
  File "C:\Users\User\Downloads\Kimi_Agent_CombatTournamentPlatform_ исправления\combat_platform\venv\Lib\site-packages\django\db\models\query.py", line 1930, in _fetch_all
    self._prefetch_related_objects()
    ~~~~~~~~~~~~~~~~~~~~~~~~~~~~~~^^
  File "C:\Users\User\Downloads\Kimi_Agent_CombatTournamentPlatform_ исправления\combat_platform\venv\Lib\site-packages\django\db\models\query.py", line 1320, in _prefetch_related_objects
    prefetch_related_objects(self._result_cache, *self._prefetch_related_lookups)
    ~~~~~~~~~~~~~~~~~~~~~~~~^^^^^^^^^^^^^^^^^^^^^^^^^^^^^^^^^^^^^^^^^^^^^^^^^^^^^
  File "C:\Users\User\Downloads\Kimi_Agent_CombatTournamentPlatform_ исправления\combat_platform\venv\Lib\site-packages\django\db\models\query.py", line 2381, in prefetch_related_objects
    obj_list, additional_lookups = prefetch_one_level(
                                   ~~~~~~~~~~~~~~~~~~^
        obj_to_fetch,
        ^^^^^^^^^^^^^
    ...<2 lines>...
        level,
        ^^^^^^
    )
    ^
  File "C:\Users\User\Downloads\Kimi_Agent_CombatTournamentPlatform_ исправления\combat_platform\venv\Lib\site-packages\django\db\models\query.py", line 2545, in prefetch_one_level
    ) = prefetcher.get_prefetch_querysets(
        ~~~~~~~~~~~~~~~~~~~~~~~~~~~~~~~~~^
        instances, lookup.get_current_querysets(level)
        ^^^^^^^^^^^^^^^^^^^^^^^^^^^^^^^^^^^^^^^^^^^^^^
    )
    ^
  File "C:\Users\User\Downloads\Kimi_Agent_CombatTournamentPlatform_ исправления\combat_platform\venv\Lib\site-packages\django\db\models\fields\related_descriptors.py", line 791, in get_prefetch_querysets
    for rel_obj in queryset:
                   ^^^^^^^^
  File "C:\Users\User\Downloads\Kimi_Agent_CombatTournamentPlatform_ исправления\combat_platform\venv\Lib\site-packages\django\db\models\query.py", line 400, in __iter__
    self._fetch_all()
    ~~~~~~~~~~~~~~~^^
  File "C:\Users\User\Downloads\Kimi_Agent_CombatTournamentPlatform_ исправления\combat_platform\venv\Lib\site-packages\django\db\models\query.py", line 1928, in _fetch_all
    self._result_cache = list(self._iterable_class(self))
                         ~~~~^^^^^^^^^^^^^^^^^^^^^^^^^^^^
  File "C:\Users\User\Downloads\Kimi_Agent_CombatTournamentPlatform_ исправления\combat_platform\venv\Lib\site-packages\django\db\models\query.py", line 91, in __iter__
    results = compiler.execute_sql(
        chunked_fetch=self.chunked_fetch, chunk_size=self.chunk_size
    )
  File "C:\Users\User\Downloads\Kimi_Agent_CombatTournamentPlatform_ исправления\combat_platform\venv\Lib\site-packages\django\db\models\sql\compiler.py", line 1562, in execute_sql
    cursor.execute(sql, params)
    ~~~~~~~~~~~~~~^^^^^^^^^^^^^
  File "C:\Users\User\Downloads\Kimi_Agent_CombatTournamentPlatform_ исправления\combat_platform\venv\Lib\site-packages\django\db\backends\utils.py", line 122, in execute
    return super().execute(sql, params)
           ~~~~~~~~~~~~~~~^^^^^^^^^^^^^
  File "C:\Users\User\Downloads\Kimi_Agent_CombatTournamentPlatform_ исправления\combat_platform\venv\Lib\site-packages\django\db\backends\utils.py", line 79, in execute
    return self._execute_with_wrappers(
           ~~~~~~~~~~~~~~~~~~~~~~~~~~~^
        sql, params, many=False, executor=self._execute
        ^^^^^^^^^^^^^^^^^^^^^^^^^^^^^^^^^^^^^^^^^^^^^^^
    )
    ^
  File "C:\Users\User\Downloads\Kimi_Agent_CombatTournamentPlatform_ исправления\combat_platform\venv\Lib\site-packages\django\db\backends\utils.py", line 92, in _execute_with_wrappers
    return executor(sql, params, many, context)
  File "C:\Users\User\Downloads\Kimi_Agent_CombatTournamentPlatform_ исправления\combat_platform\venv\Lib\site-packages\django\db\backends\utils.py", line 100, in _execute
    with self.db.wrap_database_errors:
         ^^^^^^^^^^^^^^^^^^^^^^^^^^^^
  File "C:\Users\User\Downloads\Kimi_Agent_CombatTournamentPlatform_ исправления\combat_platform\venv\Lib\site-packages\django\db\utils.py", line 91, in __exit__
    raise dj_exc_value.with_traceback(traceback) from exc_value
  File "C:\Users\User\Downloads\Kimi_Agent_CombatTournamentPlatform_ исправления\combat_platform\venv\Lib\site-packages\django\db\backends\utils.py", line 105, in _execute
    return self.cursor.execute(sql, params)
           ~~~~~~~~~~~~~~~~~~~^^^^^^^^^^^^^
  File "C:\Users\User\Downloads\Kimi_Agent_CombatTournamentPlatform_ исправления\combat_platform\venv\Lib\site-packages\django\db\backends\sqlite3\base.py", line 329, in execute
    return super().execute(query, params)
           ~~~~~~~~~~~~~~~^^^^^^^^^^^^^^^
django.db.utils.OperationalError: no such table: tournaments_registrationcheckpoint
[2026-07-23 19:05:59,238] ERROR django.server "GET /tournaments/participants/?tournament=3 HTTP/1.1" 500 364320
[2026-07-23 19:06:51,690] INFO django.utils.autoreload Watching for file changes with StatReloader
[2026-07-23 19:06:52,941] INFO django.server "GET / HTTP/1.1" 200 13622
[2026-07-23 19:06:54,880] INFO django.server "GET /tournaments/participants/ HTTP/1.1" 200 7217
[2026-07-23 19:06:56,631] INFO django.server "GET /tournaments/participants/?tournament=3 HTTP/1.1" 200 340084
[2026-07-23 19:06:59,323] INFO django.server "GET /tournaments/3/checkpoints/ HTTP/1.1" 200 9618
[2026-07-23 19:07:19,904] INFO django.server "POST /tournaments/3/checkpoints/ HTTP/1.1" 302 0
[2026-07-23 19:07:19,916] INFO django.server "GET /tournaments/3/checkpoints/ HTTP/1.1" 200 11256
[2026-07-23 19:07:34,268] INFO django.server "POST /tournaments/3/checkpoints/ HTTP/1.1" 302 0
[2026-07-23 19:07:34,279] INFO django.server "GET /tournaments/3/checkpoints/ HTTP/1.1" 200 12718
[2026-07-23 19:07:35,203] INFO django.server "GET /tournaments/checkpoint/1/edit/ HTTP/1.1" 200 8010
[2026-07-23 19:07:38,105] INFO django.server "POST /tournaments/checkpoint/1/edit/ HTTP/1.1" 302 0
[2026-07-23 19:07:38,116] INFO django.server "GET /tournaments/3/checkpoints/ HTTP/1.1" 200 12724
[2026-07-23 19:07:48,010] INFO django.server "POST /tournaments/3/checkpoints/ HTTP/1.1" 302 0
[2026-07-23 19:07:48,022] INFO django.server "GET /tournaments/3/checkpoints/ HTTP/1.1" 200 14204
[2026-07-23 19:07:55,561] INFO django.server "POST /tournaments/3/checkpoints/ HTTP/1.1" 302 0
[2026-07-23 19:07:55,573] INFO django.server "GET /tournaments/3/checkpoints/ HTTP/1.1" 200 15684
[2026-07-23 19:07:56,661] INFO django.server "GET /tournaments/participants/?tournament=3 HTTP/1.1" 200 733972
[2026-07-23 19:08:00,700] INFO django.server "GET /tournaments/3/checkpoints/ HTTP/1.1" 200 15306
[2026-07-23 19:08:02,738] INFO django.server "GET /tournaments/checkpoint/4/edit/ HTTP/1.1" 200 8010
[2026-07-23 19:08:06,035] INFO django.server "POST /tournaments/checkpoint/4/edit/ HTTP/1.1" 302 0
[2026-07-23 19:08:06,046] INFO django.server "GET /tournaments/3/checkpoints/ HTTP/1.1" 200 15684
[2026-07-23 19:08:07,497] INFO django.server "GET /tournaments/checkpoint/4/edit/ HTTP/1.1" 200 8010
[2026-07-23 19:08:10,198] INFO django.server "POST /tournaments/checkpoint/4/edit/ HTTP/1.1" 302 0
[2026-07-23 19:08:10,209] INFO django.server "GET /tournaments/3/checkpoints/ HTTP/1.1" 200 15684
[2026-07-23 19:08:11,824] INFO django.server "GET /tournaments/participants/?tournament=3 HTTP/1.1" 200 733972
[2026-07-23 19:08:14,529] INFO django.server "GET /tournaments/participants/?tournament=3 HTTP/1.1" 200 733972
[2026-07-23 19:08:17,602] INFO django.server "GET /tournaments/3/checkpoints/ HTTP/1.1" 200 15306
[2026-07-23 19:08:20,288] INFO django.server "GET /tournaments/checkpoint/2/edit/ HTTP/1.1" 200 8004
[2026-07-23 19:08:23,334] INFO django.server "POST /tournaments/checkpoint/2/edit/ HTTP/1.1" 302 0
[2026-07-23 19:08:23,345] INFO django.server "GET /tournaments/3/checkpoints/ HTTP/1.1" 200 15678
[2026-07-23 19:08:26,280] INFO django.server "GET /tournaments/checkpoint/4/edit/ HTTP/1.1" 200 8010
[2026-07-23 19:08:29,310] INFO django.server "POST /tournaments/checkpoint/4/edit/ HTTP/1.1" 302 0
[2026-07-23 19:08:29,321] INFO django.server "GET /tournaments/3/checkpoints/ HTTP/1.1" 200 15684
[2026-07-23 19:08:30,681] INFO django.server "GET /tournaments/participants/?tournament=3 HTTP/1.1" 200 733972
[2026-07-23 19:08:38,290] INFO django.server "POST /tournaments/registration/46/update/ HTTP/1.1" 302 0
[2026-07-23 19:08:38,419] INFO django.server "GET /tournaments/participants/?tournament=3 HTTP/1.1" 200 734378
[2026-07-23 19:08:42,493] INFO django.server "POST /tournaments/registration/46/update/ HTTP/1.1" 302 0
[2026-07-23 19:08:42,624] INFO django.server "GET /tournaments/participants/?tournament=3 HTTP/1.1" 200 734373
[2026-07-23 19:18:12,984] INFO django.utils.autoreload Watching for file changes with StatReloader
[2026-07-23 19:18:14,561] INFO django.server "GET / HTTP/1.1" 200 13622
[2026-07-23 19:18:16,164] INFO django.server "GET /tournaments/ HTTP/1.1" 200 13252
[2026-07-23 19:18:17,402] INFO django.server "GET / HTTP/1.1" 200 13622
[2026-07-23 19:18:18,386] INFO django.server "GET /tournaments/participants/ HTTP/1.1" 200 7217
[2026-07-23 19:18:20,418] INFO django.server "GET /tournaments/participants/?tournament=3 HTTP/1.1" 200 733992
[2026-07-23 19:18:24,117] INFO django.server "POST /tournaments/registration/46/update/ HTTP/1.1" 302 0
[2026-07-23 19:18:24,240] INFO django.server "GET /tournaments/participants/?tournament=3 HTTP/1.1" 200 734413
[2026-07-23 19:18:32,411] INFO django.server "POST /tournaments/registration/64/update/ HTTP/1.1" 302 0
[2026-07-23 19:18:32,532] INFO django.server "GET /tournaments/participants/?tournament=3 HTTP/1.1" 200 734428
[2026-07-23 19:18:35,720] INFO django.server "POST /tournaments/registration/64/update/ HTTP/1.1" 302 0
[2026-07-23 19:18:35,841] INFO django.server "GET /tournaments/participants/?tournament=3 HTTP/1.1" 200 734438
[2026-07-23 19:18:39,239] INFO django.server "POST /tournaments/registration/61/update/ HTTP/1.1" 302 0
[2026-07-23 19:18:39,361] INFO django.server "GET /tournaments/participants/?tournament=3 HTTP/1.1" 200 734445
[2026-07-23 19:18:44,420] INFO django.server "GET /tournaments/3/participants/add/ HTTP/1.1" 200 9775
[2026-07-23 19:19:05,233] INFO django.server "POST /tournaments/3/participants/add/ HTTP/1.1" 302 0
[2026-07-23 19:19:05,358] INFO django.server "GET /tournaments/participants/?tournament=3 HTTP/1.1" 200 751203
[2026-07-23 19:19:24,228] INFO django.server "POST /tournaments/registration/72/update/ HTTP/1.1" 302 0
[2026-07-23 19:19:24,354] INFO django.server "GET /tournaments/participants/?tournament=3 HTTP/1.1" 200 750847
[2026-07-23 19:19:29,610] INFO django.server "POST /tournaments/registration/72/update/ HTTP/1.1" 302 0
[2026-07-23 19:19:29,734] INFO django.server "GET /tournaments/participants/?tournament=3 HTTP/1.1" 200 750856
[2026-07-23 19:20:06,604] INFO django.server "GET /tournaments/3/participants/add/ HTTP/1.1" 200 9775
[2026-07-23 19:20:36,070] INFO django.server "POST /tournaments/3/participants/add/ HTTP/1.1" 302 0
[2026-07-23 19:20:36,197] INFO django.server "GET /tournaments/participants/?tournament=3 HTTP/1.1" 200 767601
[2026-07-23 19:47:09,267] INFO django.utils.autoreload C:\Users\User\Downloads\Kimi_Agent_CombatTournamentPlatform_ исправления\combat_platform\tournaments\views\participants.py changed, reloading.
[2026-07-23 19:47:09,776] INFO django.utils.autoreload Watching for file changes with StatReloader
[2026-07-23 19:48:01,227] INFO django.utils.autoreload Watching for file changes with StatReloader
[2026-07-23 19:48:03,249] INFO django.server "GET / HTTP/1.1" 200 13622
[2026-07-23 19:48:05,853] INFO django.server "GET /tournaments/participants/ HTTP/1.1" 200 7217
[2026-07-23 19:48:07,438] INFO django.server "GET /tournaments/participants/?tournament=3 HTTP/1.1" 200 766829
[2026-07-23 19:48:08,664] INFO django.server "GET /tournaments/3/participants/add/ HTTP/1.1" 200 9775
[2026-07-23 19:48:25,016] INFO django.server "POST /tournaments/3/participants/add/ HTTP/1.1" 302 0
[2026-07-23 19:48:25,146] INFO django.server "GET /tournaments/participants/?tournament=3 HTTP/1.1" 200 783582
[2026-07-23 19:53:03,778] INFO django.server "GET /tournaments/3/categories/ HTTP/1.1" 200 22229
[2026-07-23 19:53:06,941] INFO django.server "POST /tournaments/3/categories/ HTTP/1.1" 302 0
[2026-07-23 19:53:06,955] INFO django.server "GET /tournaments/3/categories/ HTTP/1.1" 200 16772
[2026-07-23 19:53:10,985] INFO django.server "GET /tournaments/3/categories/ HTTP/1.1" 200 16386
[2026-07-23 19:53:14,165] INFO django.server "GET /tournaments/3/ HTTP/1.1" 200 11312
[2026-07-23 19:53:16,147] INFO django.server "GET /tournaments/3/categories/ HTTP/1.1" 200 16386
[2026-07-23 19:53:17,600] INFO django.server "GET /tournaments/fighters/ HTTP/1.1" 200 81658
[2026-07-23 19:53:18,065] INFO django.server "GET /tournaments/ HTTP/1.1" 200 13252
[2026-07-23 19:53:18,505] INFO django.server "GET / HTTP/1.1" 200 13622
[2026-07-23 19:53:19,629] INFO django.server "GET /tournaments/participants/ HTTP/1.1" 200 7217
[2026-07-23 19:53:21,457] INFO django.server "GET /tournaments/participants/?tournament=3 HTTP/1.1" 200 771706
[2026-07-23 19:53:23,756] INFO django.server "GET /tournaments/3/auto-assign/ HTTP/1.1" 302 0
[2026-07-23 19:53:23,880] INFO django.server "GET /tournaments/participants/?tournament=3 HTTP/1.1" 200 772295
[2026-07-23 19:53:33,569] INFO django.server "GET /tournaments/ HTTP/1.1" 200 13252
[2026-07-23 19:53:34,485] INFO django.server "GET /tournaments/3/ HTTP/1.1" 200 11312
[2026-07-23 19:53:36,637] INFO django.server "GET /tournaments/3/brackets/generate/ HTTP/1.1" 302 0
[2026-07-23 19:53:36,650] INFO django.server "GET /tournaments/3/ HTTP/1.1" 200 12502
[2026-07-23 19:53:38,469] ERROR django.request Internal Server Error: /tournaments/3/bracket/5/
Traceback (most recent call last):
  File "C:\Users\User\Downloads\Kimi_Agent_CombatTournamentPlatform_ исправления\combat_platform\venv\Lib\site-packages\django\core\handlers\exception.py", line 55, in inner
    response = get_response(request)
  File "C:\Users\User\Downloads\Kimi_Agent_CombatTournamentPlatform_ исправления\combat_platform\venv\Lib\site-packages\django\core\handlers\base.py", line 197, in _get_response
    response = wrapped_callback(request, *callback_args, **callback_kwargs)
  File "C:\Users\User\Downloads\Kimi_Agent_CombatTournamentPlatform_ исправления\combat_platform\venv\Lib\site-packages\django\contrib\auth\decorators.py", line 23, in _wrapper_view
    return view_func(request, *args, **kwargs)
  File "C:\Users\User\Downloads\Kimi_Agent_CombatTournamentPlatform_ исправления\combat_platform\tournaments\views\brackets.py", line 39, in bracket_view
    return render(request, 'tournaments/bracket_view.html', context)
  File "C:\Users\User\Downloads\Kimi_Agent_CombatTournamentPlatform_ исправления\combat_platform\venv\Lib\site-packages\django\shortcuts.py", line 25, in render
    content = loader.render_to_string(template_name, context, request, using=using)
  File "C:\Users\User\Downloads\Kimi_Agent_CombatTournamentPlatform_ исправления\combat_platform\venv\Lib\site-packages\django\template\loader.py", line 62, in render_to_string
    return template.render(context, request)
           ~~~~~~~~~~~~~~~^^^^^^^^^^^^^^^^^^
  File "C:\Users\User\Downloads\Kimi_Agent_CombatTournamentPlatform_ исправления\combat_platform\venv\Lib\site-packages\django\template\backends\django.py", line 61, in render
    return self.template.render(context)
           ~~~~~~~~~~~~~~~~~~~~^^^^^^^^^
  File "C:\Users\User\Downloads\Kimi_Agent_CombatTournamentPlatform_ исправления\combat_platform\venv\Lib\site-packages\django\template\base.py", line 171, in render
    return self._render(context)
           ~~~~~~~~~~~~^^^^^^^^^
  File "C:\Users\User\Downloads\Kimi_Agent_CombatTournamentPlatform_ исправления\combat_platform\venv\Lib\site-packages\django\template\base.py", line 163, in _render
    return self.nodelist.render(context)
           ~~~~~~~~~~~~~~~~~~~~^^^^^^^^^
  File "C:\Users\User\Downloads\Kimi_Agent_CombatTournamentPlatform_ исправления\combat_platform\venv\Lib\site-packages\django\template\base.py", line 1000, in render
    return SafeString("".join([node.render_annotated(context) for node in self]))
                               ~~~~~~~~~~~~~~~~~~~~~^^^^^^^^^
  File "C:\Users\User\Downloads\Kimi_Agent_CombatTournamentPlatform_ исправления\combat_platform\venv\Lib\site-packages\django\template\base.py", line 961, in render_annotated
    return self.render(context)
           ~~~~~~~~~~~^^^^^^^^^
  File "C:\Users\User\Downloads\Kimi_Agent_CombatTournamentPlatform_ исправления\combat_platform\venv\Lib\site-packages\django\template\loader_tags.py", line 159, in render
    return compiled_parent._render(context)
           ~~~~~~~~~~~~~~~~~~~~~~~^^^^^^^^^
  File "C:\Users\User\Downloads\Kimi_Agent_CombatTournamentPlatform_ исправления\combat_platform\venv\Lib\site-packages\django\template\base.py", line 163, in _render
    return self.nodelist.render(context)
           ~~~~~~~~~~~~~~~~~~~~^^^^^^^^^
  File "C:\Users\User\Downloads\Kimi_Agent_CombatTournamentPlatform_ исправления\combat_platform\venv\Lib\site-packages\django\template\base.py", line 1000, in render
    return SafeString("".join([node.render_annotated(context) for node in self]))
                               ~~~~~~~~~~~~~~~~~~~~~^^^^^^^^^
  File "C:\Users\User\Downloads\Kimi_Agent_CombatTournamentPlatform_ исправления\combat_platform\venv\Lib\site-packages\django\template\base.py", line 961, in render_annotated
    return self.render(context)
           ~~~~~~~~~~~^^^^^^^^^
  File "C:\Users\User\Downloads\Kimi_Agent_CombatTournamentPlatform_ исправления\combat_platform\venv\Lib\site-packages\django\template\loader_tags.py", line 65, in render
    result = block.nodelist.render(context)
  File "C:\Users\User\Downloads\Kimi_Agent_CombatTournamentPlatform_ исправления\combat_platform\venv\Lib\site-packages\django\template\base.py", line 1000, in render
    return SafeString("".join([node.render_annotated(context) for node in self]))
                               ~~~~~~~~~~~~~~~~~~~~~^^^^^^^^^
  File "C:\Users\User\Downloads\Kimi_Agent_CombatTournamentPlatform_ исправления\combat_platform\venv\Lib\site-packages\django\template\base.py", line 961, in render_annotated
    return self.render(context)
           ~~~~~~~~~~~^^^^^^^^^
  File "C:\Users\User\Downloads\Kimi_Agent_CombatTournamentPlatform_ исправления\combat_platform\venv\Lib\site-packages\django\template\defaulttags.py", line 326, in render
    return nodelist.render(context)
           ~~~~~~~~~~~~~~~^^^^^^^^^
  File "C:\Users\User\Downloads\Kimi_Agent_CombatTournamentPlatform_ исправления\combat_platform\venv\Lib\site-packages\django\template\base.py", line 1000, in render
    return SafeString("".join([node.render_annotated(context) for node in self]))
                               ~~~~~~~~~~~~~~~~~~~~~^^^^^^^^^
  File "C:\Users\User\Downloads\Kimi_Agent_CombatTournamentPlatform_ исправления\combat_platform\venv\Lib\site-packages\django\template\base.py", line 961, in render_annotated
    return self.render(context)
           ~~~~~~~~~~~^^^^^^^^^
  File "C:\Users\User\Downloads\Kimi_Agent_CombatTournamentPlatform_ исправления\combat_platform\venv\Lib\site-packages\django\template\defaulttags.py", line 549, in render
    return self.nodelist.render(context)
           ~~~~~~~~~~~~~~~~~~~~^^^^^^^^^
  File "C:\Users\User\Downloads\Kimi_Agent_CombatTournamentPlatform_ исправления\combat_platform\venv\Lib\site-packages\django\template\base.py", line 1000, in render
    return SafeString("".join([node.render_annotated(context) for node in self]))
                               ~~~~~~~~~~~~~~~~~~~~~^^^^^^^^^
  File "C:\Users\User\Downloads\Kimi_Agent_CombatTournamentPlatform_ исправления\combat_platform\venv\Lib\site-packages\django\template\base.py", line 961, in render_annotated
    return self.render(context)
           ~~~~~~~~~~~^^^^^^^^^
  File "C:\Users\User\Downloads\Kimi_Agent_CombatTournamentPlatform_ исправления\combat_platform\venv\Lib\site-packages\django\template\defaulttags.py", line 326, in render
    return nodelist.render(context)
           ~~~~~~~~~~~~~~~^^^^^^^^^
  File "C:\Users\User\Downloads\Kimi_Agent_CombatTournamentPlatform_ исправления\combat_platform\venv\Lib\site-packages\django\template\base.py", line 1000, in render
    return SafeString("".join([node.render_annotated(context) for node in self]))
                               ~~~~~~~~~~~~~~~~~~~~~^^^^^^^^^
  File "C:\Users\User\Downloads\Kimi_Agent_CombatTournamentPlatform_ исправления\combat_platform\venv\Lib\site-packages\django\template\base.py", line 961, in render_annotated
    return self.render(context)
           ~~~~~~~~~~~^^^^^^^^^
  File "C:\Users\User\Downloads\Kimi_Agent_CombatTournamentPlatform_ исправления\combat_platform\venv\Lib\site-packages\django\template\defaulttags.py", line 193, in render
    values = self.sequence.resolve(context, ignore_failures=True)
  File "C:\Users\User\Downloads\Kimi_Agent_CombatTournamentPlatform_ исправления\combat_platform\venv\Lib\site-packages\django\template\base.py", line 737, in resolve
    new_obj = func(obj, *arg_vals)
  File "C:\Users\User\Downloads\Kimi_Agent_CombatTournamentPlatform_ исправления\combat_platform\venv\Lib\site-packages\django\template\defaultfilters.py", line 49, in _dec
    result = func(first, *args, **kwargs)
  File "C:\Users\User\Downloads\Kimi_Agent_CombatTournamentPlatform_ исправления\combat_platform\venv\Lib\site-packages\django\template\defaultfilters.py", line 415, in rjust
    return value.rjust(int(arg))
                       ~~~^^^^^
TypeError: int() argument must be a string, a bytes-like object or a real number, not 'list'
[2026-07-23 19:53:38,474] ERROR django.server "GET /tournaments/3/bracket/5/ HTTP/1.1" 500 319326
[2026-07-23 20:24:12,433] INFO django.utils.autoreload Watching for file changes with StatReloader
[2026-07-23 20:24:14,398] INFO django.server "GET / HTTP/1.1" 200 13622
[2026-07-23 20:24:16,424] INFO django.server "GET /tournaments/participants/ HTTP/1.1" 200 7217
[2026-07-23 20:24:17,999] INFO django.server "GET /tournaments/participants/?tournament=1 HTTP/1.1" 200 10716
[2026-07-23 20:24:20,289] INFO django.server "GET /tournaments/participants/?tournament=3&search=&status= HTTP/1.1" 200 771571
[2026-07-23 20:24:21,891] INFO django.server "GET /tournaments/ HTTP/1.1" 200 13254
[2026-07-23 20:24:23,310] INFO django.server "GET /tournaments/3/ HTTP/1.1" 200 11770
[2026-07-23 20:24:25,349] INFO django.server "GET /tournaments/3/brackets/generate/ HTTP/1.1" 302 0
[2026-07-23 20:24:25,361] INFO django.server "GET /tournaments/3/ HTTP/1.1" 200 12164
[2026-07-23 20:24:28,399] ERROR django.request Internal Server Error: /tournaments/3/bracket/5/
Traceback (most recent call last):
  File "C:\Users\User\Downloads\Kimi_Agent_CombatTournamentPlatform_ исправления\combat_platform\venv\Lib\site-packages\django\core\handlers\exception.py", line 55, in inner
    response = get_response(request)
  File "C:\Users\User\Downloads\Kimi_Agent_CombatTournamentPlatform_ исправления\combat_platform\venv\Lib\site-packages\django\core\handlers\base.py", line 197, in _get_response
    response = wrapped_callback(request, *callback_args, **callback_kwargs)
  File "C:\Users\User\Downloads\Kimi_Agent_CombatTournamentPlatform_ исправления\combat_platform\venv\Lib\site-packages\django\contrib\auth\decorators.py", line 23, in _wrapper_view
    return view_func(request, *args, **kwargs)
  File "C:\Users\User\Downloads\Kimi_Agent_CombatTournamentPlatform_ исправления\combat_platform\tournaments\views\brackets.py", line 39, in bracket_view
    return render(request, 'tournaments/bracket_view.html', context)
  File "C:\Users\User\Downloads\Kimi_Agent_CombatTournamentPlatform_ исправления\combat_platform\venv\Lib\site-packages\django\shortcuts.py", line 25, in render
    content = loader.render_to_string(template_name, context, request, using=using)
  File "C:\Users\User\Downloads\Kimi_Agent_CombatTournamentPlatform_ исправления\combat_platform\venv\Lib\site-packages\django\template\loader.py", line 61, in render_to_string
    template = get_template(template_name, using=using)
  File "C:\Users\User\Downloads\Kimi_Agent_CombatTournamentPlatform_ исправления\combat_platform\venv\Lib\site-packages\django\template\loader.py", line 15, in get_template
    return engine.get_template(template_name)
           ~~~~~~~~~~~~~~~~~~~^^^^^^^^^^^^^^^
  File "C:\Users\User\Downloads\Kimi_Agent_CombatTournamentPlatform_ исправления\combat_platform\venv\Lib\site-packages\django\template\backends\django.py", line 33, in get_template
    return Template(self.engine.get_template(template_name), self)
                    ~~~~~~~~~~~~~~~~~~~~~~~~^^^^^^^^^^^^^^^
  File "C:\Users\User\Downloads\Kimi_Agent_CombatTournamentPlatform_ исправления\combat_platform\venv\Lib\site-packages\django\template\engine.py", line 177, in get_template
    template, origin = self.find_template(template_name)
                       ~~~~~~~~~~~~~~~~~~^^^^^^^^^^^^^^^
  File "C:\Users\User\Downloads\Kimi_Agent_CombatTournamentPlatform_ исправления\combat_platform\venv\Lib\site-packages\django\template\engine.py", line 159, in find_template
    template = loader.get_template(name, skip=skip)
  File "C:\Users\User\Downloads\Kimi_Agent_CombatTournamentPlatform_ исправления\combat_platform\venv\Lib\site-packages\django\template\loaders\cached.py", line 57, in get_template
    template = super().get_template(template_name, skip)
  File "C:\Users\User\Downloads\Kimi_Agent_CombatTournamentPlatform_ исправления\combat_platform\venv\Lib\site-packages\django\template\loaders\base.py", line 28, in get_template
    return Template(
        contents,
    ...<2 lines>...
        self.engine,
    )
  File "C:\Users\User\Downloads\Kimi_Agent_CombatTournamentPlatform_ исправления\combat_platform\venv\Lib\site-packages\django\template\base.py", line 154, in __init__
    self.nodelist = self.compile_nodelist()
                    ~~~~~~~~~~~~~~~~~~~~~^^
  File "C:\Users\User\Downloads\Kimi_Agent_CombatTournamentPlatform_ исправления\combat_platform\venv\Lib\site-packages\django\template\base.py", line 196, in compile_nodelist
    return parser.parse()
           ~~~~~~~~~~~~^^
  File "C:\Users\User\Downloads\Kimi_Agent_CombatTournamentPlatform_ исправления\combat_platform\venv\Lib\site-packages\django\template\base.py", line 510, in parse
    raise self.error(token, e)
  File "C:\Users\User\Downloads\Kimi_Agent_CombatTournamentPlatform_ исправления\combat_platform\venv\Lib\site-packages\django\template\base.py", line 508, in parse
    compiled_result = compile_func(self, token)
  File "C:\Users\User\Downloads\Kimi_Agent_CombatTournamentPlatform_ исправления\combat_platform\venv\Lib\site-packages\django\template\loader_tags.py", line 295, in do_extends
    nodelist = parser.parse()
  File "C:\Users\User\Downloads\Kimi_Agent_CombatTournamentPlatform_ исправления\combat_platform\venv\Lib\site-packages\django\template\base.py", line 510, in parse
    raise self.error(token, e)
  File "C:\Users\User\Downloads\Kimi_Agent_CombatTournamentPlatform_ исправления\combat_platform\venv\Lib\site-packages\django\template\base.py", line 508, in parse
    compiled_result = compile_func(self, token)
  File "C:\Users\User\Downloads\Kimi_Agent_CombatTournamentPlatform_ исправления\combat_platform\venv\Lib\site-packages\django\template\loader_tags.py", line 234, in do_block
    nodelist = parser.parse(("endblock",))
  File "C:\Users\User\Downloads\Kimi_Agent_CombatTournamentPlatform_ исправления\combat_platform\venv\Lib\site-packages\django\template\base.py", line 510, in parse
    raise self.error(token, e)
  File "C:\Users\User\Downloads\Kimi_Agent_CombatTournamentPlatform_ исправления\combat_platform\venv\Lib\site-packages\django\template\base.py", line 508, in parse
    compiled_result = compile_func(self, token)
  File "C:\Users\User\Downloads\Kimi_Agent_CombatTournamentPlatform_ исправления\combat_platform\venv\Lib\site-packages\django\template\defaulttags.py", line 961, in do_if
    nodelist = parser.parse(("elif", "else", "endif"))
  File "C:\Users\User\Downloads\Kimi_Agent_CombatTournamentPlatform_ исправления\combat_platform\venv\Lib\site-packages\django\template\base.py", line 510, in parse
    raise self.error(token, e)
  File "C:\Users\User\Downloads\Kimi_Agent_CombatTournamentPlatform_ исправления\combat_platform\venv\Lib\site-packages\django\template\base.py", line 508, in parse
    compiled_result = compile_func(self, token)
  File "C:\Users\User\Downloads\Kimi_Agent_CombatTournamentPlatform_ исправления\combat_platform\venv\Lib\site-packages\django\template\defaulttags.py", line 1499, in do_with
    nodelist = parser.parse(("endwith",))
  File "C:\Users\User\Downloads\Kimi_Agent_CombatTournamentPlatform_ исправления\combat_platform\venv\Lib\site-packages\django\template\base.py", line 510, in parse
    raise self.error(token, e)
  File "C:\Users\User\Downloads\Kimi_Agent_CombatTournamentPlatform_ исправления\combat_platform\venv\Lib\site-packages\django\template\base.py", line 508, in parse
    compiled_result = compile_func(self, token)
  File "C:\Users\User\Downloads\Kimi_Agent_CombatTournamentPlatform_ исправления\combat_platform\venv\Lib\site-packages\django\template\defaulttags.py", line 961, in do_if
    nodelist = parser.parse(("elif", "else", "endif"))
  File "C:\Users\User\Downloads\Kimi_Agent_CombatTournamentPlatform_ исправления\combat_platform\venv\Lib\site-packages\django\template\base.py", line 510, in parse
    raise self.error(token, e)
  File "C:\Users\User\Downloads\Kimi_Agent_CombatTournamentPlatform_ исправления\combat_platform\venv\Lib\site-packages\django\template\base.py", line 508, in parse
    compiled_result = compile_func(self, token)
  File "C:\Users\User\Downloads\Kimi_Agent_CombatTournamentPlatform_ исправления\combat_platform\venv\Lib\site-packages\django\template\defaulttags.py", line 1490, in do_with
    extra_context = token_kwargs(remaining_bits, parser, support_legacy=True)
  File "C:\Users\User\Downloads\Kimi_Agent_CombatTournamentPlatform_ исправления\combat_platform\venv\Lib\site-packages\django\template\base.py", line 1111, in token_kwargs
    kwargs[key] = parser.compile_filter(value)
                  ~~~~~~~~~~~~~~~~~~~~~^^^^^^^
  File "C:\Users\User\Downloads\Kimi_Agent_CombatTournamentPlatform_ исправления\combat_platform\venv\Lib\site-packages\django\template\base.py", line 597, in compile_filter
    return FilterExpression(token, self)
  File "C:\Users\User\Downloads\Kimi_Agent_CombatTournamentPlatform_ исправления\combat_platform\venv\Lib\site-packages\django\template\base.py", line 693, in __init__
    filter_func = parser.find_filter(filter_name)
  File "C:\Users\User\Downloads\Kimi_Agent_CombatTournamentPlatform_ исправления\combat_platform\venv\Lib\site-packages\django\template\base.py", line 603, in find_filter
    raise TemplateSyntaxError("Invalid filter: '%s'" % filter_name)
django.template.exceptions.TemplateSyntaxError: Invalid filter: 'get_participants'
[2026-07-23 20:24:28,406] ERROR django.server "GET /tournaments/3/bracket/5/ HTTP/1.1" 500 423096
[2026-07-23 20:27:51,425] INFO django.utils.autoreload C:\Users\User\Downloads\Kimi_Agent_CombatTournamentPlatform_ исправления\combat_platform\tournaments\views\brackets.py changed, reloading.
[2026-07-23 20:27:52,037] INFO django.utils.autoreload Watching for file changes with StatReloader
[2026-07-23 20:29:01,301] INFO django.utils.autoreload Watching for file changes with StatReloader
[2026-07-23 20:29:12,457] INFO django.server "GET / HTTP/1.1" 200 13622
[2026-07-23 20:29:14,082] INFO django.server "GET /tournaments/participants/ HTTP/1.1" 200 7217
[2026-07-23 20:29:15,582] INFO django.server "GET /tournaments/participants/?tournament=3 HTTP/1.1" 200 771571
[2026-07-23 20:29:16,711] INFO django.server "GET /tournaments/ HTTP/1.1" 200 13254
[2026-07-23 20:29:17,640] INFO django.server "GET /tournaments/3/ HTTP/1.1" 200 11770
[2026-07-23 20:29:18,644] ERROR django.request Internal Server Error: /tournaments/3/bracket/5/
Traceback (most recent call last):
  File "C:\Users\User\Downloads\Kimi_Agent_CombatTournamentPlatform_ исправления\combat_platform\venv\Lib\site-packages\django\core\handlers\exception.py", line 55, in inner
    response = get_response(request)
  File "C:\Users\User\Downloads\Kimi_Agent_CombatTournamentPlatform_ исправления\combat_platform\venv\Lib\site-packages\django\core\handlers\base.py", line 197, in _get_response
    response = wrapped_callback(request, *callback_args, **callback_kwargs)
  File "C:\Users\User\Downloads\Kimi_Agent_CombatTournamentPlatform_ исправления\combat_platform\venv\Lib\site-packages\django\contrib\auth\decorators.py", line 23, in _wrapper_view
    return view_func(request, *args, **kwargs)
  File "C:\Users\User\Downloads\Kimi_Agent_CombatTournamentPlatform_ исправления\combat_platform\tournaments\views\brackets.py", line 59, in bracket_view
    return render(request, 'tournaments/bracket_view.html', context)
  File "C:\Users\User\Downloads\Kimi_Agent_CombatTournamentPlatform_ исправления\combat_platform\venv\Lib\site-packages\django\shortcuts.py", line 25, in render
    content = loader.render_to_string(template_name, context, request, using=using)
  File "C:\Users\User\Downloads\Kimi_Agent_CombatTournamentPlatform_ исправления\combat_platform\venv\Lib\site-packages\django\template\loader.py", line 61, in render_to_string
    template = get_template(template_name, using=using)
  File "C:\Users\User\Downloads\Kimi_Agent_CombatTournamentPlatform_ исправления\combat_platform\venv\Lib\site-packages\django\template\loader.py", line 15, in get_template
    return engine.get_template(template_name)
           ~~~~~~~~~~~~~~~~~~~^^^^^^^^^^^^^^^
  File "C:\Users\User\Downloads\Kimi_Agent_CombatTournamentPlatform_ исправления\combat_platform\venv\Lib\site-packages\django\template\backends\django.py", line 33, in get_template
    return Template(self.engine.get_template(template_name), self)
                    ~~~~~~~~~~~~~~~~~~~~~~~~^^^^^^^^^^^^^^^
  File "C:\Users\User\Downloads\Kimi_Agent_CombatTournamentPlatform_ исправления\combat_platform\venv\Lib\site-packages\django\template\engine.py", line 177, in get_template
    template, origin = self.find_template(template_name)
                       ~~~~~~~~~~~~~~~~~~^^^^^^^^^^^^^^^
  File "C:\Users\User\Downloads\Kimi_Agent_CombatTournamentPlatform_ исправления\combat_platform\venv\Lib\site-packages\django\template\engine.py", line 159, in find_template
    template = loader.get_template(name, skip=skip)
  File "C:\Users\User\Downloads\Kimi_Agent_CombatTournamentPlatform_ исправления\combat_platform\venv\Lib\site-packages\django\template\loaders\cached.py", line 57, in get_template
    template = super().get_template(template_name, skip)
  File "C:\Users\User\Downloads\Kimi_Agent_CombatTournamentPlatform_ исправления\combat_platform\venv\Lib\site-packages\django\template\loaders\base.py", line 28, in get_template
    return Template(
        contents,
    ...<2 lines>...
        self.engine,
    )
  File "C:\Users\User\Downloads\Kimi_Agent_CombatTournamentPlatform_ исправления\combat_platform\venv\Lib\site-packages\django\template\base.py", line 154, in __init__
    self.nodelist = self.compile_nodelist()
                    ~~~~~~~~~~~~~~~~~~~~~^^
  File "C:\Users\User\Downloads\Kimi_Agent_CombatTournamentPlatform_ исправления\combat_platform\venv\Lib\site-packages\django\template\base.py", line 196, in compile_nodelist
    return parser.parse()
           ~~~~~~~~~~~~^^
  File "C:\Users\User\Downloads\Kimi_Agent_CombatTournamentPlatform_ исправления\combat_platform\venv\Lib\site-packages\django\template\base.py", line 510, in parse
    raise self.error(token, e)
  File "C:\Users\User\Downloads\Kimi_Agent_CombatTournamentPlatform_ исправления\combat_platform\venv\Lib\site-packages\django\template\base.py", line 508, in parse
    compiled_result = compile_func(self, token)
  File "C:\Users\User\Downloads\Kimi_Agent_CombatTournamentPlatform_ исправления\combat_platform\venv\Lib\site-packages\django\template\loader_tags.py", line 295, in do_extends
    nodelist = parser.parse()
  File "C:\Users\User\Downloads\Kimi_Agent_CombatTournamentPlatform_ исправления\combat_platform\venv\Lib\site-packages\django\template\base.py", line 510, in parse
    raise self.error(token, e)
  File "C:\Users\User\Downloads\Kimi_Agent_CombatTournamentPlatform_ исправления\combat_platform\venv\Lib\site-packages\django\template\base.py", line 508, in parse
    compiled_result = compile_func(self, token)
  File "C:\Users\User\Downloads\Kimi_Agent_CombatTournamentPlatform_ исправления\combat_platform\venv\Lib\site-packages\django\template\loader_tags.py", line 234, in do_block
    nodelist = parser.parse(("endblock",))
  File "C:\Users\User\Downloads\Kimi_Agent_CombatTournamentPlatform_ исправления\combat_platform\venv\Lib\site-packages\django\template\base.py", line 510, in parse
    raise self.error(token, e)
  File "C:\Users\User\Downloads\Kimi_Agent_CombatTournamentPlatform_ исправления\combat_platform\venv\Lib\site-packages\django\template\base.py", line 508, in parse
    compiled_result = compile_func(self, token)
  File "C:\Users\User\Downloads\Kimi_Agent_CombatTournamentPlatform_ исправления\combat_platform\venv\Lib\site-packages\django\template\defaulttags.py", line 961, in do_if
    nodelist = parser.parse(("elif", "else", "endif"))
  File "C:\Users\User\Downloads\Kimi_Agent_CombatTournamentPlatform_ исправления\combat_platform\venv\Lib\site-packages\django\template\base.py", line 510, in parse
    raise self.error(token, e)
  File "C:\Users\User\Downloads\Kimi_Agent_CombatTournamentPlatform_ исправления\combat_platform\venv\Lib\site-packages\django\template\base.py", line 508, in parse
    compiled_result = compile_func(self, token)
  File "C:\Users\User\Downloads\Kimi_Agent_CombatTournamentPlatform_ исправления\combat_platform\venv\Lib\site-packages\django\template\defaulttags.py", line 961, in do_if
    nodelist = parser.parse(("elif", "else", "endif"))
  File "C:\Users\User\Downloads\Kimi_Agent_CombatTournamentPlatform_ исправления\combat_platform\venv\Lib\site-packages\django\template\base.py", line 510, in parse
    raise self.error(token, e)
  File "C:\Users\User\Downloads\Kimi_Agent_CombatTournamentPlatform_ исправления\combat_platform\venv\Lib\site-packages\django\template\base.py", line 508, in parse
    compiled_result = compile_func(self, token)
  File "C:\Users\User\Downloads\Kimi_Agent_CombatTournamentPlatform_ исправления\combat_platform\venv\Lib\site-packages\django\template\defaulttags.py", line 861, in do_for
    nodelist_loop = parser.parse(
        (
    ...<2 lines>...
        )
    )
  File "C:\Users\User\Downloads\Kimi_Agent_CombatTournamentPlatform_ исправления\combat_platform\venv\Lib\site-packages\django\template\base.py", line 481, in parse
    raise self.error(token, e)
  File "C:\Users\User\Downloads\Kimi_Agent_CombatTournamentPlatform_ исправления\combat_platform\venv\Lib\site-packages\django\template\base.py", line 479, in parse
    filter_expression = self.compile_filter(token.contents)
  File "C:\Users\User\Downloads\Kimi_Agent_CombatTournamentPlatform_ исправления\combat_platform\venv\Lib\site-packages\django\template\base.py", line 597, in compile_filter
    return FilterExpression(token, self)
  File "C:\Users\User\Downloads\Kimi_Agent_CombatTournamentPlatform_ исправления\combat_platform\venv\Lib\site-packages\django\template\base.py", line 693, in __init__
    filter_func = parser.find_filter(filter_name)
  File "C:\Users\User\Downloads\Kimi_Agent_CombatTournamentPlatform_ исправления\combat_platform\venv\Lib\site-packages\django\template\base.py", line 603, in find_filter
    raise TemplateSyntaxError("Invalid filter: '%s'" % filter_name)
django.template.exceptions.TemplateSyntaxError: Invalid filter: 'get_item'
[2026-07-23 20:29:18,651] ERROR django.server "GET /tournaments/3/bracket/5/ HTTP/1.1" 500 412291
[2026-07-23 20:37:07,475] INFO django.utils.autoreload C:\Users\User\Downloads\Kimi_Agent_CombatTournamentPlatform_ исправления\combat_platform\tournaments\views\brackets.py changed, reloading.
[2026-07-23 20:37:08,003] INFO django.utils.autoreload Watching for file changes with StatReloader
[2026-07-23 20:37:27,047] INFO django.utils.autoreload C:\Users\User\Downloads\Kimi_Agent_CombatTournamentPlatform_ исправления\combat_platform\tournaments\models\fighter.py changed, reloading.
[2026-07-23 20:37:27,566] INFO django.utils.autoreload Watching for file changes with StatReloader
[2026-07-23 20:37:37,324] INFO django.utils.autoreload C:\Users\User\Downloads\Kimi_Agent_CombatTournamentPlatform_ исправления\combat_platform\tournaments\templatetags\tournament_extras.py changed, reloading.
[2026-07-23 20:37:37,859] INFO django.utils.autoreload Watching for file changes with StatReloader
[2026-07-23 20:37:40,716] INFO django.utils.autoreload Watching for file changes with StatReloader
[2026-07-23 20:37:42,057] INFO django.server "GET / HTTP/1.1" 200 13622
[2026-07-23 20:37:44,867] INFO django.server "GET /tournaments/ HTTP/1.1" 200 13254
[2026-07-23 20:37:45,781] INFO django.server "GET /tournaments/3/ HTTP/1.1" 200 11770
[2026-07-23 20:37:46,875] ERROR django.request Internal Server Error: /tournaments/3/bracket/5/
Traceback (most recent call last):
  File "C:\Users\User\Downloads\Kimi_Agent_CombatTournamentPlatform_ исправления\combat_platform\venv\Lib\site-packages\django\core\handlers\exception.py", line 55, in inner
    response = get_response(request)
  File "C:\Users\User\Downloads\Kimi_Agent_CombatTournamentPlatform_ исправления\combat_platform\venv\Lib\site-packages\django\core\handlers\base.py", line 197, in _get_response
    response = wrapped_callback(request, *callback_args, **callback_kwargs)
  File "C:\Users\User\Downloads\Kimi_Agent_CombatTournamentPlatform_ исправления\combat_platform\venv\Lib\site-packages\django\contrib\auth\decorators.py", line 23, in _wrapper_view
    return view_func(request, *args, **kwargs)
  File "C:\Users\User\Downloads\Kimi_Agent_CombatTournamentPlatform_ исправления\combat_platform\tournaments\views\brackets.py", line 59, in bracket_view
    return render(request, 'tournaments/bracket_view.html', context)
  File "C:\Users\User\Downloads\Kimi_Agent_CombatTournamentPlatform_ исправления\combat_platform\venv\Lib\site-packages\django\shortcuts.py", line 25, in render
    content = loader.render_to_string(template_name, context, request, using=using)
  File "C:\Users\User\Downloads\Kimi_Agent_CombatTournamentPlatform_ исправления\combat_platform\venv\Lib\site-packages\django\template\loader.py", line 61, in render_to_string
    template = get_template(template_name, using=using)
  File "C:\Users\User\Downloads\Kimi_Agent_CombatTournamentPlatform_ исправления\combat_platform\venv\Lib\site-packages\django\template\loader.py", line 15, in get_template
    return engine.get_template(template_name)
           ~~~~~~~~~~~~~~~~~~~^^^^^^^^^^^^^^^
  File "C:\Users\User\Downloads\Kimi_Agent_CombatTournamentPlatform_ исправления\combat_platform\venv\Lib\site-packages\django\template\backends\django.py", line 33, in get_template
    return Template(self.engine.get_template(template_name), self)
                    ~~~~~~~~~~~~~~~~~~~~~~~~^^^^^^^^^^^^^^^
  File "C:\Users\User\Downloads\Kimi_Agent_CombatTournamentPlatform_ исправления\combat_platform\venv\Lib\site-packages\django\template\engine.py", line 177, in get_template
    template, origin = self.find_template(template_name)
                       ~~~~~~~~~~~~~~~~~~^^^^^^^^^^^^^^^
  File "C:\Users\User\Downloads\Kimi_Agent_CombatTournamentPlatform_ исправления\combat_platform\venv\Lib\site-packages\django\template\engine.py", line 159, in find_template
    template = loader.get_template(name, skip=skip)
  File "C:\Users\User\Downloads\Kimi_Agent_CombatTournamentPlatform_ исправления\combat_platform\venv\Lib\site-packages\django\template\loaders\cached.py", line 57, in get_template
    template = super().get_template(template_name, skip)
  File "C:\Users\User\Downloads\Kimi_Agent_CombatTournamentPlatform_ исправления\combat_platform\venv\Lib\site-packages\django\template\loaders\base.py", line 28, in get_template
    return Template(
        contents,
    ...<2 lines>...
        self.engine,
    )
  File "C:\Users\User\Downloads\Kimi_Agent_CombatTournamentPlatform_ исправления\combat_platform\venv\Lib\site-packages\django\template\base.py", line 154, in __init__
    self.nodelist = self.compile_nodelist()
                    ~~~~~~~~~~~~~~~~~~~~~^^
  File "C:\Users\User\Downloads\Kimi_Agent_CombatTournamentPlatform_ исправления\combat_platform\venv\Lib\site-packages\django\template\base.py", line 196, in compile_nodelist
    return parser.parse()
           ~~~~~~~~~~~~^^
  File "C:\Users\User\Downloads\Kimi_Agent_CombatTournamentPlatform_ исправления\combat_platform\venv\Lib\site-packages\django\template\base.py", line 510, in parse
    raise self.error(token, e)
  File "C:\Users\User\Downloads\Kimi_Agent_CombatTournamentPlatform_ исправления\combat_platform\venv\Lib\site-packages\django\template\base.py", line 508, in parse
    compiled_result = compile_func(self, token)
  File "C:\Users\User\Downloads\Kimi_Agent_CombatTournamentPlatform_ исправления\combat_platform\venv\Lib\site-packages\django\template\loader_tags.py", line 295, in do_extends
    nodelist = parser.parse()
  File "C:\Users\User\Downloads\Kimi_Agent_CombatTournamentPlatform_ исправления\combat_platform\venv\Lib\site-packages\django\template\base.py", line 510, in parse
    raise self.error(token, e)
  File "C:\Users\User\Downloads\Kimi_Agent_CombatTournamentPlatform_ исправления\combat_platform\venv\Lib\site-packages\django\template\base.py", line 508, in parse
    compiled_result = compile_func(self, token)
  File "C:\Users\User\Downloads\Kimi_Agent_CombatTournamentPlatform_ исправления\combat_platform\venv\Lib\site-packages\django\template\loader_tags.py", line 234, in do_block
    nodelist = parser.parse(("endblock",))
  File "C:\Users\User\Downloads\Kimi_Agent_CombatTournamentPlatform_ исправления\combat_platform\venv\Lib\site-packages\django\template\base.py", line 510, in parse
    raise self.error(token, e)
  File "C:\Users\User\Downloads\Kimi_Agent_CombatTournamentPlatform_ исправления\combat_platform\venv\Lib\site-packages\django\template\base.py", line 508, in parse
    compiled_result = compile_func(self, token)
  File "C:\Users\User\Downloads\Kimi_Agent_CombatTournamentPlatform_ исправления\combat_platform\venv\Lib\site-packages\django\template\defaulttags.py", line 961, in do_if
    nodelist = parser.parse(("elif", "else", "endif"))
  File "C:\Users\User\Downloads\Kimi_Agent_CombatTournamentPlatform_ исправления\combat_platform\venv\Lib\site-packages\django\template\base.py", line 510, in parse
    raise self.error(token, e)
  File "C:\Users\User\Downloads\Kimi_Agent_CombatTournamentPlatform_ исправления\combat_platform\venv\Lib\site-packages\django\template\base.py", line 508, in parse
    compiled_result = compile_func(self, token)
  File "C:\Users\User\Downloads\Kimi_Agent_CombatTournamentPlatform_ исправления\combat_platform\venv\Lib\site-packages\django\template\defaulttags.py", line 961, in do_if
    nodelist = parser.parse(("elif", "else", "endif"))
  File "C:\Users\User\Downloads\Kimi_Agent_CombatTournamentPlatform_ исправления\combat_platform\venv\Lib\site-packages\django\template\base.py", line 510, in parse
    raise self.error(token, e)
  File "C:\Users\User\Downloads\Kimi_Agent_CombatTournamentPlatform_ исправления\combat_platform\venv\Lib\site-packages\django\template\base.py", line 508, in parse
    compiled_result = compile_func(self, token)
  File "C:\Users\User\Downloads\Kimi_Agent_CombatTournamentPlatform_ исправления\combat_platform\venv\Lib\site-packages\django\template\defaulttags.py", line 861, in do_for
    nodelist_loop = parser.parse(
        (
    ...<2 lines>...
        )
    )
  File "C:\Users\User\Downloads\Kimi_Agent_CombatTournamentPlatform_ исправления\combat_platform\venv\Lib\site-packages\django\template\base.py", line 481, in parse
    raise self.error(token, e)
  File "C:\Users\User\Downloads\Kimi_Agent_CombatTournamentPlatform_ исправления\combat_platform\venv\Lib\site-packages\django\template\base.py", line 479, in parse
    filter_expression = self.compile_filter(token.contents)
  File "C:\Users\User\Downloads\Kimi_Agent_CombatTournamentPlatform_ исправления\combat_platform\venv\Lib\site-packages\django\template\base.py", line 597, in compile_filter
    return FilterExpression(token, self)
  File "C:\Users\User\Downloads\Kimi_Agent_CombatTournamentPlatform_ исправления\combat_platform\venv\Lib\site-packages\django\template\base.py", line 693, in __init__
    filter_func = parser.find_filter(filter_name)
  File "C:\Users\User\Downloads\Kimi_Agent_CombatTournamentPlatform_ исправления\combat_platform\venv\Lib\site-packages\django\template\base.py", line 603, in find_filter
    raise TemplateSyntaxError("Invalid filter: '%s'" % filter_name)
django.template.exceptions.TemplateSyntaxError: Invalid filter: 'get_item'
[2026-07-23 20:37:46,882] ERROR django.server "GET /tournaments/3/bracket/5/ HTTP/1.1" 500 412155
[2026-07-23 20:39:17,940] INFO django.utils.autoreload C:\Users\User\Downloads\Kimi_Agent_CombatTournamentPlatform_ исправления\combat_platform\tournaments\templatetags\tournament_extras.py changed, reloading.
[2026-07-23 20:39:18,557] INFO django.utils.autoreload Watching for file changes with StatReloader
[2026-07-23 20:39:29,388] INFO django.utils.autoreload C:\Users\User\Downloads\Kimi_Agent_CombatTournamentPlatform_ исправления\combat_platform\tournaments\templatetags\tournament_extras.py changed, reloading.
[2026-07-23 20:39:29,950] INFO django.utils.autoreload Watching for file changes with StatReloader
[2026-07-23 20:44:43,056] INFO django.utils.autoreload Watching for file changes with StatReloader
[2026-07-23 20:44:44,756] INFO django.server "GET / HTTP/1.1" 200 13622
[2026-07-23 20:44:47,800] INFO django.server "GET /tournaments/ HTTP/1.1" 200 13254
[2026-07-23 20:44:49,788] INFO django.server "GET /tournaments/3/ HTTP/1.1" 200 11770
[2026-07-23 20:44:51,200] INFO django.server "GET /tournaments/3/bracket/5/ HTTP/1.1" 200 254321
[2026-07-23 20:45:28,865] INFO django.server "GET /tournaments/3/bracket/5/ HTTP/1.1" 200 254321
[2026-07-23 20:45:34,366] INFO django.server "GET /tournaments/3/categories/ HTTP/1.1" 200 16386
[2026-07-23 20:45:38,637] INFO django.server "GET /tournaments/3/fights/ HTTP/1.1" 200 59659
[2026-07-23 20:45:44,268] INFO django.server "GET /tournaments/3/fight/20/assign-judge/ HTTP/1.1" 200 7959
[2026-07-23 20:45:47,201] INFO tournaments Судья Иван Судьин (main) назначен на бой #20
[2026-07-23 20:45:47,202] INFO django.server "POST /tournaments/3/fight/20/assign-judge/ HTTP/1.1" 302 0
[2026-07-23 20:45:47,224] INFO django.server "GET /tournaments/3/fights/ HTTP/1.1" 200 59711
[2026-07-23 20:45:50,003] INFO django.server "GET /tournaments/judge/fight/21/panel/ HTTP/1.1" 302 0
[2026-07-23 20:45:50,014] INFO django.server "GET / HTTP/1.1" 200 13984
[2026-07-23 20:45:54,184] INFO django.server "GET /tournaments/3/fight/21/assign-judge/ HTTP/1.1" 200 7961
[2026-07-23 20:45:57,008] INFO tournaments Судья Иван Судьин (main) назначен на бой #21 и 34 боёв категории
[2026-07-23 20:45:57,009] INFO django.server "POST /tournaments/3/fight/21/assign-judge/ HTTP/1.1" 302 0
[2026-07-23 20:45:57,029] INFO django.server "GET /tournaments/3/fights/ HTTP/1.1" 200 55895
[2026-07-23 20:46:01,484] INFO django.server "GET /users/logout/ HTTP/1.1" 302 0
[2026-07-23 20:46:01,493] INFO django.server "GET / HTTP/1.1" 200 8816
[2026-07-23 20:46:05,212] INFO django.server "GET /users/login/ HTTP/1.1" 200 5432
[2026-07-23 20:46:08,739] INFO django.server "POST /users/login/ HTTP/1.1" 302 0
[2026-07-23 20:46:08,760] INFO django.server "GET /dashboard/ HTTP/1.1" 200 7349
[2026-07-23 20:46:10,238] INFO django.server "GET /tournaments/judge/dashboard/ HTTP/1.1" 200 52112
[2026-07-23 20:46:16,593] INFO django.server "GET /tournaments/judge/fight/49/panel/ HTTP/1.1" 200 17358
[2026-07-23 20:46:21,881] INFO tournaments Бой #49 завершён. Победитель: Тимофей Васильев, метод: submission
[2026-07-23 20:46:21,883] INFO django.server "POST /tournaments/judge/fight/49/panel/ HTTP/1.1" 302 0
[2026-07-23 20:46:21,901] INFO django.server "GET /tournaments/judge/dashboard/ HTTP/1.1" 200 52193
[2026-07-23 20:46:24,192] INFO django.server "GET /tournaments/judge/fight/34/panel/ HTTP/1.1" 200 17362
[2026-07-23 20:46:28,258] INFO tournaments Бой #34 завершён. Победитель: Фёдор Белов, метод: points
[2026-07-23 20:46:28,260] INFO django.server "POST /tournaments/judge/fight/34/panel/ HTTP/1.1" 302 0
[2026-07-23 20:46:28,279] INFO django.server "GET /tournaments/judge/dashboard/ HTTP/1.1" 200 51929
[2026-07-23 20:46:30,455] INFO django.server "GET /tournaments/judge/fight/30/panel/ HTTP/1.1" 200 17362
[2026-07-23 20:46:33,870] INFO tournaments Бой #30 завершён. Победитель: Владислав Ковалёв, метод: points
[2026-07-23 20:46:33,872] INFO django.server "POST /tournaments/judge/fight/30/panel/ HTTP/1.1" 302 0
[2026-07-23 20:46:33,890] INFO django.server "GET /tournaments/judge/dashboard/ HTTP/1.1" 200 51665
[2026-07-23 20:46:36,102] INFO django.server "GET /tournaments/judge/fight/32/panel/ HTTP/1.1" 200 17350
[2026-07-23 20:46:41,633] INFO tournaments Бой #32 завершён. Победитель: Фёдор Белов, метод: points
[2026-07-23 20:46:41,636] INFO django.server "POST /tournaments/judge/fight/32/panel/ HTTP/1.1" 302 0
[2026-07-23 20:46:41,656] INFO django.server "GET /tournaments/judge/dashboard/ HTTP/1.1" 200 51401
[2026-07-23 20:46:44,863] INFO django.server "GET /tournaments/judge/fight/35/panel/ HTTP/1.1" 200 17338
[2026-07-23 20:46:47,100] INFO tournaments Бой #35 завершён. Победитель: Назар Гусев, метод: 
[2026-07-23 20:46:47,103] INFO django.server "POST /tournaments/judge/fight/35/panel/ HTTP/1.1" 302 0
[2026-07-23 20:46:47,122] INFO django.server "GET /tournaments/judge/dashboard/ HTTP/1.1" 200 51137
[2026-07-23 20:46:49,012] INFO django.server "GET /tournaments/judge/fight/21/panel/ HTTP/1.1" 200 17372
[2026-07-23 20:46:51,276] INFO tournaments Бой #21 завершён. Победитель: Тамерлан Дмитриев, метод: 
[2026-07-23 20:46:51,279] INFO django.server "POST /tournaments/judge/fight/21/panel/ HTTP/1.1" 302 0
[2026-07-23 20:46:51,298] INFO django.server "GET /tournaments/judge/dashboard/ HTTP/1.1" 200 50873
[2026-07-23 20:46:53,467] INFO django.server "GET /tournaments/judge/fight/15/panel/ HTTP/1.1" 200 17356
[2026-07-23 20:46:55,410] INFO tournaments Бой #15 завершён. Победитель: Дмитрий Волков, метод: 
[2026-07-23 20:46:55,412] INFO django.server "POST /tournaments/judge/fight/15/panel/ HTTP/1.1" 302 0
[2026-07-23 20:46:55,433] INFO django.server "GET /tournaments/judge/dashboard/ HTTP/1.1" 200 50609
[2026-07-23 20:47:00,114] INFO django.server "GET /tournaments/judge/fight/16/panel/ HTTP/1.1" 200 17348
[2026-07-23 20:47:02,054] INFO tournaments Бой #16 завершён. Победитель: Фёдор Белов, метод: 
[2026-07-23 20:47:02,056] INFO django.server "POST /tournaments/judge/fight/16/panel/ HTTP/1.1" 302 0
[2026-07-23 20:47:02,075] INFO django.server "GET /tournaments/judge/dashboard/ HTTP/1.1" 200 50345
[2026-07-23 20:47:04,370] INFO django.server "GET /tournaments/judge/fight/17/panel/ HTTP/1.1" 200 17372
[2026-07-23 20:47:06,494] INFO tournaments Бой #17 завершён. Победитель: Владислав Ковалёв, метод: 
[2026-07-23 20:47:06,497] INFO django.server "POST /tournaments/judge/fight/17/panel/ HTTP/1.1" 302 0
[2026-07-23 20:47:06,514] INFO django.server "GET /tournaments/judge/dashboard/ HTTP/1.1" 200 50081
[2026-07-23 20:47:07,982] INFO django.server "GET /users/logout/ HTTP/1.1" 302 0
[2026-07-23 20:47:07,991] INFO django.server "GET / HTTP/1.1" 200 8816
[2026-07-23 20:47:08,602] INFO django.server "GET /users/login/ HTTP/1.1" 200 5432
[2026-07-23 20:47:11,020] INFO django.server "POST /users/login/ HTTP/1.1" 302 0
[2026-07-23 20:47:11,030] INFO django.server "GET /dashboard/ HTTP/1.1" 200 10020
[2026-07-23 20:47:13,511] INFO django.server "GET /tournaments/participants/ HTTP/1.1" 200 7217
[2026-07-23 20:47:17,327] INFO django.server "GET /tournaments/participants/?tournament=3 HTTP/1.1" 200 771571
[2026-07-23 20:47:18,137] INFO django.server "GET /tournaments/ HTTP/1.1" 200 13254
[2026-07-23 20:47:19,793] INFO django.server "GET /tournaments/3/ HTTP/1.1" 200 11770
[2026-07-23 20:47:20,798] INFO django.server "GET /tournaments/3/bracket/5/ HTTP/1.1" 200 260234
[2026-07-23 21:02:15,337] INFO django.utils.autoreload C:\Users\User\Downloads\Kimi_Agent_CombatTournamentPlatform_ исправления\combat_platform\tournaments\views\brackets.py changed, reloading.
[2026-07-23 21:02:15,980] INFO django.utils.autoreload Watching for file changes with StatReloader
[2026-07-23 21:02:30,920] INFO django.utils.autoreload C:\Users\User\Downloads\Kimi_Agent_CombatTournamentPlatform_ исправления\combat_platform\tournaments\services\fight_service.py changed, reloading.
[2026-07-23 21:02:31,525] INFO django.utils.autoreload Watching for file changes with StatReloader
[2026-07-23 21:21:01,772] INFO django.utils.autoreload Watching for file changes with StatReloader
[2026-07-23 21:21:03,475] INFO django.server "GET / HTTP/1.1" 200 13622
[2026-07-23 21:21:05,190] INFO django.server "GET /tournaments/ HTTP/1.1" 200 13254
[2026-07-23 21:21:06,120] INFO django.server "GET /tournaments/3/ HTTP/1.1" 200 11770
[2026-07-23 21:21:07,989] INFO django.server "GET /tournaments/3/bracket/5/ HTTP/1.1" 200 260234
[2026-07-23 21:21:12,366] INFO django.server "GET /tournaments/3/brackets/advance/ HTTP/1.1" 302 0
[2026-07-23 21:21:12,377] INFO django.server "GET /tournaments/3/ HTTP/1.1" 200 12135
[2026-07-23 21:34:25,104] INFO django.utils.autoreload Watching for file changes with StatReloader
[2026-07-23 21:34:26,649] INFO django.server "GET / HTTP/1.1" 200 13622
[2026-07-23 21:34:29,091] INFO django.server "GET /tournaments/ HTTP/1.1" 200 13254
[2026-07-23 21:34:30,424] INFO django.server "GET /tournaments/3/ HTTP/1.1" 200 11770
[2026-07-23 21:34:32,177] INFO django.server "GET /tournaments/3/bracket/5/ HTTP/1.1" 200 260947
[2026-07-23 21:34:45,973] INFO django.server "GET /tournaments/3/categories/ HTTP/1.1" 200 16386
[2026-07-23 21:34:51,096] INFO django.server "GET /tournaments/3/fights/ HTTP/1.1" 200 56342
[2026-07-23 21:34:54,760] INFO django.server "GET /tournaments/3/fights/?page=2 HTTP/1.1" 200 55245
[2026-07-23 21:34:56,610] INFO django.server "GET /tournaments/3/fights/?page=3 HTTP/1.1" 200 23996
[2026-07-23 21:35:01,964] INFO django.server "GET /users/logout/ HTTP/1.1" 302 0
[2026-07-23 21:35:01,974] INFO django.server "GET / HTTP/1.1" 200 8816
[2026-07-23 21:35:02,641] INFO django.server "GET /users/login/ HTTP/1.1" 200 5432
[2026-07-23 21:35:06,721] INFO django.server "POST /users/login/ HTTP/1.1" 302 0
[2026-07-23 21:35:06,732] INFO django.server "GET /dashboard/ HTTP/1.1" 200 7349
[2026-07-23 21:35:07,955] INFO django.server "GET /tournaments/judge/dashboard/ HTTP/1.1" 200 49736
[2026-07-23 21:35:09,769] INFO django.server "GET /tournaments/judge/fight/22/panel/ HTTP/1.1" 200 17348
[2026-07-23 21:35:12,828] ERROR django.request Internal Server Error: /tournaments/judge/fight/22/panel/
Traceback (most recent call last):
  File "C:\Users\User\Downloads\Kimi_Agent_CombatTournamentPlatform_ исправления\combat_platform\venv\Lib\site-packages\django\core\handlers\exception.py", line 55, in inner
    response = get_response(request)
  File "C:\Users\User\Downloads\Kimi_Agent_CombatTournamentPlatform_ исправления\combat_platform\venv\Lib\site-packages\django\core\handlers\base.py", line 197, in _get_response
    response = wrapped_callback(request, *callback_args, **callback_kwargs)
  File "C:\Users\User\Downloads\Kimi_Agent_CombatTournamentPlatform_ исправления\combat_platform\venv\Lib\site-packages\django\contrib\auth\decorators.py", line 23, in _wrapper_view
    return view_func(request, *args, **kwargs)
  File "C:\Users\User\Downloads\Kimi_Agent_CombatTournamentPlatform_ исправления\combat_platform\users\decorators.py", line 71, in _wrapped
    return view_func(request, *args, **kwargs)
  File "C:\Users\User\Downloads\Kimi_Agent_CombatTournamentPlatform_ исправления\combat_platform\tournaments\views\judges.py", line 89, in judge_fight_panel
    success, msg = FightService.complete_fight(
                   ^^^^^^^^^^^^^^^^^^^^^^^^^^^
AttributeError: type object 'FightService' has no attribute 'complete_fight'
[2026-07-23 21:35:12,830] ERROR django.server "POST /tournaments/judge/fight/22/panel/ HTTP/1.1" 500 83116
[2026-07-23 21:35:16,612] ERROR django.request Internal Server Error: /tournaments/judge/fight/22/panel/
Traceback (most recent call last):
  File "C:\Users\User\Downloads\Kimi_Agent_CombatTournamentPlatform_ исправления\combat_platform\venv\Lib\site-packages\django\core\handlers\exception.py", line 55, in inner
    response = get_response(request)
  File "C:\Users\User\Downloads\Kimi_Agent_CombatTournamentPlatform_ исправления\combat_platform\venv\Lib\site-packages\django\core\handlers\base.py", line 197, in _get_response
    response = wrapped_callback(request, *callback_args, **callback_kwargs)
  File "C:\Users\User\Downloads\Kimi_Agent_CombatTournamentPlatform_ исправления\combat_platform\venv\Lib\site-packages\django\contrib\auth\decorators.py", line 23, in _wrapper_view
    return view_func(request, *args, **kwargs)
  File "C:\Users\User\Downloads\Kimi_Agent_CombatTournamentPlatform_ исправления\combat_platform\users\decorators.py", line 71, in _wrapped
    return view_func(request, *args, **kwargs)
  File "C:\Users\User\Downloads\Kimi_Agent_CombatTournamentPlatform_ исправления\combat_platform\tournaments\views\judges.py", line 89, in judge_fight_panel
    success, msg = FightService.complete_fight(
                   ^^^^^^^^^^^^^^^^^^^^^^^^^^^
AttributeError: type object 'FightService' has no attribute 'complete_fight'
[2026-07-23 21:35:16,614] ERROR django.server "POST /tournaments/judge/fight/22/panel/ HTTP/1.1" 500 83122
[2026-07-24 20:01:08,425] INFO django.utils.autoreload Watching for file changes with StatReloader
[2026-07-24 20:05:40,995] INFO django.server "GET / HTTP/1.1" 200 10987
[2026-07-24 20:05:41,500] WARNING django.request Not Found: /favicon.ico
[2026-07-24 20:05:41,501] WARNING django.server "GET /favicon.ico HTTP/1.1" 404 3038
[2026-07-24 20:05:44,975] INFO django.server "GET /users/login/ HTTP/1.1" 302 0
[2026-07-24 20:05:44,996] INFO django.server "GET /dashboard/ HTTP/1.1" 200 7349
[2026-07-24 20:05:46,587] INFO django.server "GET /tournaments/judge/dashboard/ HTTP/1.1" 200 49736
[2026-07-24 20:05:48,746] INFO django.server "GET /tournaments/judge/fight/18/panel/ HTTP/1.1" 200 17364
[2026-07-24 20:05:52,076] ERROR django.request Internal Server Error: /tournaments/judge/fight/18/panel/
Traceback (most recent call last):
  File "C:\Users\User\Downloads\Kimi_Agent_CombatTournamentPlatform_ исправления\combat_platform\venv\Lib\site-packages\django\core\handlers\exception.py", line 55, in inner
    response = get_response(request)
  File "C:\Users\User\Downloads\Kimi_Agent_CombatTournamentPlatform_ исправления\combat_platform\venv\Lib\site-packages\django\core\handlers\base.py", line 197, in _get_response
    response = wrapped_callback(request, *callback_args, **callback_kwargs)
  File "C:\Users\User\Downloads\Kimi_Agent_CombatTournamentPlatform_ исправления\combat_platform\venv\Lib\site-packages\django\contrib\auth\decorators.py", line 23, in _wrapper_view
    return view_func(request, *args, **kwargs)
  File "C:\Users\User\Downloads\Kimi_Agent_CombatTournamentPlatform_ исправления\combat_platform\users\decorators.py", line 71, in _wrapped
    return view_func(request, *args, **kwargs)
  File "C:\Users\User\Downloads\Kimi_Agent_CombatTournamentPlatform_ исправления\combat_platform\tournaments\views\judges.py", line 89, in judge_fight_panel
    success, msg = FightService.complete_fight(
                   ^^^^^^^^^^^^^^^^^^^^^^^^^^^
AttributeError: type object 'FightService' has no attribute 'complete_fight'
[2026-07-24 20:05:52,078] ERROR django.server "POST /tournaments/judge/fight/18/panel/ HTTP/1.1" 500 83124
[2026-07-24 20:06:03,073] ERROR django.request Internal Server Error: /tournaments/judge/fight/18/panel/
Traceback (most recent call last):
  File "C:\Users\User\Downloads\Kimi_Agent_CombatTournamentPlatform_ исправления\combat_platform\venv\Lib\site-packages\django\core\handlers\exception.py", line 55, in inner
    response = get_response(request)
  File "C:\Users\User\Downloads\Kimi_Agent_CombatTournamentPlatform_ исправления\combat_platform\venv\Lib\site-packages\django\core\handlers\base.py", line 197, in _get_response
    response = wrapped_callback(request, *callback_args, **callback_kwargs)
  File "C:\Users\User\Downloads\Kimi_Agent_CombatTournamentPlatform_ исправления\combat_platform\venv\Lib\site-packages\django\contrib\auth\decorators.py", line 23, in _wrapper_view
    return view_func(request, *args, **kwargs)
  File "C:\Users\User\Downloads\Kimi_Agent_CombatTournamentPlatform_ исправления\combat_platform\users\decorators.py", line 71, in _wrapped
    return view_func(request, *args, **kwargs)
  File "C:\Users\User\Downloads\Kimi_Agent_CombatTournamentPlatform_ исправления\combat_platform\tournaments\views\judges.py", line 89, in judge_fight_panel
    success, msg = FightService.complete_fight(
                   ^^^^^^^^^^^^^^^^^^^^^^^^^^^
AttributeError: type object 'FightService' has no attribute 'complete_fight'
[2026-07-24 20:06:03,074] ERROR django.server "POST /tournaments/judge/fight/18/panel/ HTTP/1.1" 500 83132
[2026-07-24 20:08:51,001] INFO django.utils.autoreload C:\Users\User\Downloads\Kimi_Agent_CombatTournamentPlatform_ исправления\combat_platform\tournaments\views\judges.py changed, reloading.
[2026-07-24 20:08:51,560] INFO django.utils.autoreload Watching for file changes with StatReloader
[2026-07-24 20:09:52,686] INFO django.utils.autoreload C:\Users\User\Downloads\Kimi_Agent_CombatTournamentPlatform_ исправления\combat_platform\tournaments\views\judges.py changed, reloading.
[2026-07-24 20:09:53,153] INFO django.utils.autoreload Watching for file changes with StatReloader
[2026-07-24 20:09:56,074] INFO django.utils.autoreload Watching for file changes with StatReloader
[2026-07-24 20:15:01,287] INFO django.utils.autoreload C:\Users\User\Downloads\Kimi_Agent_CombatTournamentPlatform_ исправления\combat_platform\tournaments\views\__init__.py changed, reloading.
[2026-07-24 20:15:01,822] INFO django.utils.autoreload Watching for file changes with StatReloader
[2026-07-24 20:16:32,417] INFO django.utils.autoreload C:\Users\User\Downloads\Kimi_Agent_CombatTournamentPlatform_ исправления\combat_platform\tournaments\views\judges.py changed, reloading.
[2026-07-24 20:16:36,300] INFO django.utils.autoreload Watching for file changes with StatReloader
[2026-07-24 20:16:38,257] INFO django.server "GET / HTTP/1.1" 200 10987
[2026-07-24 20:16:42,239] INFO django.server "GET /users/login/ HTTP/1.1" 302 0
[2026-07-24 20:16:42,248] INFO django.server "GET /dashboard/ HTTP/1.1" 200 7349
[2026-07-24 20:16:43,614] INFO django.server "GET /tournaments/judge/dashboard/ HTTP/1.1" 200 8279
[2026-07-24 20:16:52,738] INFO django.server "GET /tournaments/judge/dashboard/ HTTP/1.1" 200 8279
[2026-07-24 20:22:12,512] INFO django.utils.autoreload C:\Users\User\Downloads\Kimi_Agent_CombatTournamentPlatform_ исправления\combat_platform\tournaments\views\judges.py changed, reloading.
[2026-07-24 20:22:13,018] INFO django.utils.autoreload Watching for file changes with StatReloader
[2026-07-24 20:22:14,572] INFO django.server "GET / HTTP/1.1" 200 10987
[2026-07-24 20:22:16,620] INFO django.server "GET /tournaments/fighters/ HTTP/1.1" 200 80802
[2026-07-24 20:22:17,557] INFO django.server "GET /tournaments/judge/dashboard/ HTTP/1.1" 200 8279
[2026-07-24 20:22:19,023] INFO django.server "GET /tournaments/ HTTP/1.1" 200 12398
[2026-07-24 20:22:19,692] INFO django.server "GET /tournaments/judge/dashboard/ HTTP/1.1" 200 8279
[2026-07-24 20:23:04,757] INFO django.utils.autoreload Watching for file changes with StatReloader
[2026-07-24 20:23:06,013] INFO django.server "GET / HTTP/1.1" 200 10987
[2026-07-24 20:23:08,687] INFO django.server "GET /users/login/ HTTP/1.1" 302 0
[2026-07-24 20:23:08,696] INFO django.server "GET /dashboard/ HTTP/1.1" 200 7349
[2026-07-24 20:23:10,170] INFO django.server "GET /tournaments/judge/dashboard/ HTTP/1.1" 200 51157
[2026-07-24 20:23:12,146] INFO django.server "GET /tournaments/judge/fight/18/panel/ HTTP/1.1" 200 17364
[2026-07-24 20:23:13,665] INFO django.server "POST /tournaments/3/fight/18/timer/control/ HTTP/1.1" 200 48
[2026-07-24 20:23:15,944] INFO django.server "POST /tournaments/3/fight/18/timer/control/ HTTP/1.1" 200 48
[2026-07-24 20:23:16,480] INFO django.server "POST /tournaments/3/fight/18/timer/control/ HTTP/1.1" 200 48
[2026-07-24 20:23:17,128] INFO django.server "POST /tournaments/3/fight/18/timer/control/ HTTP/1.1" 200 48
[2026-07-24 20:23:20,959] INFO django.server "POST /tournaments/3/fight/18/timer/control/ HTTP/1.1" 200 48
[2026-07-24 20:23:27,426] INFO tournaments Бой #18 завершён. Победитель: Дмитрий Волков, метод: submission
[2026-07-24 20:23:27,427] INFO django.server "POST /tournaments/judge/fight/18/panel/ HTTP/1.1" 302 0
[2026-07-24 20:23:27,468] INFO django.server "GET /tournaments/judge/dashboard/ HTTP/1.1" 200 51630
[2026-07-24 20:23:34,943] INFO django.server "GET /tournaments/judge/fight/5/panel/ HTTP/1.1" 200 9061
[2026-07-24 20:23:43,976] INFO django.server "GET /tournaments/judge/fight/19/panel/ HTTP/1.1" 200 17360
[2026-07-24 20:23:45,236] INFO django.server "POST /tournaments/3/fight/19/timer/control/ HTTP/1.1" 200 48
[2026-07-24 20:23:45,932] INFO django.server "POST /tournaments/3/fight/19/timer/control/ HTTP/1.1" 200 48
[2026-07-24 20:23:46,804] INFO django.server "POST /tournaments/3/fight/19/timer/control/ HTTP/1.1" 200 48
[2026-07-24 20:24:12,360] INFO tournaments Бой #19 завершён. Победитель: Дмитрий Волков, метод: points
[2026-07-24 20:24:12,361] INFO django.server "POST /tournaments/judge/fight/19/panel/ HTTP/1.1" 302 0
[2026-07-24 20:24:12,400] INFO django.server "GET /tournaments/judge/dashboard/ HTTP/1.1" 200 51707
[2026-07-24 20:24:33,818] INFO django.server "GET /tournaments/judge/fight/50/panel/ HTTP/1.1" 200 17362
[2026-07-24 20:24:44,221] INFO tournaments Бой #50 завершён. Победитель: Назар Гусев, метод: submission
[2026-07-24 20:24:44,222] INFO django.server "POST /tournaments/judge/fight/50/panel/ HTTP/1.1" 302 0
[2026-07-24 20:24:44,262] INFO django.server "GET /tournaments/judge/dashboard/ HTTP/1.1" 200 51772
[2026-07-24 20:24:53,789] INFO django.server "GET /tournaments/judge/fight/5/panel/ HTTP/1.1" 200 9061
[2026-07-24 20:24:58,646] INFO django.server "GET /tournaments/judge/fight/20/panel/ HTTP/1.1" 200 17368
[2026-07-24 20:25:07,430] INFO tournaments Бой #20 завершён. Победитель: Тимофей Васильев, метод: knockout
[2026-07-24 20:25:07,430] INFO django.server "POST /tournaments/judge/fight/20/panel/ HTTP/1.1" 302 0
[2026-07-24 20:25:07,470] INFO django.server "GET /tournaments/judge/dashboard/ HTTP/1.1" 200 51863
[2026-07-24 20:25:23,465] INFO django.server "GET /tournaments/judge/fight/20/panel/ HTTP/1.1" 200 9350
[2026-07-24 20:25:34,889] INFO django.server "GET /tournaments/judge/fight/4/panel/ HTTP/1.1" 200 17386
[2026-07-24 20:25:35,884] INFO django.server "POST /tournaments/2/fight/4/timer/control/ HTTP/1.1" 200 48
[2026-07-24 20:26:38,450] INFO django.server "GET /tournaments/judge/fight/48/panel/ HTTP/1.1" 200 17382
[2026-07-24 20:26:40,474] INFO tournaments Бой #48 завершён. Победитель: Тимофей Васильев, метод: 
[2026-07-24 20:26:40,475] INFO django.server "POST /tournaments/judge/fight/48/panel/ HTTP/1.1" 302 0
[2026-07-24 20:26:40,516] INFO django.server "GET /tournaments/judge/dashboard/ HTTP/1.1" 200 51944
[2026-07-24 20:26:41,336] INFO django.server "GET /tournaments/judge/fight/28/panel/ HTTP/1.1" 200 17370
[2026-07-24 20:26:43,237] INFO tournaments Бой #28 завершён. Победитель: Тамерлан Дмитриев, метод: 
[2026-07-24 20:26:43,238] INFO django.server "POST /tournaments/judge/fight/28/panel/ HTTP/1.1" 302 0
[2026-07-24 20:26:43,277] INFO django.server "GET /tournaments/judge/dashboard/ HTTP/1.1" 200 52029
[2026-07-24 20:26:44,264] INFO django.server "GET /tournaments/judge/fight/25/panel/ HTTP/1.1" 200 17362
[2026-07-24 20:26:46,286] INFO tournaments Бой #25 завершён. Победитель: Мирон Григорьев, метод: 
[2026-07-24 20:26:46,287] INFO django.server "POST /tournaments/judge/fight/25/panel/ HTTP/1.1" 302 0
[2026-07-24 20:26:46,332] INFO django.server "GET /tournaments/judge/dashboard/ HTTP/1.1" 200 52104
[2026-07-24 20:26:47,118] INFO django.server "GET /tournaments/judge/fight/22/panel/ HTTP/1.1" 200 17348
[2026-07-24 20:26:49,125] INFO tournaments Бой #22 завершён. Победитель: Дмитрий Волков, метод: 
[2026-07-24 20:26:49,126] INFO django.server "POST /tournaments/judge/fight/22/panel/ HTTP/1.1" 302 0
[2026-07-24 20:26:49,164] INFO django.server "GET /tournaments/judge/dashboard/ HTTP/1.1" 200 52179
[2026-07-24 20:26:49,967] INFO django.server "GET /tournaments/judge/fight/24/panel/ HTTP/1.1" 200 17370
[2026-07-24 20:26:52,650] INFO tournaments Бой #24 завершён. Победитель: Владислав Ковалёв, метод: 
[2026-07-24 20:26:52,651] INFO django.server "POST /tournaments/judge/fight/24/panel/ HTTP/1.1" 302 0
[2026-07-24 20:26:52,690] INFO django.server "GET /tournaments/judge/dashboard/ HTTP/1.1" 200 52268
[2026-07-24 20:26:53,333] INFO django.server "GET /tournaments/judge/fight/23/panel/ HTTP/1.1" 200 17344
[2026-07-24 20:26:57,676] INFO tournaments Бой #23 завершён. Победитель: Фёдор Белов, метод: 
[2026-07-24 20:26:57,676] INFO django.server "POST /tournaments/judge/fight/23/panel/ HTTP/1.1" 302 0
[2026-07-24 20:26:57,717] INFO django.server "GET /tournaments/judge/dashboard/ HTTP/1.1" 200 52327
[2026-07-24 20:26:58,445] INFO django.server "GET /tournaments/judge/fight/27/panel/ HTTP/1.1" 200 17366
[2026-07-24 20:27:00,463] INFO tournaments Бой #27 завершён. Победитель: Тимофей Васильев, метод: 
[2026-07-24 20:27:00,464] INFO django.server "POST /tournaments/judge/fight/27/panel/ HTTP/1.1" 302 0
[2026-07-24 20:27:00,511] INFO django.server "GET /tournaments/judge/dashboard/ HTTP/1.1" 200 52418
[2026-07-24 20:27:01,188] INFO django.server "GET /tournaments/judge/fight/31/panel/ HTTP/1.1" 200 17354
[2026-07-24 20:27:03,224] INFO tournaments Бой #31 завершён. Победитель: Фёдор Белов, метод: 
[2026-07-24 20:27:03,225] INFO django.server "POST /tournaments/judge/fight/31/panel/ HTTP/1.1" 302 0
[2026-07-24 20:27:03,270] INFO django.server "GET /tournaments/judge/dashboard/ HTTP/1.1" 200 52479
[2026-07-24 20:27:04,468] INFO django.server "GET /tournaments/judge/fight/26/panel/ HTTP/1.1" 200 17358
[2026-07-24 20:27:06,358] INFO tournaments Бой #26 завершён. Победитель: Тихон Воробьёв, метод: 
[2026-07-24 20:27:06,359] INFO django.server "POST /tournaments/judge/fight/26/panel/ HTTP/1.1" 302 0
[2026-07-24 20:27:06,399] INFO django.server "GET /tournaments/judge/dashboard/ HTTP/1.1" 200 52562
[2026-07-24 20:27:07,187] INFO django.server "GET /tournaments/judge/fight/29/panel/ HTTP/1.1" 200 17346
[2026-07-24 20:27:09,231] INFO tournaments Бой #29 завершён. Победитель: Максим Козлов, метод: 
[2026-07-24 20:27:09,232] INFO django.server "POST /tournaments/judge/fight/29/panel/ HTTP/1.1" 302 0
[2026-07-24 20:27:09,277] INFO django.server "GET /tournaments/judge/dashboard/ HTTP/1.1" 200 52635
[2026-07-24 20:27:10,925] INFO django.server "GET /tournaments/judge/fight/47/panel/ HTTP/1.1" 200 17350
[2026-07-24 20:27:12,839] INFO tournaments Бой #47 завершён. Победитель: Тихон Воробьёв, метод: 
[2026-07-24 20:27:12,840] INFO django.server "POST /tournaments/judge/fight/47/panel/ HTTP/1.1" 302 0
[2026-07-24 20:27:12,882] INFO django.server "GET /tournaments/judge/dashboard/ HTTP/1.1" 200 52714
[2026-07-24 20:27:13,586] INFO django.server "GET /tournaments/judge/fight/39/panel/ HTTP/1.1" 200 17386
[2026-07-24 20:27:16,136] INFO tournaments Бой #39 завершён. Победитель: Владислав Ковалёв, метод: 
[2026-07-24 20:27:16,136] INFO django.server "POST /tournaments/judge/fight/39/panel/ HTTP/1.1" 302 0
[2026-07-24 20:27:16,184] INFO django.server "GET /tournaments/judge/dashboard/ HTTP/1.1" 200 52803
[2026-07-24 20:27:16,890] INFO django.server "GET /tournaments/judge/fight/38/panel/ HTTP/1.1" 200 17382
[2026-07-24 20:27:18,774] INFO tournaments Бой #38 завершён. Победитель: Владислав Ковалёв, метод: 
[2026-07-24 20:27:18,775] INFO django.server "POST /tournaments/judge/fight/38/panel/ HTTP/1.1" 302 0
[2026-07-24 20:27:18,813] INFO django.server "GET /tournaments/judge/dashboard/ HTTP/1.1" 200 52886
[2026-07-24 20:27:19,475] INFO django.server "GET /tournaments/judge/fight/36/panel/ HTTP/1.1" 200 17378
[2026-07-24 20:27:23,363] INFO tournaments Бой #36 завершён. Победитель: Мирон Григорьев, метод: 
[2026-07-24 20:27:23,364] INFO django.server "POST /tournaments/judge/fight/36/panel/ HTTP/1.1" 302 0
[2026-07-24 20:27:23,404] INFO django.server "GET /tournaments/judge/dashboard/ HTTP/1.1" 200 52961
[2026-07-24 20:27:24,288] INFO django.server "GET /tournaments/judge/fight/42/panel/ HTTP/1.1" 200 17374
[2026-07-24 20:27:27,750] INFO tournaments Бой #42 завершён. Победитель: Тимофей Васильев, метод: 
[2026-07-24 20:27:27,751] INFO django.server "POST /tournaments/judge/fight/42/panel/ HTTP/1.1" 302 0
[2026-07-24 20:27:27,790] INFO django.server "GET /tournaments/judge/dashboard/ HTTP/1.1" 200 53044
[2026-07-24 20:27:28,991] INFO django.server "GET /tournaments/judge/fight/41/panel/ HTTP/1.1" 200 17366
[2026-07-24 20:27:33,845] INFO tournaments Бой #41 завершён. Победитель: Тихон Воробьёв, метод: submission
[2026-07-24 20:27:33,846] INFO django.server "POST /tournaments/judge/fight/41/panel/ HTTP/1.1" 302 0
[2026-07-24 20:27:33,884] INFO django.server "GET /tournaments/judge/dashboard/ HTTP/1.1" 200 53117
[2026-07-24 20:27:34,775] INFO django.server "GET /tournaments/judge/fight/40/panel/ HTTP/1.1" 200 17362
[2026-07-24 20:27:39,757] INFO tournaments Бой #40 завершён. Победитель: Назар Гусев, метод: points
[2026-07-24 20:27:39,758] INFO django.server "POST /tournaments/judge/fight/40/panel/ HTTP/1.1" 302 0
[2026-07-24 20:27:39,800] INFO django.server "GET /tournaments/judge/dashboard/ HTTP/1.1" 200 53182
[2026-07-24 20:27:41,374] INFO django.server "GET /tournaments/judge/fight/44/panel/ HTTP/1.1" 200 17354
[2026-07-24 20:27:48,095] INFO tournaments Бой #44 завершён. Победитель: Назар Гусев, метод: points
[2026-07-24 20:27:48,096] INFO django.server "POST /tournaments/judge/fight/44/panel/ HTTP/1.1" 302 0
[2026-07-24 20:27:48,142] INFO django.server "GET /tournaments/judge/dashboard/ HTTP/1.1" 200 53253
[2026-07-24 20:27:49,062] INFO django.server "GET /tournaments/judge/fight/37/panel/ HTTP/1.1" 200 17374
[2026-07-24 20:27:53,052] INFO tournaments Бой #37 завершён. Победитель: Владислав Ковалёв, метод: 
[2026-07-24 20:27:53,052] INFO django.server "POST /tournaments/judge/fight/37/panel/ HTTP/1.1" 302 0
[2026-07-24 20:27:53,099] INFO django.server "GET /tournaments/judge/dashboard/ HTTP/1.1" 200 53348
[2026-07-24 20:27:54,436] INFO django.server "GET /tournaments/judge/fight/45/panel/ HTTP/1.1" 200 17370
[2026-07-24 20:27:59,375] INFO tournaments Бой #45 завершён. Победитель: Тимофей Васильев, метод: points
[2026-07-24 20:27:59,376] INFO django.server "POST /tournaments/judge/fight/45/panel/ HTTP/1.1" 302 0
[2026-07-24 20:27:59,415] INFO django.server "GET /tournaments/judge/dashboard/ HTTP/1.1" 200 53427
[2026-07-24 20:28:00,386] INFO django.server "GET /tournaments/judge/fight/43/panel/ HTTP/1.1" 200 17378
[2026-07-24 20:28:06,789] INFO tournaments Бой #43 завершён. Победитель: Мирон Григорьев, метод: submission
[2026-07-24 20:28:06,790] INFO django.server "POST /tournaments/judge/fight/43/panel/ HTTP/1.1" 302 0
[2026-07-24 20:28:06,829] INFO django.server "GET /tournaments/judge/dashboard/ HTTP/1.1" 200 53504
[2026-07-24 20:28:07,811] INFO django.server "GET /tournaments/judge/fight/46/panel/ HTTP/1.1" 200 17374
[2026-07-24 20:28:15,285] INFO tournaments Бой #46 завершён. Победитель: Тамерлан Дмитриев, метод: points
[2026-07-24 20:28:15,286] INFO django.server "POST /tournaments/judge/fight/46/panel/ HTTP/1.1" 302 0
[2026-07-24 20:28:15,325] INFO django.server "GET /tournaments/judge/dashboard/ HTTP/1.1" 200 53591
[2026-07-24 20:28:16,177] INFO django.server "GET /tournaments/judge/fight/33/panel/ HTTP/1.1" 200 17358
[2026-07-24 20:28:21,806] INFO tournaments Бой #33 завершён. Победитель: Фёдор Белов, метод: points
[2026-07-24 20:28:21,807] INFO django.server "POST /tournaments/judge/fight/33/panel/ HTTP/1.1" 302 0
[2026-07-24 20:28:21,847] INFO django.server "GET /tournaments/judge/dashboard/ HTTP/1.1" 200 52952
[2026-07-24 20:28:24,341] INFO django.server "GET /users/logout/ HTTP/1.1" 302 0
[2026-07-24 20:28:24,350] INFO django.server "GET / HTTP/1.1" 200 8816
[2026-07-24 20:28:25,372] INFO django.server "GET /users/login/ HTTP/1.1" 200 5432
[2026-07-24 20:28:27,679] INFO django.server "POST /users/login/ HTTP/1.1" 302 0
[2026-07-24 20:28:27,689] INFO django.server "GET /dashboard/ HTTP/1.1" 200 10020
[2026-07-24 20:28:29,087] INFO django.server "GET /tournaments/ HTTP/1.1" 200 13254
[2026-07-24 20:28:30,527] INFO django.server "GET /tournaments/3/ HTTP/1.1" 200 11771
[2026-07-24 20:28:31,697] INFO django.server "GET /tournaments/3/bracket/5/ HTTP/1.1" 200 285461
[2026-07-24 20:29:31,078] INFO django.server "GET / HTTP/1.1" 200 13622
[2026-07-24 20:49:23,777] INFO django.utils.autoreload Watching for file changes with StatReloader
[2026-07-24 20:49:25,787] INFO django.server "GET / HTTP/1.1" 200 13622
[2026-07-24 20:49:29,125] INFO django.server "GET /users/logout/ HTTP/1.1" 302 0
[2026-07-24 20:49:29,134] INFO django.server "GET / HTTP/1.1" 200 8816
[2026-07-24 20:49:30,480] INFO django.server "GET /users/login/ HTTP/1.1" 200 5432
[2026-07-24 20:49:34,515] INFO django.server "POST /users/login/ HTTP/1.1" 302 0
[2026-07-24 20:49:34,526] INFO django.server "GET /dashboard/ HTTP/1.1" 200 7349
[2026-07-24 20:49:35,620] INFO django.server "GET /tournaments/judge/dashboard/ HTTP/1.1" 200 52562
[2026-07-24 20:49:37,042] INFO django.server "GET /tournaments/judge/fight/4/panel/ HTTP/1.1" 200 20357
[2026-07-24 20:49:38,084] INFO django.server "POST /tournaments/2/fight/4/timer/control/ HTTP/1.1" 200 66
[2026-07-24 20:49:39,787] INFO django.server "POST /tournaments/2/fight/4/timer/control/ HTTP/1.1" 200 66
[2026-07-24 20:49:55,163] INFO django.server "POST /tournaments/judge/fight/4/panel/ HTTP/1.1" 302 0
[2026-07-24 20:49:55,176] INFO django.server "GET /tournaments/judge/fight/4/panel/ HTTP/1.1" 200 20731
[2026-07-24 20:49:59,160] INFO django.server "POST /tournaments/2/fight/4/timer/control/ HTTP/1.1" 200 64
[2026-07-24 20:50:00,007] INFO django.server "POST /tournaments/2/fight/4/timer/control/ HTTP/1.1" 200 64
[2026-07-24 20:50:03,907] INFO django.server "POST /tournaments/judge/fight/4/panel/ HTTP/1.1" 302 0
[2026-07-24 20:50:03,920] INFO django.server "GET /tournaments/judge/fight/4/panel/ HTTP/1.1" 200 20731
[2026-07-24 20:50:08,594] INFO django.server "POST /tournaments/judge/fight/4/panel/ HTTP/1.1" 302 0
[2026-07-24 20:50:08,607] INFO django.server "GET /tournaments/judge/fight/4/panel/ HTTP/1.1" 200 20731
[2026-07-24 20:50:14,478] INFO django.server "POST /tournaments/2/fight/4/timer/control/ HTTP/1.1" 200 66
[2026-07-24 20:50:19,934] INFO django.server "GET / HTTP/1.1" 200 10987
[2026-07-24 20:50:23,260] INFO django.server "GET /users/logout/ HTTP/1.1" 302 0
[2026-07-24 20:50:23,270] INFO django.server "GET / HTTP/1.1" 200 8816
[2026-07-24 20:50:24,920] INFO django.server "GET /users/login/ HTTP/1.1" 200 5432
[2026-07-24 20:50:28,091] INFO django.server "POST /users/login/ HTTP/1.1" 302 0
[2026-07-24 20:50:28,100] INFO django.server "GET /dashboard/ HTTP/1.1" 200 10020
[2026-07-24 20:50:30,669] INFO django.server "GET /tournaments/1/participants/excel/ HTTP/1.1" 200 9562
[2026-07-24 20:50:33,807] INFO django.server "GET /tournaments/ HTTP/1.1" 200 13254
[2026-07-24 20:50:36,657] INFO django.server "GET /tournaments/3/ HTTP/1.1" 200 11761
[2026-07-24 20:50:44,484] INFO django.server "GET /tournaments/ HTTP/1.1" 200 13254
[2026-07-24 20:50:46,137] INFO django.server "GET /tournaments/fighters/ HTTP/1.1" 200 81658
[2026-07-24 20:50:46,908] INFO django.server "GET /tournaments/ HTTP/1.1" 200 13254
[2026-07-24 20:50:49,507] INFO django.server "GET /tournaments/3/ HTTP/1.1" 200 11761
[2026-07-24 20:50:51,097] INFO django.server "GET /tournaments/3/categories/ HTTP/1.1" 200 16386
[2026-07-24 20:50:53,620] INFO django.server "POST /tournaments/3/categories/ HTTP/1.1" 302 0
[2026-07-24 20:50:53,635] INFO django.server "GET /tournaments/3/categories/ HTTP/1.1" 200 11104
[2026-07-24 20:51:08,287] INFO django.server "POST /tournaments/3/categories/ HTTP/1.1" 302 0
[2026-07-24 20:51:08,302] INFO django.server "GET /tournaments/3/categories/ HTTP/1.1" 200 16755
[2026-07-24 20:51:12,710] INFO django.server "GET / HTTP/1.1" 200 13622
[2026-07-24 20:51:15,439] INFO django.server "GET /tournaments/participants/ HTTP/1.1" 200 7217
[2026-07-24 20:51:17,443] INFO django.server "GET /tournaments/participants/?tournament=3 HTTP/1.1" 200 771612
[2026-07-24 20:51:21,569] INFO django.server "GET /tournaments/3/auto-assign/ HTTP/1.1" 302 0
[2026-07-24 20:51:21,690] INFO django.server "GET /tournaments/participants/?tournament=3 HTTP/1.1" 200 772192
[2026-07-24 20:51:34,779] ERROR django.request Internal Server Error: /tournaments/registration/57/update/
Traceback (most recent call last):
  File "C:\Users\User\Downloads\Kimi_Agent_CombatTournamentPlatform_ исправления\combat_platform\venv\Lib\site-packages\django\core\handlers\exception.py", line 55, in inner
    response = get_response(request)
  File "C:\Users\User\Downloads\Kimi_Agent_CombatTournamentPlatform_ исправления\combat_platform\venv\Lib\site-packages\django\core\handlers\base.py", line 197, in _get_response
    response = wrapped_callback(request, *callback_args, **callback_kwargs)
  File "C:\Users\User\Downloads\Kimi_Agent_CombatTournamentPlatform_ исправления\combat_platform\venv\Lib\site-packages\django\contrib\auth\decorators.py", line 23, in _wrapper_view
    return view_func(request, *args, **kwargs)
  File "C:\Users\User\Downloads\Kimi_Agent_CombatTournamentPlatform_ исправления\combat_platform\users\decorators.py", line 47, in _wrapped
    return view_func(request, *args, **kwargs)
  File "C:\Users\User\Downloads\Kimi_Agent_CombatTournamentPlatform_ исправления\combat_platform\tournaments\views\participants.py", line 184, in update_registration
    birth_year=fighter.date_of_birth.year,
               ^^^^^^^^^^^^^^^^^^^^^^^^^^
AttributeError: 'str' object has no attribute 'year'
[2026-07-24 20:51:34,781] ERROR django.server "POST /tournaments/registration/57/update/ HTTP/1.1" 500 85026
[2026-07-24 20:58:14,733] INFO django.utils.autoreload C:\Users\User\Downloads\Kimi_Agent_CombatTournamentPlatform_ исправления\combat_platform\tournaments\views\participants.py changed, reloading.
[2026-07-24 20:58:15,247] INFO django.utils.autoreload Watching for file changes with StatReloader
[2026-07-24 20:58:17,090] INFO django.utils.autoreload Watching for file changes with StatReloader
[2026-07-24 20:58:18,204] INFO django.server "GET / HTTP/1.1" 200 13622
[2026-07-24 20:58:19,243] INFO django.server "GET /tournaments/ HTTP/1.1" 200 13254
[2026-07-24 20:58:21,305] INFO django.server "GET / HTTP/1.1" 200 13622
[2026-07-24 20:58:22,247] INFO django.server "GET /tournaments/participants/ HTTP/1.1" 200 7217
[2026-07-24 20:58:23,874] INFO django.server "GET /tournaments/participants/?tournament=3 HTTP/1.1" 200 771488
[2026-07-24 20:58:27,160] INFO django.server "POST /tournaments/registration/64/update/ HTTP/1.1" 302 0
[2026-07-24 20:58:27,294] INFO django.server "GET /tournaments/participants/?tournament=3 HTTP/1.1" 200 772246
[2026-07-24 20:58:32,106] INFO django.server "POST /tournaments/registration/46/update/ HTTP/1.1" 302 0
[2026-07-24 20:58:32,233] INFO django.server "GET /tournaments/participants/?tournament=3 HTTP/1.1" 200 772225
[2026-07-24 20:58:37,746] INFO django.server "GET /tournaments/3/categories/ HTTP/1.1" 200 16384
[2026-07-24 20:58:39,030] INFO django.server "GET /tournaments/ HTTP/1.1" 200 13254
[2026-07-24 20:58:40,459] INFO django.server "GET /tournaments/3/ HTTP/1.1" 200 11315
[2026-07-24 20:58:42,017] INFO tournaments Генерация сетки #6: 11 участников, 4 раундов, 5 автопроходов
[2026-07-24 20:58:42,025] INFO django.server "GET /tournaments/3/brackets/generate/ HTTP/1.1" 302 0
[2026-07-24 20:58:42,038] INFO django.server "GET /tournaments/3/ HTTP/1.1" 200 12511
[2026-07-24 20:58:43,271] INFO django.server "GET /tournaments/3/bracket/6/ HTTP/1.1" 200 122299
[2026-07-25 12:18:21,791] INFO django.utils.autoreload Watching for file changes with StatReloader
[2026-07-25 12:18:23,464] INFO django.server "GET / HTTP/1.1" 200 13622
[2026-07-25 12:18:23,952] WARNING django.request Not Found: /favicon.ico
[2026-07-25 12:18:23,952] WARNING django.server "GET /favicon.ico HTTP/1.1" 404 3038
[2026-07-25 12:19:15,353] INFO django.server "GET /tournaments/participants/ HTTP/1.1" 200 7217
[2026-07-25 12:19:17,299] INFO django.server "GET /tournaments/participants/?tournament=3 HTTP/1.1" 200 771448
[2026-07-25 12:19:20,721] INFO django.server "GET /tournaments/fighters/ HTTP/1.1" 200 81658
[2026-07-25 12:19:24,515] INFO django.server "GET /tournaments/ HTTP/1.1" 200 13254
[2026-07-25 12:19:26,045] INFO django.server "GET /tournaments/3/ HTTP/1.1" 200 11772
[2026-07-25 12:19:28,850] INFO django.server "GET /tournaments/3/bracket/6/ HTTP/1.1" 200 122299
[2026-07-25 12:19:52,974] INFO django.server "GET /tournaments/ HTTP/1.1" 200 13254
[2026-07-25 12:19:54,453] INFO django.server "GET /tournaments/3/ HTTP/1.1" 200 11772
[2026-07-25 12:19:56,167] INFO django.server "GET /tournaments/3/fights/ HTTP/1.1" 200 58863
[2026-07-25 12:20:01,493] INFO django.server "GET /tournaments/3/fights/?page=2 HTTP/1.1" 200 58585
[2026-07-25 12:20:03,240] INFO django.server "GET /tournaments/3/fights/?page=3 HTTP/1.1" 200 38902
[2026-07-25 12:20:06,661] INFO django.server "GET /tournaments/3/fights/?page=2 HTTP/1.1" 200 58585
[2026-07-25 12:20:09,202] INFO django.server "GET /tournaments/3/fights/?page=1 HTTP/1.1" 200 58863
[2026-07-25 12:20:12,174] INFO django.server "GET /tournaments/3/fight/51/assign-judge/ HTTP/1.1" 200 7949
[2026-07-25 12:20:15,018] ERROR django.request Internal Server Error: /tournaments/3/fight/51/assign-judge/
Traceback (most recent call last):
  File "C:\Users\User\Downloads\Kimi_Agent_CombatTournamentPlatform_ исправления\combat_platform\venv\Lib\site-packages\django\core\handlers\exception.py", line 55, in inner
    response = get_response(request)
  File "C:\Users\User\Downloads\Kimi_Agent_CombatTournamentPlatform_ исправления\combat_platform\venv\Lib\site-packages\django\core\handlers\base.py", line 197, in _get_response
    response = wrapped_callback(request, *callback_args, **callback_kwargs)
  File "C:\Users\User\Downloads\Kimi_Agent_CombatTournamentPlatform_ исправления\combat_platform\venv\Lib\site-packages\django\contrib\auth\decorators.py", line 23, in _wrapper_view
    return view_func(request, *args, **kwargs)
  File "C:\Users\User\Downloads\Kimi_Agent_CombatTournamentPlatform_ исправления\combat_platform\users\decorators.py", line 47, in _wrapped
    return view_func(request, *args, **kwargs)
  File "C:\Users\User\Downloads\Kimi_Agent_CombatTournamentPlatform_ исправления\combat_platform\tournaments\views\fights.py", line 85, in assign_judge
    success, msg = FightService.assign_judge(fight, judge, assign_to_cat)
                   ^^^^^^^^^^^^^^^^^^^^^^^^^
AttributeError: type object 'FightService' has no attribute 'assign_judge'
[2026-07-25 12:20:15,020] ERROR django.server "POST /tournaments/3/fight/51/assign-judge/ HTTP/1.1" 500 83147
[2026-07-25 12:51:03,831] WARNING django.request Not Found: /favicon.ico
[2026-07-25 12:51:03,831] WARNING django.server "GET /favicon.ico HTTP/1.1" 404 3038
[2026-07-25 13:12:25,746] INFO django.utils.autoreload Watching for file changes with StatReloader
[2026-07-25 13:12:28,138] INFO django.server "GET / HTTP/1.1" 200 13622
[2026-07-25 13:12:33,248] INFO django.server "GET /tournaments/ HTTP/1.1" 200 13254
[2026-07-25 13:12:34,149] INFO django.server "GET /tournaments/3/ HTTP/1.1" 200 11772
[2026-07-25 13:12:35,271] INFO django.server "GET /tournaments/3/bracket/6/ HTTP/1.1" 200 122299
[2026-07-25 13:12:40,217] INFO django.server "GET /tournaments/3/fights/ HTTP/1.1" 200 58863
[2026-07-25 13:12:42,409] INFO django.server "GET /tournaments/3/fight/52/assign-judge/ HTTP/1.1" 200 7959
[2026-07-25 13:12:45,126] ERROR django.request Internal Server Error: /tournaments/3/fight/52/assign-judge/
Traceback (most recent call last):
  File "C:\Users\User\Downloads\Kimi_Agent_CombatTournamentPlatform_ исправления\combat_platform\venv\Lib\site-packages\django\core\handlers\exception.py", line 55, in inner
    response = get_response(request)
  File "C:\Users\User\Downloads\Kimi_Agent_CombatTournamentPlatform_ исправления\combat_platform\venv\Lib\site-packages\django\core\handlers\base.py", line 197, in _get_response
    response = wrapped_callback(request, *callback_args, **callback_kwargs)
  File "C:\Users\User\Downloads\Kimi_Agent_CombatTournamentPlatform_ исправления\combat_platform\venv\Lib\site-packages\django\contrib\auth\decorators.py", line 23, in _wrapper_view
    return view_func(request, *args, **kwargs)
  File "C:\Users\User\Downloads\Kimi_Agent_CombatTournamentPlatform_ исправления\combat_platform\users\decorators.py", line 47, in _wrapped
    return view_func(request, *args, **kwargs)
  File "C:\Users\User\Downloads\Kimi_Agent_CombatTournamentPlatform_ исправления\combat_platform\tournaments\views\fights.py", line 85, in assign_judge
    success, msg = FightService.assign_judge(fight, judge, assign_to_cat)
                   ^^^^^^^^^^^^^^^^^^^^^^^^^
AttributeError: type object 'FightService' has no attribute 'assign_judge'
[2026-07-25 13:12:45,128] ERROR django.server "POST /tournaments/3/fight/52/assign-judge/ HTTP/1.1" 500 83157
[2026-07-25 13:20:50,264] INFO django.utils.autoreload C:\Users\User\Downloads\Kimi_Agent_CombatTournamentPlatform_ исправления\combat_platform\tournaments\services\fight_service.py changed, reloading.
[2026-07-25 13:20:50,881] INFO django.utils.autoreload Watching for file changes with StatReloader
[2026-07-25 13:21:00,750] INFO django.utils.autoreload C:\Users\User\Downloads\Kimi_Agent_CombatTournamentPlatform_ исправления\combat_platform\tournaments\views\fights.py changed, reloading.
[2026-07-25 13:21:03,332] INFO django.utils.autoreload Watching for file changes with StatReloader
[2026-07-25 13:21:04,960] INFO django.server "GET / HTTP/1.1" 200 13622
[2026-07-25 13:21:07,753] INFO django.server "GET /tournaments/participants/ HTTP/1.1" 200 7217
[2026-07-25 13:21:09,273] INFO django.server "GET /tournaments/participants/?tournament=3 HTTP/1.1" 200 771448
[2026-07-25 13:21:14,264] INFO django.server "GET /tournaments/ HTTP/1.1" 200 13254
[2026-07-25 13:21:15,706] INFO django.server "GET /tournaments/3/ HTTP/1.1" 200 11772
[2026-07-25 13:21:16,599] INFO django.server "GET /tournaments/3/bracket/6/ HTTP/1.1" 200 122299
[2026-07-25 13:21:20,639] INFO django.server "GET /tournaments/3/fights/ HTTP/1.1" 200 58863
[2026-07-25 13:21:22,142] INFO django.server "GET /tournaments/3/fight/51/assign-judge/ HTTP/1.1" 200 7949
[2026-07-25 13:21:25,074] INFO django.server "POST /tournaments/3/fight/51/assign-judge/ HTTP/1.1" 302 0
[2026-07-25 13:21:25,094] INFO django.server "GET /tournaments/3/fights/ HTTP/1.1" 200 57782
[2026-07-25 13:21:30,491] INFO django.server "GET /users/logout/ HTTP/1.1" 302 0
[2026-07-25 13:21:30,501] INFO django.server "GET / HTTP/1.1" 200 8816
[2026-07-25 13:21:31,689] INFO django.server "GET /users/login/ HTTP/1.1" 200 5432
[2026-07-25 13:21:45,368] INFO django.server "POST /users/login/ HTTP/1.1" 302 0
[2026-07-25 13:21:45,388] INFO django.server "GET /dashboard/ HTTP/1.1" 200 7349
[2026-07-25 13:21:46,469] INFO django.server "GET /tournaments/judge/dashboard/ HTTP/1.1" 200 58200
[2026-07-25 13:22:08,378] INFO django.server "GET /tournaments/judge/fight/51/panel/ HTTP/1.1" 200 20318
[2026-07-25 13:22:10,983] INFO django.server "POST /tournaments/3/fight/51/timer/control/ HTTP/1.1" 200 66
[2026-07-25 13:22:15,930] INFO tournaments Бой #51 завершён. Победитель: Фёдор Белов, метод: 
[2026-07-25 13:22:15,930] INFO django.server "POST /tournaments/judge/fight/51/panel/ HTTP/1.1" 302 0
[2026-07-25 13:22:15,976] INFO django.server "GET /tournaments/judge/dashboard/ HTTP/1.1" 200 58662
[2026-07-25 13:22:17,362] INFO django.server "GET /tournaments/judge/fight/52/panel/ HTTP/1.1" 200 20338
[2026-07-25 13:22:23,158] INFO tournaments Бой #52 завершён. Победитель: Максим Козлов, метод: 
[2026-07-25 13:22:23,159] INFO django.server "POST /tournaments/judge/fight/52/panel/ HTTP/1.1" 302 0
[2026-07-25 13:22:23,206] INFO django.server "GET /tournaments/judge/dashboard/ HTTP/1.1" 200 58742
[2026-07-25 13:22:24,234] INFO django.server "GET /tournaments/judge/fight/53/panel/ HTTP/1.1" 200 20330
[2026-07-25 13:22:28,972] INFO tournaments Бой #53 завершён. Победитель: Даниил АХМЕТОВ, метод: 
[2026-07-25 13:22:28,973] INFO django.server "POST /tournaments/judge/fight/53/panel/ HTTP/1.1" 302 0
[2026-07-25 13:22:29,017] INFO django.server "GET /tournaments/judge/dashboard/ HTTP/1.1" 200 58822
[2026-07-25 13:22:30,281] INFO django.server "GET /tournaments/judge/fight/54/panel/ HTTP/1.1" 200 20338
[2026-07-25 13:22:36,629] INFO tournaments Бой #54 завершён. Победитель: Дмитрий Волков, метод: knockout
[2026-07-25 13:22:36,629] INFO django.server "POST /tournaments/judge/fight/54/panel/ HTTP/1.1" 302 0
[2026-07-25 13:22:36,684] INFO django.server "GET /tournaments/judge/dashboard/ HTTP/1.1" 200 58900
[2026-07-25 13:22:37,616] INFO django.server "GET /tournaments/judge/fight/55/panel/ HTTP/1.1" 200 20322
[2026-07-25 13:22:45,563] INFO tournaments Бой #55 завершён. Победитель: Назар Гусев, метод: technical_knockout
[2026-07-25 13:22:45,564] INFO django.server "POST /tournaments/judge/fight/55/panel/ HTTP/1.1" 302 0
[2026-07-25 13:22:45,608] INFO django.server "GET /tournaments/judge/dashboard/ HTTP/1.1" 200 58268
[2026-07-25 13:22:47,547] INFO django.server "GET /users/logout/ HTTP/1.1" 302 0
[2026-07-25 13:22:47,556] INFO django.server "GET / HTTP/1.1" 200 8816
[2026-07-25 13:22:48,271] INFO django.server "GET /users/login/ HTTP/1.1" 200 5432
[2026-07-25 13:22:51,686] INFO django.server "POST /users/login/ HTTP/1.1" 302 0
[2026-07-25 13:22:51,697] INFO django.server "GET /dashboard/ HTTP/1.1" 200 10020
[2026-07-25 13:22:54,981] INFO django.server "GET /tournaments/ HTTP/1.1" 200 13254
[2026-07-25 13:22:56,271] INFO django.server "GET /tournaments/3/ HTTP/1.1" 200 11772
[2026-07-25 13:22:58,271] INFO django.server "GET /tournaments/3/bracket/6/ HTTP/1.1" 200 125577
[2026-07-25 13:23:00,553] INFO django.server "GET /tournaments/3/brackets/advance/ HTTP/1.1" 302 0
[2026-07-25 13:23:00,564] INFO django.server "GET /tournaments/3/ HTTP/1.1" 200 12127
[2026-07-25 13:23:01,787] INFO django.server "GET /tournaments/3/bracket/6/ HTTP/1.1" 200 125164
[2026-07-25 13:23:25,254] INFO django.server "GET /tournaments/3/brackets/advance/ HTTP/1.1" 302 0
[2026-07-25 13:23:25,266] INFO django.server "GET /tournaments/3/ HTTP/1.1" 200 12127
[2026-07-25 13:23:29,232] INFO django.server "GET /tournaments/3/brackets/generate/ HTTP/1.1" 302 0
[2026-07-25 13:23:29,245] INFO django.server "GET /tournaments/3/ HTTP/1.1" 200 12155
[2026-07-25 13:23:31,504] INFO django.server "GET /users/logout/ HTTP/1.1" 302 0
[2026-07-25 13:23:31,514] INFO django.server "GET / HTTP/1.1" 200 8816
[2026-07-25 13:23:33,219] INFO django.server "GET /users/login/ HTTP/1.1" 200 5432
[2026-07-25 13:23:34,807] INFO django.server "POST /users/login/ HTTP/1.1" 302 0
[2026-07-25 13:23:34,818] INFO django.server "GET /dashboard/ HTTP/1.1" 200 10020
[2026-07-25 13:23:38,145] INFO django.server "GET /tournaments/ HTTP/1.1" 200 13254
[2026-07-25 13:23:39,233] INFO django.server "GET /tournaments/3/ HTTP/1.1" 200 11762
[2026-07-25 13:23:41,392] INFO django.server "GET /tournaments/3/fights/ HTTP/1.1" 200 58412
[2026-07-25 13:23:43,081] INFO django.server "GET /tournaments/3/fights/?page=2 HTTP/1.1" 200 58585
[2026-07-25 13:23:45,538] INFO django.server "GET /tournaments/fight/42/results/ HTTP/1.1" 200 9056
[2026-07-25 13:24:30,520] INFO django.server "GET /tournaments/ HTTP/1.1" 200 13254
[2026-07-25 13:24:32,039] INFO django.server "GET /tournaments/3/ HTTP/1.1" 200 11762
[2026-07-25 13:24:32,977] INFO django.server "GET /tournaments/3/bracket/6/ HTTP/1.1" 200 125164
[2026-07-25 13:32:54,761] INFO django.utils.autoreload C:\Users\User\Downloads\Kimi_Agent_CombatTournamentPlatform_ исправления\combat_platform\tournaments\services\fight_service.py changed, reloading.
[2026-07-25 13:32:55,410] INFO django.utils.autoreload Watching for file changes with StatReloader
[2026-07-25 13:33:18,635] INFO django.utils.autoreload C:\Users\User\Downloads\Kimi_Agent_CombatTournamentPlatform_ исправления\combat_platform\tournaments\views\fights.py changed, reloading.
[2026-07-25 13:33:21,321] INFO django.utils.autoreload Watching for file changes with StatReloader
[2026-07-25 13:33:23,213] INFO django.server "GET / HTTP/1.1" 200 13622
[2026-07-25 13:33:26,123] INFO django.server "GET /tournaments/ HTTP/1.1" 200 13254
[2026-07-25 13:33:27,150] INFO django.server "GET /tournaments/3/ HTTP/1.1" 200 11762
[2026-07-25 13:33:27,898] INFO django.server "GET /tournaments/3/bracket/6/ HTTP/1.1" 200 125164
[2026-07-25 13:33:30,019] INFO django.server "GET /tournaments/3/brackets/advance/ HTTP/1.1" 302 0
[2026-07-25 13:33:30,032] INFO django.server "GET /tournaments/3/ HTTP/1.1" 200 12127
[2026-07-25 13:33:32,240] INFO django.server "GET /tournaments/3/bracket/6/ HTTP/1.1" 200 125164
[2026-07-25 13:33:36,065] INFO django.server "GET /tournaments/3/bracket/6/delete/ HTTP/1.1" 302 0
[2026-07-25 13:33:36,079] INFO django.server "GET /tournaments/3/ HTTP/1.1" 200 11662
[2026-07-25 13:33:41,531] INFO tournaments Генерация сетки #7: 11 участников, 4 раундов, 5 автопроходов
[2026-07-25 13:33:41,541] INFO django.server "GET /tournaments/3/brackets/generate/ HTTP/1.1" 302 0
[2026-07-25 13:33:41,554] INFO django.server "GET /tournaments/3/ HTTP/1.1" 200 12511
[2026-07-25 13:33:42,378] INFO django.server "GET /tournaments/3/bracket/7/ HTTP/1.1" 200 122299
[2026-07-25 13:33:49,562] INFO django.server "GET /tournaments/3/fights/ HTTP/1.1" 200 58860
[2026-07-25 13:33:50,887] INFO django.server "GET /tournaments/3/fight/57/assign-judge/ HTTP/1.1" 200 7949
[2026-07-25 13:33:53,711] INFO django.server "POST /tournaments/3/fight/57/assign-judge/ HTTP/1.1" 302 0
[2026-07-25 13:33:53,733] INFO django.server "GET /tournaments/3/fights/ HTTP/1.1" 200 57776
[2026-07-25 13:33:56,269] INFO django.server "GET /users/logout/ HTTP/1.1" 302 0
[2026-07-25 13:33:56,279] INFO django.server "GET / HTTP/1.1" 200 8816
[2026-07-25 13:33:56,953] INFO django.server "GET /users/login/ HTTP/1.1" 200 5432
[2026-07-25 13:33:59,640] INFO django.server "POST /users/login/ HTTP/1.1" 302 0
[2026-07-25 13:33:59,651] INFO django.server "GET /dashboard/ HTTP/1.1" 200 7349
[2026-07-25 13:34:00,665] INFO django.server "GET /tournaments/judge/dashboard/ HTTP/1.1" 200 63512
[2026-07-25 13:34:02,712] INFO django.server "GET /tournaments/judge/fight/59/panel/ HTTP/1.1" 200 20338
[2026-07-25 13:34:03,979] INFO django.server "POST /tournaments/3/fight/59/timer/control/ HTTP/1.1" 200 66
[2026-07-25 13:34:04,467] INFO django.server "POST /tournaments/3/fight/59/timer/control/ HTTP/1.1" 200 86
[2026-07-25 13:34:09,082] INFO tournaments Бой #59 завершён. Победитель: Тимофей Васильев, метод: 
[2026-07-25 13:34:09,083] INFO django.server "POST /tournaments/judge/fight/59/panel/ HTTP/1.1" 302 0
[2026-07-25 13:34:09,132] INFO django.server "GET /tournaments/judge/dashboard/ HTTP/1.1" 200 63994
[2026-07-25 13:34:10,208] INFO django.server "GET /tournaments/judge/fight/58/panel/ HTTP/1.1" 200 20318
[2026-07-25 13:34:11,618] INFO django.server "POST /tournaments/3/fight/58/timer/control/ HTTP/1.1" 200 66
[2026-07-25 13:34:12,354] INFO django.server "POST /tournaments/3/fight/58/timer/control/ HTTP/1.1" 200 86
[2026-07-25 13:34:12,762] INFO django.server "POST /tournaments/3/fight/58/timer/control/ HTTP/1.1" 200 86
[2026-07-25 13:34:20,003] INFO tournaments Бой #58 завершён. Победитель: Фёдор Белов, метод: 
[2026-07-25 13:34:20,004] INFO django.server "POST /tournaments/judge/fight/58/panel/ HTTP/1.1" 302 0
[2026-07-25 13:34:20,052] INFO django.server "GET /tournaments/judge/dashboard/ HTTP/1.1" 200 64056
[2026-07-25 13:34:20,821] INFO django.server "GET /tournaments/judge/fight/57/panel/ HTTP/1.1" 200 20318
[2026-07-25 13:34:26,888] INFO tournaments Бой #57 завершён. Победитель: Самир Алексеев, метод: points
[2026-07-25 13:34:26,889] INFO django.server "POST /tournaments/judge/fight/57/panel/ HTTP/1.1" 302 0
[2026-07-25 13:34:26,936] INFO django.server "GET /tournaments/judge/dashboard/ HTTP/1.1" 200 64140
[2026-07-25 13:34:28,173] INFO django.server "GET /tournaments/judge/fight/61/panel/ HTTP/1.1" 200 20326
[2026-07-25 13:34:32,796] INFO tournaments Бой #61 завершён. Победитель: Дмитрий Волков, метод: 
[2026-07-25 13:34:32,796] INFO django.server "POST /tournaments/judge/fight/61/panel/ HTTP/1.1" 302 0
[2026-07-25 13:34:32,844] INFO django.server "GET /tournaments/judge/dashboard/ HTTP/1.1" 200 64218
[2026-07-25 13:34:34,107] INFO django.server "GET /tournaments/judge/fight/60/panel/ HTTP/1.1" 200 20354
[2026-07-25 13:34:40,239] INFO tournaments Бой #60 завершён. Победитель: Тамерлан Дмитриев, метод: knockout
[2026-07-25 13:34:40,239] INFO django.server "POST /tournaments/judge/fight/60/panel/ HTTP/1.1" 302 0
[2026-07-25 13:34:40,289] INFO django.server "GET /tournaments/judge/dashboard/ HTTP/1.1" 200 63610
[2026-07-25 13:34:42,008] INFO django.server "GET /users/logout/ HTTP/1.1" 302 0
[2026-07-25 13:34:42,017] INFO django.server "GET / HTTP/1.1" 200 8816
[2026-07-25 13:34:43,275] INFO django.server "GET /users/login/ HTTP/1.1" 200 5432
[2026-07-25 13:34:45,523] INFO django.server "POST /users/login/ HTTP/1.1" 302 0
[2026-07-25 13:34:45,533] INFO django.server "GET /dashboard/ HTTP/1.1" 200 10020
[2026-07-25 13:34:47,607] INFO django.server "GET /tournaments/judges/ HTTP/1.1" 200 8971
[2026-07-25 13:34:50,346] INFO django.server "GET /tournaments/fighters/ HTTP/1.1" 200 81658
[2026-07-25 13:34:50,960] INFO django.server "GET /tournaments/ HTTP/1.1" 200 13254
[2026-07-25 13:34:52,177] INFO django.server "GET /tournaments/3/ HTTP/1.1" 200 11772
[2026-07-25 13:34:52,890] INFO django.server "GET /tournaments/3/bracket/7/ HTTP/1.1" 200 125577
[2026-07-25 13:35:04,452] INFO django.server "GET /tournaments/3/brackets/advance/ HTTP/1.1" 302 0
[2026-07-25 13:35:04,464] INFO django.server "GET /tournaments/3/ HTTP/1.1" 200 12127
[2026-07-25 13:35:06,030] INFO django.server "GET /tournaments/3/bracket/7/ HTTP/1.1" 200 125164
[2026-07-25 13:53:45,321] INFO django.server "GET /tournaments/3/bracket/7/delete/ HTTP/1.1" 302 0
[2026-07-25 13:53:45,334] INFO django.server "GET /tournaments/3/ HTTP/1.1" 200 11662
[2026-07-25 13:53:47,308] INFO django.server "GET /tournaments/3/categories/ HTTP/1.1" 200 16384
[2026-07-25 13:53:59,384] INFO django.server "POST /tournaments/3/categories/ HTTP/1.1" 302 0
[2026-07-25 13:53:59,398] INFO django.server "GET /tournaments/3/categories/ HTTP/1.1" 200 16749
[2026-07-25 13:54:01,305] INFO django.server "GET /tournaments/ HTTP/1.1" 200 13254
[2026-07-25 13:54:02,298] INFO django.server "GET /tournaments/3/ HTTP/1.1" 200 11316
[2026-07-25 13:56:10,674] INFO tournaments Генерация сетки #8: 11 участников, 4 раундов, 5 автопроходов
[2026-07-25 13:56:10,691] INFO django.server "GET /tournaments/3/brackets/generate/ HTTP/1.1" 302 0
[2026-07-25 13:56:10,705] INFO django.server "GET /tournaments/3/ HTTP/1.1" 200 12516
[2026-07-25 13:56:11,922] INFO django.server "GET /tournaments/3/bracket/8/ HTTP/1.1" 200 27820
[2026-07-25 13:56:16,517] INFO django.server "GET /tournaments/3/fights/ HTTP/1.1" 200 58788
[2026-07-25 13:56:17,701] INFO django.server "GET /tournaments/3/fight/63/assign-judge/ HTTP/1.1" 200 7955
[2026-07-25 13:56:20,297] INFO django.server "POST /tournaments/3/fight/63/assign-judge/ HTTP/1.1" 302 0
[2026-07-25 13:56:20,318] INFO django.server "GET /tournaments/3/fights/ HTTP/1.1" 200 58001
[2026-07-25 13:56:21,931] INFO django.server "GET /users/logout/ HTTP/1.1" 302 0
[2026-07-25 13:56:21,941] INFO django.server "GET / HTTP/1.1" 200 8816
[2026-07-25 13:57:07,404] INFO django.server "GET /users/login/ HTTP/1.1" 200 5432
[2026-07-25 13:57:10,124] INFO django.server "POST /users/login/ HTTP/1.1" 302 0
[2026-07-25 13:57:10,134] INFO django.server "GET /dashboard/ HTTP/1.1" 200 7349
[2026-07-25 13:57:11,190] INFO django.server "GET /tournaments/judge/dashboard/ HTTP/1.1" 200 68844
[2026-07-25 13:57:12,403] INFO django.server "GET /tournaments/judge/fight/63/panel/ HTTP/1.1" 200 20330
[2026-07-25 13:57:15,771] INFO tournaments Бой #63 завершён. Победитель: Назар Гусев, метод: 
[2026-07-25 13:57:15,772] INFO django.server "POST /tournaments/judge/fight/63/panel/ HTTP/1.1" 302 0
[2026-07-25 13:57:15,822] INFO django.server "GET /tournaments/judge/dashboard/ HTTP/1.1" 200 69306
[2026-07-25 13:57:16,728] INFO django.server "GET /tournaments/judge/fight/65/panel/ HTTP/1.1" 200 20326
[2026-07-25 13:57:21,591] INFO tournaments Бой #65 завершён. Победитель: Даниил АХМЕТОВ, метод: knockout
[2026-07-25 13:57:21,592] INFO django.server "POST /tournaments/judge/fight/65/panel/ HTTP/1.1" 302 0
[2026-07-25 13:57:21,641] INFO django.server "GET /tournaments/judge/dashboard/ HTTP/1.1" 200 69390
[2026-07-25 13:58:21,939] INFO django.server "GET /tournaments/judge/fight/64/panel/ HTTP/1.1" 200 20342
[2026-07-25 13:58:29,437] INFO tournaments Бой #64 завершён. Победитель: Тихон Воробьёв, метод: knockout
[2026-07-25 13:58:29,438] INFO django.server "POST /tournaments/judge/fight/64/panel/ HTTP/1.1" 302 0
[2026-07-25 13:58:29,487] INFO django.server "GET /tournaments/judge/dashboard/ HTTP/1.1" 200 69468
[2026-07-25 13:58:30,634] INFO django.server "GET /tournaments/judge/fight/67/panel/ HTTP/1.1" 200 20334
[2026-07-25 13:58:31,927] INFO django.server "POST /tournaments/3/fight/67/timer/control/ HTTP/1.1" 200 86
[2026-07-25 13:58:32,094] INFO django.server "POST /tournaments/3/fight/67/timer/control/ HTTP/1.1" 200 86
[2026-07-25 13:58:38,036] INFO tournaments Бой #67 завершён. Победитель: Дмитрий Волков, метод: points
[2026-07-25 13:58:38,037] INFO django.server "POST /tournaments/judge/fight/67/panel/ HTTP/1.1" 302 0
[2026-07-25 13:58:38,087] INFO django.server "GET /tournaments/judge/dashboard/ HTTP/1.1" 200 69546
[2026-07-25 13:58:38,978] INFO django.server "GET /tournaments/judge/fight/66/panel/ HTTP/1.1" 200 20318
[2026-07-25 13:58:41,072] INFO tournaments Бой #66 завершён. Победитель: None, метод: 
[2026-07-25 13:58:41,073] INFO django.server "POST /tournaments/judge/fight/66/panel/ HTTP/1.1" 302 0
[2026-07-25 13:58:41,123] INFO django.server "GET /tournaments/judge/dashboard/ HTTP/1.1" 200 68878
[2026-07-25 13:58:51,582] INFO django.server "GET /tournaments/judge/fight/66/panel/ HTTP/1.1" 200 8906
[2026-07-25 13:58:53,307] INFO django.server "GET /tournaments/3/fights/ HTTP/1.1" 200 45255
[2026-07-25 13:58:54,701] INFO django.server "GET /users/logout/ HTTP/1.1" 302 0
[2026-07-25 13:58:54,710] INFO django.server "GET / HTTP/1.1" 200 8816
[2026-07-25 13:58:56,305] INFO django.server "GET /users/login/ HTTP/1.1" 200 5432
[2026-07-25 13:58:58,919] INFO django.server "POST /users/login/ HTTP/1.1" 302 0
[2026-07-25 13:58:58,929] INFO django.server "GET /dashboard/ HTTP/1.1" 200 10020
[2026-07-25 13:59:02,278] INFO django.server "GET /tournaments/ HTTP/1.1" 200 13254
[2026-07-25 13:59:03,391] INFO django.server "GET /tournaments/3/ HTTP/1.1" 200 11777
[2026-07-25 13:59:04,126] INFO django.server "GET /tournaments/3/bracket/8/ HTTP/1.1" 200 36943
[2026-07-27 00:00:27,529] INFO django.utils.autoreload Watching for file changes with StatReloader
[2026-07-27 00:00:29,670] INFO django.server "GET / HTTP/1.1" 200 13622
[2026-07-27 00:00:30,215] WARNING django.request Not Found: /favicon.ico
[2026-07-27 00:00:30,216] WARNING django.server "GET /favicon.ico HTTP/1.1" 404 3038
[2026-07-27 00:00:34,411] INFO django.server "GET /tournaments/fighters/ HTTP/1.1" 200 81658
[2026-07-27 00:00:35,239] INFO django.server "GET /tournaments/ HTTP/1.1" 200 13254
[2026-07-27 00:00:37,197] INFO django.server "GET /tournaments/3/ HTTP/1.1" 200 11767
[2026-07-27 00:00:39,561] INFO django.server "GET /tournaments/3/categories/ HTTP/1.1" 200 16390
[2026-07-27 00:00:49,483] INFO django.server "POST /tournaments/3/categories/ HTTP/1.1" 302 0
[2026-07-27 00:00:49,498] INFO django.server "GET /tournaments/3/categories/ HTTP/1.1" 200 16743
[2026-07-27 00:00:52,849] INFO django.server "GET /tournaments/ HTTP/1.1" 200 13254
[2026-07-27 00:00:54,019] INFO django.server "GET /tournaments/3/ HTTP/1.1" 200 11767
[2026-07-27 00:00:54,867] INFO django.server "GET /tournaments/3/bracket/8/ HTTP/1.1" 200 36473
[2026-07-27 00:01:00,361] INFO django.server "GET /tournaments/3/bracket/8/delete/ HTTP/1.1" 302 0
[2026-07-27 00:01:00,374] INFO django.server "GET /tournaments/3/ HTTP/1.1" 200 11663
[2026-07-27 00:01:03,196] INFO django.server "GET /tournaments/3/brackets/generate/ HTTP/1.1" 302 0
[2026-07-27 00:01:03,210] INFO django.server "GET /tournaments/3/ HTTP/1.1" 200 12504
[2026-07-27 00:01:04,185] INFO django.server "GET /tournaments/3/bracket/9/ HTTP/1.1" 200 540462
[2026-07-27 00:01:09,506] INFO django.server "GET /tournaments/3/categories/ HTTP/1.1" 200 16384
[2026-07-27 00:01:21,744] INFO django.server "POST /tournaments/3/categories/ HTTP/1.1" 302 0
[2026-07-27 00:01:21,760] INFO django.server "GET /tournaments/3/categories/ HTTP/1.1" 200 16745
[2026-07-27 00:01:30,682] INFO django.server "POST /tournaments/3/categories/ HTTP/1.1" 302 0
[2026-07-27 00:01:30,698] INFO django.server "GET /tournaments/3/categories/ HTTP/1.1" 200 16743
[2026-07-27 00:01:32,788] INFO django.server "GET /tournaments/3/categories/ HTTP/1.1" 200 16384
[2026-07-27 00:01:37,932] INFO django.server "POST /tournaments/3/categories/ HTTP/1.1" 302 0
[2026-07-27 00:01:37,945] INFO django.server "GET /tournaments/3/categories/ HTTP/1.1" 200 11103
[2026-07-27 00:01:54,864] INFO django.server "POST /tournaments/3/categories/ HTTP/1.1" 302 0
[2026-07-27 00:01:54,880] INFO django.server "GET /tournaments/3/categories/ HTTP/1.1" 200 16769
[2026-07-27 00:01:57,480] INFO django.server "GET /tournaments/ HTTP/1.1" 200 13254
[2026-07-27 00:02:01,105] INFO django.server "GET /tournaments/3/ HTTP/1.1" 200 11318
[2026-07-27 00:02:06,798] INFO django.server "GET / HTTP/1.1" 200 13622
[2026-07-27 00:02:08,903] INFO django.server "GET /tournaments/participants/ HTTP/1.1" 200 7217
[2026-07-27 00:02:10,826] INFO django.server "GET /tournaments/participants/?tournament=3 HTTP/1.1" 200 771764
[2026-07-27 00:02:13,577] INFO django.server "GET /tournaments/3/auto-assign/ HTTP/1.1" 302 0
[2026-07-27 00:02:13,703] INFO django.server "GET /tournaments/participants/?tournament=3 HTTP/1.1" 200 772337
[2026-07-27 00:02:15,967] INFO django.server "GET /tournaments/ HTTP/1.1" 200 13254
[2026-07-27 00:02:17,455] INFO django.server "GET /tournaments/3/ HTTP/1.1" 200 11319
[2026-07-27 00:02:18,872] INFO tournaments Генерация сетки #10: 11 участников, 4 раундов, 5 автопроходов
[2026-07-27 00:02:18,873] ERROR tournaments Ошибка генерации сетки #10: NOT NULL constraint failed: tournaments_fight.fighter1_id
Traceback (most recent call last):
  File "C:\Users\User\Downloads\Kimi_Agent_CombatTournamentPlatform_ исправления\combat_platform\venv\Lib\site-packages\django\db\backends\utils.py", line 105, in _execute
    return self.cursor.execute(sql, params)
           ~~~~~~~~~~~~~~~~~~~^^^^^^^^^^^^^
  File "C:\Users\User\Downloads\Kimi_Agent_CombatTournamentPlatform_ исправления\combat_platform\venv\Lib\site-packages\django\db\backends\sqlite3\base.py", line 329, in execute
    return super().execute(query, params)
           ~~~~~~~~~~~~~~~^^^^^^^^^^^^^^^
sqlite3.IntegrityError: NOT NULL constraint failed: tournaments_fight.fighter1_id

The above exception was the direct cause of the following exception:

Traceback (most recent call last):
  File "C:\Users\User\Downloads\Kimi_Agent_CombatTournamentPlatform_ исправления\combat_platform\tournaments\services\bracket_service.py", line 45, in generate_single_elimination
    fight = Fight.objects.create(
        tournament=bracket.tournament,
    ...<7 lines>...
        is_final=(r == total_rounds)
    )
  File "C:\Users\User\Downloads\Kimi_Agent_CombatTournamentPlatform_ исправления\combat_platform\venv\Lib\site-packages\django\db\models\manager.py", line 87, in manager_method
    return getattr(self.get_queryset(), name)(*args, **kwargs)
           ~~~~~~~~~~~~~~~~~~~~~~~~~~~~~~~~~~^^^^^^^^^^^^^^^^^
  File "C:\Users\User\Downloads\Kimi_Agent_CombatTournamentPlatform_ исправления\combat_platform\venv\Lib\site-packages\django\db\models\query.py", line 679, in create
    obj.save(force_insert=True, using=self.db)
    ~~~~~~~~^^^^^^^^^^^^^^^^^^^^^^^^^^^^^^^^^^
  File "C:\Users\User\Downloads\Kimi_Agent_CombatTournamentPlatform_ исправления\combat_platform\venv\Lib\site-packages\django\db\models\base.py", line 822, in save
    self.save_base(
    ~~~~~~~~~~~~~~^
        using=using,
        ^^^^^^^^^^^^
    ...<2 lines>...
        update_fields=update_fields,
        ^^^^^^^^^^^^^^^^^^^^^^^^^^^^
    )
    ^
  File "C:\Users\User\Downloads\Kimi_Agent_CombatTournamentPlatform_ исправления\combat_platform\venv\Lib\site-packages\django\db\models\base.py", line 909, in save_base
    updated = self._save_table(
        raw,
    ...<4 lines>...
        update_fields,
    )
  File "C:\Users\User\Downloads\Kimi_Agent_CombatTournamentPlatform_ исправления\combat_platform\venv\Lib\site-packages\django\db\models\base.py", line 1071, in _save_table
    results = self._do_insert(
        cls._base_manager, using, fields, returning_fields, raw
    )
  File "C:\Users\User\Downloads\Kimi_Agent_CombatTournamentPlatform_ исправления\combat_platform\venv\Lib\site-packages\django\db\models\base.py", line 1112, in _do_insert
    return manager._insert(
           ~~~~~~~~~~~~~~~^
        [self],
        ^^^^^^^
    ...<3 lines>...
        raw=raw,
        ^^^^^^^^
    )
    ^
  File "C:\Users\User\Downloads\Kimi_Agent_CombatTournamentPlatform_ исправления\combat_platform\venv\Lib\site-packages\django\db\models\manager.py", line 87, in manager_method
    return getattr(self.get_queryset(), name)(*args, **kwargs)
           ~~~~~~~~~~~~~~~~~~~~~~~~~~~~~~~~~~^^^^^^^^^^^^^^^^^
  File "C:\Users\User\Downloads\Kimi_Agent_CombatTournamentPlatform_ исправления\combat_platform\venv\Lib\site-packages\django\db\models\query.py", line 1847, in _insert
    return query.get_compiler(using=using).execute_sql(returning_fields)
           ~~~~~~~~~~~~~~~~~~~~~~~~~~~~~~~~~~~~~~~~~~~^^^^^^^^^^^^^^^^^^
  File "C:\Users\User\Downloads\Kimi_Agent_CombatTournamentPlatform_ исправления\combat_platform\venv\Lib\site-packages\django\db\models\sql\compiler.py", line 1823, in execute_sql
    cursor.execute(sql, params)
    ~~~~~~~~~~~~~~^^^^^^^^^^^^^
  File "C:\Users\User\Downloads\Kimi_Agent_CombatTournamentPlatform_ исправления\combat_platform\venv\Lib\site-packages\django\db\backends\utils.py", line 122, in execute
    return super().execute(sql, params)
           ~~~~~~~~~~~~~~~^^^^^^^^^^^^^
  File "C:\Users\User\Downloads\Kimi_Agent_CombatTournamentPlatform_ исправления\combat_platform\venv\Lib\site-packages\django\db\backends\utils.py", line 79, in execute
    return self._execute_with_wrappers(
           ~~~~~~~~~~~~~~~~~~~~~~~~~~~^
        sql, params, many=False, executor=self._execute
        ^^^^^^^^^^^^^^^^^^^^^^^^^^^^^^^^^^^^^^^^^^^^^^^
    )
    ^
  File "C:\Users\User\Downloads\Kimi_Agent_CombatTournamentPlatform_ исправления\combat_platform\venv\Lib\site-packages\django\db\backends\utils.py", line 92, in _execute_with_wrappers
    return executor(sql, params, many, context)
  File "C:\Users\User\Downloads\Kimi_Agent_CombatTournamentPlatform_ исправления\combat_platform\venv\Lib\site-packages\django\db\backends\utils.py", line 100, in _execute
    with self.db.wrap_database_errors:
         ^^^^^^^^^^^^^^^^^^^^^^^^^^^^
  File "C:\Users\User\Downloads\Kimi_Agent_CombatTournamentPlatform_ исправления\combat_platform\venv\Lib\site-packages\django\db\utils.py", line 91, in __exit__
    raise dj_exc_value.with_traceback(traceback) from exc_value
  File "C:\Users\User\Downloads\Kimi_Agent_CombatTournamentPlatform_ исправления\combat_platform\venv\Lib\site-packages\django\db\backends\utils.py", line 105, in _execute
    return self.cursor.execute(sql, params)
           ~~~~~~~~~~~~~~~~~~~^^^^^^^^^^^^^
  File "C:\Users\User\Downloads\Kimi_Agent_CombatTournamentPlatform_ исправления\combat_platform\venv\Lib\site-packages\django\db\backends\sqlite3\base.py", line 329, in execute
    return super().execute(query, params)
           ~~~~~~~~~~~~~~~^^^^^^^^^^^^^^^
django.db.utils.IntegrityError: NOT NULL constraint failed: tournaments_fight.fighter1_id
[2026-07-27 00:02:18,962] INFO django.server "GET /tournaments/3/brackets/generate/ HTTP/1.1" 302 0
[2026-07-27 00:02:18,976] INFO django.server "GET /tournaments/3/ HTTP/1.1" 200 12210
[2026-07-27 00:02:19,914] INFO django.server "GET /tournaments/3/bracket/10/ HTTP/1.1" 200 21806
[2026-07-27 00:02:29,837] INFO tournaments Генерация сетки #10: 11 участников, 4 раундов, 5 автопроходов
[2026-07-27 00:02:29,840] ERROR tournaments Ошибка генерации сетки #10: NOT NULL constraint failed: tournaments_fight.fighter1_id
Traceback (most recent call last):
  File "C:\Users\User\Downloads\Kimi_Agent_CombatTournamentPlatform_ исправления\combat_platform\venv\Lib\site-packages\django\db\backends\utils.py", line 105, in _execute
    return self.cursor.execute(sql, params)
           ~~~~~~~~~~~~~~~~~~~^^^^^^^^^^^^^
  File "C:\Users\User\Downloads\Kimi_Agent_CombatTournamentPlatform_ исправления\combat_platform\venv\Lib\site-packages\django\db\backends\sqlite3\base.py", line 329, in execute
    return super().execute(query, params)
           ~~~~~~~~~~~~~~~^^^^^^^^^^^^^^^
sqlite3.IntegrityError: NOT NULL constraint failed: tournaments_fight.fighter1_id

The above exception was the direct cause of the following exception:

Traceback (most recent call last):
  File "C:\Users\User\Downloads\Kimi_Agent_CombatTournamentPlatform_ исправления\combat_platform\tournaments\services\bracket_service.py", line 45, in generate_single_elimination
    fight = Fight.objects.create(
        tournament=bracket.tournament,
    ...<7 lines>...
        is_final=(r == total_rounds)
    )
  File "C:\Users\User\Downloads\Kimi_Agent_CombatTournamentPlatform_ исправления\combat_platform\venv\Lib\site-packages\django\db\models\manager.py", line 87, in manager_method
    return getattr(self.get_queryset(), name)(*args, **kwargs)
           ~~~~~~~~~~~~~~~~~~~~~~~~~~~~~~~~~~^^^^^^^^^^^^^^^^^
  File "C:\Users\User\Downloads\Kimi_Agent_CombatTournamentPlatform_ исправления\combat_platform\venv\Lib\site-packages\django\db\models\query.py", line 679, in create
    obj.save(force_insert=True, using=self.db)
    ~~~~~~~~^^^^^^^^^^^^^^^^^^^^^^^^^^^^^^^^^^
  File "C:\Users\User\Downloads\Kimi_Agent_CombatTournamentPlatform_ исправления\combat_platform\venv\Lib\site-packages\django\db\models\base.py", line 822, in save
    self.save_base(
    ~~~~~~~~~~~~~~^
        using=using,
        ^^^^^^^^^^^^
    ...<2 lines>...
        update_fields=update_fields,
        ^^^^^^^^^^^^^^^^^^^^^^^^^^^^
    )
    ^
  File "C:\Users\User\Downloads\Kimi_Agent_CombatTournamentPlatform_ исправления\combat_platform\venv\Lib\site-packages\django\db\models\base.py", line 909, in save_base
    updated = self._save_table(
        raw,
    ...<4 lines>...
        update_fields,
    )
  File "C:\Users\User\Downloads\Kimi_Agent_CombatTournamentPlatform_ исправления\combat_platform\venv\Lib\site-packages\django\db\models\base.py", line 1071, in _save_table
    results = self._do_insert(
        cls._base_manager, using, fields, returning_fields, raw
    )
  File "C:\Users\User\Downloads\Kimi_Agent_CombatTournamentPlatform_ исправления\combat_platform\venv\Lib\site-packages\django\db\models\base.py", line 1112, in _do_insert
    return manager._insert(
           ~~~~~~~~~~~~~~~^
        [self],
        ^^^^^^^
    ...<3 lines>...
        raw=raw,
        ^^^^^^^^
    )
    ^
  File "C:\Users\User\Downloads\Kimi_Agent_CombatTournamentPlatform_ исправления\combat_platform\venv\Lib\site-packages\django\db\models\manager.py", line 87, in manager_method
    return getattr(self.get_queryset(), name)(*args, **kwargs)
           ~~~~~~~~~~~~~~~~~~~~~~~~~~~~~~~~~~^^^^^^^^^^^^^^^^^
  File "C:\Users\User\Downloads\Kimi_Agent_CombatTournamentPlatform_ исправления\combat_platform\venv\Lib\site-packages\django\db\models\query.py", line 1847, in _insert
    return query.get_compiler(using=using).execute_sql(returning_fields)
           ~~~~~~~~~~~~~~~~~~~~~~~~~~~~~~~~~~~~~~~~~~~^^^^^^^^^^^^^^^^^^
  File "C:\Users\User\Downloads\Kimi_Agent_CombatTournamentPlatform_ исправления\combat_platform\venv\Lib\site-packages\django\db\models\sql\compiler.py", line 1823, in execute_sql
    cursor.execute(sql, params)
    ~~~~~~~~~~~~~~^^^^^^^^^^^^^
  File "C:\Users\User\Downloads\Kimi_Agent_CombatTournamentPlatform_ исправления\combat_platform\venv\Lib\site-packages\django\db\backends\utils.py", line 122, in execute
    return super().execute(sql, params)
           ~~~~~~~~~~~~~~~^^^^^^^^^^^^^
  File "C:\Users\User\Downloads\Kimi_Agent_CombatTournamentPlatform_ исправления\combat_platform\venv\Lib\site-packages\django\db\backends\utils.py", line 79, in execute
    return self._execute_with_wrappers(
           ~~~~~~~~~~~~~~~~~~~~~~~~~~~^
        sql, params, many=False, executor=self._execute
        ^^^^^^^^^^^^^^^^^^^^^^^^^^^^^^^^^^^^^^^^^^^^^^^
    )
    ^
  File "C:\Users\User\Downloads\Kimi_Agent_CombatTournamentPlatform_ исправления\combat_platform\venv\Lib\site-packages\django\db\backends\utils.py", line 92, in _execute_with_wrappers
    return executor(sql, params, many, context)
  File "C:\Users\User\Downloads\Kimi_Agent_CombatTournamentPlatform_ исправления\combat_platform\venv\Lib\site-packages\django\db\backends\utils.py", line 100, in _execute
    with self.db.wrap_database_errors:
         ^^^^^^^^^^^^^^^^^^^^^^^^^^^^
  File "C:\Users\User\Downloads\Kimi_Agent_CombatTournamentPlatform_ исправления\combat_platform\venv\Lib\site-packages\django\db\utils.py", line 91, in __exit__
    raise dj_exc_value.with_traceback(traceback) from exc_value
  File "C:\Users\User\Downloads\Kimi_Agent_CombatTournamentPlatform_ исправления\combat_platform\venv\Lib\site-packages\django\db\backends\utils.py", line 105, in _execute
    return self.cursor.execute(sql, params)
           ~~~~~~~~~~~~~~~~~~~^^^^^^^^^^^^^
  File "C:\Users\User\Downloads\Kimi_Agent_CombatTournamentPlatform_ исправления\combat_platform\venv\Lib\site-packages\django\db\backends\sqlite3\base.py", line 329, in execute
    return super().execute(query, params)
           ~~~~~~~~~~~~~~~^^^^^^^^^^^^^^^
django.db.utils.IntegrityError: NOT NULL constraint failed: tournaments_fight.fighter1_id
[2026-07-27 00:02:29,845] INFO django.server "GET /tournaments/3/brackets/generate/ HTTP/1.1" 302 0
[2026-07-27 00:02:29,858] INFO django.server "GET /tournaments/3/ HTTP/1.1" 200 12210
[2026-07-27 10:38:59,508] INFO django.utils.autoreload Watching for file changes with StatReloader
[2026-07-27 10:39:01,759] INFO django.server "GET / HTTP/1.1" 200 13622
[2026-07-27 10:39:02,237] WARNING django.request Not Found: /favicon.ico
[2026-07-27 10:39:02,238] WARNING django.server "GET /favicon.ico HTTP/1.1" 404 3038
[2026-07-27 10:39:03,446] INFO django.server "GET /tournaments/participants/ HTTP/1.1" 200 7217
[2026-07-27 10:39:05,055] INFO django.server "GET /tournaments/participants/?tournament=3 HTTP/1.1" 200 771611
[2026-07-27 10:39:09,014] INFO django.server "GET /tournaments/ HTTP/1.1" 200 13254
[2026-07-27 10:39:10,135] INFO django.server "GET /tournaments/3/ HTTP/1.1" 200 11782
[2026-07-27 10:39:11,728] INFO django.server "GET /tournaments/3/bracket/10/ HTTP/1.1" 200 21806
[2026-07-27 10:39:14,687] INFO django.server "GET /tournaments/3/bracket/10/ HTTP/1.1" 200 21806
[2026-07-27 10:39:16,065] INFO django.server "GET /tournaments/3/bracket/10/delete/ HTTP/1.1" 302 0
[2026-07-27 10:39:16,079] INFO django.server "GET /tournaments/3/ HTTP/1.1" 200 11666
[2026-07-27 10:39:17,940] INFO tournaments Генерация сетки #11: 11 участников, 4 раундов, 5 автопроходов
[2026-07-27 10:39:17,955] INFO django.server "GET /tournaments/3/brackets/generate/ HTTP/1.1" 302 0
[2026-07-27 10:39:17,970] INFO django.server "GET /tournaments/3/ HTTP/1.1" 200 12524
[2026-07-27 10:39:19,381] INFO django.server "GET /tournaments/3/bracket/11/ HTTP/1.1" 200 37219
[2026-07-27 10:39:57,994] INFO django.server "GET /tournaments/3/bracket/11/ HTTP/1.1" 200 37219
[2026-07-27 10:39:59,682] INFO django.server "GET /tournaments/3/bracket/11/delete/ HTTP/1.1" 302 0
[2026-07-27 10:39:59,697] INFO django.server "GET /tournaments/3/ HTTP/1.1" 200 11666
[2026-07-27 10:40:02,351] INFO django.server "GET /tournaments/3/categories/ HTTP/1.1" 200 16396
[2026-07-27 10:40:09,687] INFO django.server "POST /tournaments/3/categories/ HTTP/1.1" 302 0
[2026-07-27 10:40:09,702] INFO django.server "GET /tournaments/3/categories/ HTTP/1.1" 200 16751
[2026-07-27 10:40:11,153] INFO django.server "GET /tournaments/3/categories/ HTTP/1.1" 200 16392
[2026-07-27 10:40:15,753] INFO django.server "GET /tournaments/3/brackets/generate/ HTTP/1.1" 302 0
[2026-07-27 10:40:15,767] INFO django.server "GET /tournaments/3/ HTTP/1.1" 200 12545
[2026-07-27 10:40:16,731] INFO django.server "GET /tournaments/3/bracket/12/ HTTP/1.1" 200 645927
[2026-07-27 10:40:26,730] INFO django.server "GET /tournaments/3/fights/ HTTP/1.1" 200 58966
[2026-07-27 10:40:29,654] INFO django.server "GET /tournaments/3/fights/?page=2 HTTP/1.1" 200 59130
[2026-07-27 10:51:56,253] INFO django.utils.autoreload Watching for file changes with StatReloader
[2026-07-27 10:52:16,030] INFO django.server "GET / HTTP/1.1" 200 13622
[2026-07-27 10:52:17,760] INFO django.server "GET /tournaments/participants/ HTTP/1.1" 200 7217
[2026-07-27 10:52:21,749] INFO django.server "GET /tournaments/participants/?tournament=3 HTTP/1.1" 200 771611
[2026-07-27 10:52:23,893] INFO django.server "GET /tournaments/ HTTP/1.1" 200 13254
[2026-07-27 10:52:25,237] INFO django.server "GET /tournaments/3/ HTTP/1.1" 200 11779
[2026-07-27 10:52:26,684] INFO django.server "GET /tournaments/3/bracket/12/ HTTP/1.1" 200 645927
[2026-07-27 10:52:30,439] INFO django.server "GET /tournaments/3/bracket/12/delete/ HTTP/1.1" 302 0
[2026-07-27 10:52:30,454] INFO django.server "GET /tournaments/3/ HTTP/1.1" 200 11666
[2026-07-27 10:52:33,297] INFO django.server "GET /tournaments/3/brackets/generate/ HTTP/1.1" 302 0
[2026-07-27 10:52:33,313] INFO django.server "GET /tournaments/3/ HTTP/1.1" 200 12547
[2026-07-27 10:52:34,273] INFO django.server "GET /tournaments/3/bracket/13/ HTTP/1.1" 200 645927
[2026-07-27 10:52:39,439] INFO django.server "GET /tournaments/3/bracket/13/ HTTP/1.1" 200 645927
[2026-07-27 10:52:40,581] INFO django.server "GET /tournaments/3/bracket/13/delete/ HTTP/1.1" 302 0
[2026-07-27 10:52:40,596] INFO django.server "GET /tournaments/3/ HTTP/1.1" 200 11668
[2026-07-27 10:52:44,952] INFO django.server "GET /tournaments/3/categories/ HTTP/1.1" 200 16392
[2026-07-27 10:52:55,582] INFO django.server "POST /tournaments/3/categories/ HTTP/1.1" 302 0
[2026-07-27 10:52:55,597] INFO django.server "GET /tournaments/3/categories/ HTTP/1.1" 200 16755
[2026-07-27 10:52:58,292] INFO django.server "GET /tournaments/3/categories/ HTTP/1.1" 200 16396
[2026-07-27 10:53:00,960] INFO tournaments Генерация сетки #14: 11 участников, 4 раундов, 5 автопроходов
[2026-07-27 10:53:00,976] INFO django.server "GET /tournaments/3/brackets/generate/ HTTP/1.1" 302 0
[2026-07-27 10:53:00,992] INFO django.server "GET /tournaments/3/ HTTP/1.1" 200 12526
[2026-07-27 10:53:01,856] INFO django.server "GET /tournaments/3/bracket/14/ HTTP/1.1" 200 36204
[2026-07-27 10:53:05,402] INFO django.server "GET /tournaments/3/bracket/14/delete/ HTTP/1.1" 302 0
[2026-07-27 10:53:05,418] INFO django.server "GET /tournaments/3/ HTTP/1.1" 200 11668
[2026-07-27 10:53:08,244] INFO django.server "GET /tournaments/3/categories/ HTTP/1.1" 200 16396
[2026-07-27 10:53:10,913] INFO django.server "POST /tournaments/3/categories/ HTTP/1.1" 302 0
[2026-07-27 10:53:10,926] INFO django.server "GET /tournaments/3/categories/ HTTP/1.1" 200 11105
[2026-07-27 10:53:35,873] INFO django.server "POST /tournaments/3/categories/ HTTP/1.1" 302 0
[2026-07-27 10:53:35,887] INFO django.server "GET /tournaments/3/categories/ HTTP/1.1" 200 16801
[2026-07-27 10:53:38,905] INFO django.server "GET /tournaments/3/ HTTP/1.1" 200 11328
[2026-07-27 10:53:40,016] INFO django.server "GET /tournaments/3/brackets/generate/ HTTP/1.1" 302 0
[2026-07-27 10:53:40,024] INFO django.server "GET /tournaments/participants/ HTTP/1.1" 200 7642
[2026-07-27 10:53:43,116] INFO django.server "GET /tournaments/participants/?tournament=3 HTTP/1.1" 200 772140
[2026-07-27 10:53:45,581] INFO django.server "GET /tournaments/fighters/ HTTP/1.1" 200 81658
[2026-07-27 10:53:45,894] INFO django.server "GET /tournaments/ HTTP/1.1" 200 13256
[2026-07-27 10:53:46,978] INFO django.server "GET /tournaments/3/ HTTP/1.1" 200 11328
[2026-07-27 10:53:47,920] INFO django.server "GET /tournaments/3/brackets/generate/ HTTP/1.1" 302 0
[2026-07-27 10:53:47,926] INFO django.server "GET /tournaments/participants/ HTTP/1.1" 200 7642
[2026-07-27 10:53:52,902] INFO django.server "GET /tournaments/ HTTP/1.1" 200 13256
[2026-07-27 10:53:53,336] INFO django.server "GET /tournaments/fighters/ HTTP/1.1" 200 81658
[2026-07-27 10:53:57,423] INFO django.server "GET /tournaments/participants/ HTTP/1.1" 200 7217
[2026-07-27 10:53:59,749] INFO django.server "GET /tournaments/participants/?tournament=3 HTTP/1.1" 200 772140
[2026-07-27 10:54:01,637] INFO django.server "GET /tournaments/3/auto-assign/ HTTP/1.1" 302 0
[2026-07-27 10:54:01,761] INFO django.server "GET /tournaments/participants/?tournament=3 HTTP/1.1" 200 772801
[2026-07-27 10:54:03,661] INFO django.server "GET /tournaments/ HTTP/1.1" 200 13256
[2026-07-27 10:54:05,109] INFO django.server "GET /tournaments/3/ HTTP/1.1" 200 11329
[2026-07-27 10:54:06,390] INFO tournaments Генерация сетки #15: 11 участников, 4 раундов, 5 автопроходов
[2026-07-27 10:54:06,405] INFO django.server "GET /tournaments/3/brackets/generate/ HTTP/1.1" 302 0
[2026-07-27 10:54:06,422] INFO django.server "GET /tournaments/3/ HTTP/1.1" 200 12550
[2026-07-27 10:54:07,415] INFO django.server "GET /tournaments/3/bracket/15/ HTTP/1.1" 200 36228
[2026-07-27 10:58:19,644] INFO django.utils.autoreload C:\Users\User\Downloads\Kimi_Agent_CombatTournamentPlatform_ исправления\combat_platform\tournaments\services\bracket_service.py changed, reloading.
[2026-07-27 10:58:20,197] INFO django.utils.autoreload Watching for file changes with StatReloader
[2026-07-27 10:58:36,225] INFO django.utils.autoreload Watching for file changes with StatReloader
[2026-07-27 10:58:37,659] INFO django.server "GET / HTTP/1.1" 200 13622
[2026-07-27 10:58:40,138] INFO django.server "GET /tournaments/participants/ HTTP/1.1" 200 7217
[2026-07-27 10:58:41,963] INFO django.server "GET /tournaments/participants/?tournament=3 HTTP/1.1" 200 772075
[2026-07-27 10:58:44,298] INFO django.server "GET /tournaments/3/categories/ HTTP/1.1" 200 16420
[2026-07-27 10:58:50,588] INFO django.server "POST /tournaments/3/categories/ HTTP/1.1" 302 0
[2026-07-27 10:58:50,601] INFO django.server "GET /tournaments/3/categories/ HTTP/1.1" 200 11113
[2026-07-27 10:59:04,830] INFO django.server "POST /tournaments/3/categories/ HTTP/1.1" 302 0
[2026-07-27 10:59:04,845] INFO django.server "GET /tournaments/3/categories/ HTTP/1.1" 200 16793
[2026-07-27 10:59:06,531] INFO django.server "GET /tournaments/ HTTP/1.1" 200 13256
[2026-07-27 10:59:07,613] INFO django.server "GET /tournaments/3/ HTTP/1.1" 200 11326
[2026-07-27 10:59:08,778] INFO django.server "GET /tournaments/3/brackets/generate/ HTTP/1.1" 302 0
[2026-07-27 10:59:08,785] INFO django.server "GET /tournaments/participants/ HTTP/1.1" 200 7642
[2026-07-27 10:59:11,696] INFO django.server "GET /tournaments/ HTTP/1.1" 200 13256
[2026-07-27 10:59:13,002] INFO django.server "GET /tournaments/3/ HTTP/1.1" 200 11326
[2026-07-27 10:59:16,028] INFO django.server "GET /tournaments/fighters/ HTTP/1.1" 200 81658
[2026-07-27 10:59:17,929] INFO django.server "GET /tournaments/participants/ HTTP/1.1" 200 7217
[2026-07-27 10:59:19,581] INFO django.server "GET /tournaments/participants/?tournament=3 HTTP/1.1" 200 772046
[2026-07-27 10:59:20,566] INFO django.server "GET /tournaments/3/auto-assign/ HTTP/1.1" 302 0
[2026-07-27 10:59:20,692] INFO django.server "GET /tournaments/participants/?tournament=3 HTTP/1.1" 200 772685
[2026-07-27 10:59:22,744] INFO django.server "GET /tournaments/ HTTP/1.1" 200 13256
[2026-07-27 10:59:24,337] INFO django.server "GET /tournaments/3/ HTTP/1.1" 200 11327
[2026-07-27 10:59:25,225] INFO tournaments Генерация сетки #16: 11 участников, 4 раундов, 5 автопроходов
[2026-07-27 10:59:25,240] INFO django.server "GET /tournaments/3/brackets/generate/ HTTP/1.1" 302 0
[2026-07-27 10:59:25,257] INFO django.server "GET /tournaments/3/ HTTP/1.1" 200 12544
[2026-07-27 10:59:26,128] INFO django.server "GET /tournaments/3/bracket/16/ HTTP/1.1" 200 36222
[2026-07-27 10:59:33,086] INFO django.server "GET /tournaments/3/fights/ HTTP/1.1" 200 59336
[2026-07-27 10:59:40,469] INFO django.server "GET /tournaments/3/fight/69/assign-judge/ HTTP/1.1" 200 7957
[2026-07-27 10:59:43,330] INFO django.server "POST /tournaments/3/fight/69/assign-judge/ HTTP/1.1" 302 0
[2026-07-27 10:59:43,349] INFO django.server "GET /tournaments/3/fights/ HTTP/1.1" 200 59400
[2026-07-27 10:59:45,425] INFO django.server "GET /tournaments/3/fight/124/assign-judge/ HTTP/1.1" 200 7955
[2026-07-27 10:59:48,010] INFO django.server "POST /tournaments/3/fight/124/assign-judge/ HTTP/1.1" 302 0
[2026-07-27 10:59:48,033] INFO django.server "GET /tournaments/3/fights/ HTTP/1.1" 200 59102
[2026-07-27 10:59:49,968] INFO django.server "GET /tournaments/3/fight/139/assign-judge/ HTTP/1.1" 200 7961
[2026-07-27 10:59:51,865] INFO django.server "POST /tournaments/3/fight/139/assign-judge/ HTTP/1.1" 302 0
[2026-07-27 10:59:51,888] INFO django.server "GET /tournaments/3/fights/ HTTP/1.1" 200 58804
[2026-07-27 11:00:01,542] INFO django.server "GET /tournaments/3/fight/194/assign-judge/ HTTP/1.1" 200 7965
[2026-07-27 11:00:05,495] INFO django.server "POST /tournaments/3/fight/194/assign-judge/ HTTP/1.1" 302 0
[2026-07-27 11:00:05,515] INFO django.server "GET /tournaments/3/fights/ HTTP/1.1" 200 58506
[2026-07-27 11:00:10,238] INFO django.server "GET /tournaments/3/fight/249/assign-judge/ HTTP/1.1" 200 7951
[2026-07-27 11:00:12,191] INFO django.server "POST /tournaments/3/fight/249/assign-judge/ HTTP/1.1" 302 0
[2026-07-27 11:00:12,210] INFO django.server "GET /tournaments/3/fights/ HTTP/1.1" 200 58208
[2026-07-27 11:00:13,468] INFO django.server "GET /tournaments/3/fight/264/assign-judge/ HTTP/1.1" 200 7963
[2026-07-27 11:00:15,353] INFO django.server "POST /tournaments/3/fight/264/assign-judge/ HTTP/1.1" 302 0
[2026-07-27 11:00:15,373] INFO django.server "GET /tournaments/3/fights/ HTTP/1.1" 200 57910
[2026-07-27 11:00:16,327] INFO django.server "GET /tournaments/judge/fight/279/panel/ HTTP/1.1" 302 0
[2026-07-27 11:00:16,336] INFO django.server "GET / HTTP/1.1" 200 13984
[2026-07-27 11:00:18,811] INFO django.server "GET /users/logout/ HTTP/1.1" 302 0
[2026-07-27 11:00:18,821] INFO django.server "GET / HTTP/1.1" 200 8816
[2026-07-27 11:00:20,240] INFO django.server "GET /users/login/ HTTP/1.1" 200 5432
[2026-07-27 11:00:24,055] INFO django.server "POST /users/login/ HTTP/1.1" 302 0
[2026-07-27 11:00:24,076] INFO django.server "GET /dashboard/ HTTP/1.1" 200 7349
[2026-07-27 11:00:25,309] INFO django.server "GET /tournaments/judge/dashboard/ HTTP/1.1" 200 74091
[2026-07-27 11:00:27,564] INFO django.server "GET /tournaments/judge/fight/69/panel/ HTTP/1.1" 200 20316
[2026-07-27 11:00:34,656] INFO django.server "POST /tournaments/3/fight/69/timer/control/ HTTP/1.1" 200 86
[2026-07-27 11:00:35,055] INFO django.server "POST /tournaments/3/fight/69/timer/control/ HTTP/1.1" 200 86
[2026-07-27 11:00:35,993] INFO tournaments Бой #69 завершён. Победитель: Дмитрий Волков, метод: points
[2026-07-27 11:00:35,993] INFO django.server "POST /tournaments/judge/fight/69/panel/ HTTP/1.1" 302 0
[2026-07-27 11:00:36,045] INFO django.server "GET /tournaments/judge/dashboard/ HTTP/1.1" 200 74566
[2026-07-27 11:00:37,252] INFO django.server "GET /tournaments/judge/fight/124/panel/ HTTP/1.1" 200 20313
[2026-07-27 11:00:40,703] INFO django.server "POST /tournaments/3/fight/124/timer/control/ HTTP/1.1" 200 86
[2026-07-27 11:00:43,777] INFO tournaments Бой #124 завершён. Победитель: Тамерлан Дмитриев, метод: knockout
[2026-07-27 11:00:43,783] INFO django.server "POST /tournaments/judge/fight/124/panel/ HTTP/1.1" 302 0
[2026-07-27 11:00:43,834] INFO django.server "GET /tournaments/judge/dashboard/ HTTP/1.1" 200 74657
[2026-07-27 11:00:45,194] INFO django.server "GET /tournaments/judge/fight/249/panel/ HTTP/1.1" 200 20305
[2026-07-27 11:00:48,391] INFO tournaments Бой #249 завершён. Победитель: Фёдор Белов, метод: points
[2026-07-27 11:00:48,396] INFO django.server "POST /tournaments/judge/fight/249/panel/ HTTP/1.1" 302 0
[2026-07-27 11:00:48,448] INFO django.server "GET /tournaments/judge/dashboard/ HTTP/1.1" 200 74718
[2026-07-27 11:00:49,482] INFO django.server "GET /tournaments/judge/fight/194/panel/ HTTP/1.1" 200 20333
[2026-07-27 11:00:53,046] INFO tournaments Бой #194 завершён. Победитель: Владислав Ковалёв, метод: disqualification
[2026-07-27 11:00:53,047] INFO django.server "POST /tournaments/judge/fight/194/panel/ HTTP/1.1" 302 0
[2026-07-27 11:00:53,099] INFO django.server "GET /tournaments/judge/dashboard/ HTTP/1.1" 200 74815
[2026-07-27 11:00:54,089] INFO django.server "GET /tournaments/judge/fight/139/panel/ HTTP/1.1" 200 20325
[2026-07-27 11:00:57,595] INFO tournaments Бой #139 завершён. Победитель: Владислав Ковалёв, метод: knockout
[2026-07-27 11:00:57,596] INFO django.server "POST /tournaments/judge/fight/139/panel/ HTTP/1.1" 302 0
[2026-07-27 11:00:57,650] INFO django.server "GET /tournaments/judge/dashboard/ HTTP/1.1" 200 74900
[2026-07-27 11:00:58,889] INFO django.server "GET /tournaments/judge/fight/264/panel/ HTTP/1.1" 200 20329
[2026-07-27 11:01:02,130] INFO tournaments Бой #264 завершён. Победитель: Тамерлан Дмитриев, метод: submission
[2026-07-27 11:01:02,136] INFO django.server "POST /tournaments/judge/fight/264/panel/ HTTP/1.1" 302 0
[2026-07-27 11:01:02,188] INFO django.server "GET /tournaments/judge/dashboard/ HTTP/1.1" 200 74287
[2026-07-27 11:01:05,076] INFO django.server "GET /users/logout/ HTTP/1.1" 302 0
[2026-07-27 11:01:05,087] INFO django.server "GET / HTTP/1.1" 200 8816
[2026-07-27 11:01:07,088] INFO django.server "GET /users/login/ HTTP/1.1" 200 5432
[2026-07-27 11:01:09,369] INFO django.server "POST /users/login/ HTTP/1.1" 302 0
[2026-07-27 11:01:09,379] INFO django.server "GET /dashboard/ HTTP/1.1" 200 10020
[2026-07-27 11:01:11,945] INFO django.server "GET /tournaments/participants/ HTTP/1.1" 200 7217
[2026-07-27 11:01:13,889] INFO django.server "GET /tournaments/participants/?tournament=3 HTTP/1.1" 200 771959
[2026-07-27 11:01:16,392] INFO django.server "GET /tournaments/ HTTP/1.1" 200 13256
[2026-07-27 11:01:17,505] INFO django.server "GET /tournaments/3/ HTTP/1.1" 200 11797
[2026-07-27 11:01:18,480] INFO django.server "GET /tournaments/3/bracket/16/ HTTP/1.1" 200 36222
[2026-07-27 11:01:59,587] INFO tournaments === advance_winners: сетка #16, текущий раунд 1 ===
[2026-07-27 11:01:59,588] INFO tournaments Всего боёв в раунде 1: 8
[2026-07-27 11:01:59,590] INFO tournaments Завершённых обычных: 0, BYE: 5, всего эффективно завершённых: 5
[2026-07-27 11:01:59,591] INFO django.server "GET /tournaments/3/brackets/advance/ HTTP/1.1" 302 0
[2026-07-27 11:01:59,606] INFO django.server "GET /tournaments/3/ HTTP/1.1" 200 12571
[2026-07-27 11:02:03,210] INFO django.server "GET /tournaments/3/bracket/16/ HTTP/1.1" 200 36222
[2026-07-27 11:05:56,701] INFO django.utils.autoreload Watching for file changes with StatReloader
[2026-07-27 11:05:58,093] INFO django.server "GET / HTTP/1.1" 200 13622
[2026-07-27 11:05:59,795] INFO django.server "GET /tournaments/participants/ HTTP/1.1" 200 7217
[2026-07-27 11:06:01,692] INFO django.server "GET /tournaments/participants/?tournament=3 HTTP/1.1" 200 771959
[2026-07-27 11:06:03,536] INFO django.server "GET /tournaments/ HTTP/1.1" 200 13256
[2026-07-27 11:06:04,932] INFO django.server "GET /tournaments/3/ HTTP/1.1" 200 11797
[2026-07-27 11:06:07,286] INFO django.server "GET /tournaments/3/bracket/16/ HTTP/1.1" 200 36222
[2026-07-27 11:06:08,220] INFO django.server "GET /tournaments/3/bracket/16/delete/ HTTP/1.1" 302 0
[2026-07-27 11:06:08,236] INFO django.server "GET /tournaments/3/ HTTP/1.1" 200 11674
[2026-07-27 11:06:09,331] INFO tournaments Сетка #17: 11 участников, 4 раундов, BYE в 1-м раунде: True
[2026-07-27 11:06:09,335] INFO django.server "GET /tournaments/3/brackets/generate/ HTTP/1.1" 302 0
[2026-07-27 11:06:09,352] INFO django.server "GET /tournaments/3/ HTTP/1.1" 200 12544
[2026-07-27 11:06:10,232] INFO django.server "GET /tournaments/3/bracket/17/ HTTP/1.1" 200 27485
[2026-07-27 11:06:15,916] INFO django.server "GET /tournaments/3/fights/ HTTP/1.1" 200 58817
[2026-07-27 11:06:18,578] INFO django.server "GET /tournaments/3/fight/279/assign-judge/ HTTP/1.1" 200 7953
[2026-07-27 11:06:21,135] INFO django.server "POST /tournaments/3/fight/279/assign-judge/ HTTP/1.1" 302 0
[2026-07-27 11:06:21,155] INFO django.server "GET /tournaments/3/fights/ HTTP/1.1" 200 58623
[2026-07-27 11:06:28,057] INFO django.server "GET /tournaments/3/fights/?page=2 HTTP/1.1" 200 58665
[2026-07-27 11:06:31,512] INFO django.server "GET /users/logout/ HTTP/1.1" 302 0
[2026-07-27 11:06:31,523] INFO django.server "GET / HTTP/1.1" 200 8816
[2026-07-27 11:06:32,666] INFO django.server "GET /users/login/ HTTP/1.1" 200 5432
[2026-07-27 11:06:35,664] INFO django.server "POST /users/login/ HTTP/1.1" 302 0
[2026-07-27 11:06:35,675] INFO django.server "GET /dashboard/ HTTP/1.1" 200 7349
[2026-07-27 11:06:36,817] INFO django.server "GET /tournaments/judge/dashboard/ HTTP/1.1" 200 91316
[2026-07-27 11:06:42,846] INFO django.server "GET /tournaments/judge/dashboard/ HTTP/1.1" 200 91316
[2026-07-27 11:06:55,835] INFO django.server "GET /users/logout/ HTTP/1.1" 302 0
[2026-07-27 11:06:55,844] INFO django.server "GET / HTTP/1.1" 200 8816
[2026-07-27 11:06:57,473] INFO django.server "GET / HTTP/1.1" 200 8459
[2026-07-27 11:06:58,086] INFO django.server "GET /tournaments/ HTTP/1.1" 200 10979
[2026-07-27 11:06:59,254] INFO django.server "GET /tournaments/3/ HTTP/1.1" 200 7683
[2026-07-27 11:07:04,949] INFO django.server "GET /users/login/ HTTP/1.1" 200 5432
[2026-07-27 11:07:07,626] INFO django.server "POST /users/login/ HTTP/1.1" 302 0
[2026-07-27 11:07:07,635] INFO django.server "GET /dashboard/ HTTP/1.1" 200 10020
[2026-07-27 11:07:08,728] INFO django.server "GET /tournaments/participants/ HTTP/1.1" 200 7217
[2026-07-27 11:07:10,742] INFO django.server "GET /tournaments/participants/?tournament=3 HTTP/1.1" 200 771959
[2026-07-27 11:07:12,480] INFO django.server "GET /tournaments/3/auto-assign/ HTTP/1.1" 302 0
[2026-07-27 11:07:12,607] INFO django.server "GET /tournaments/participants/?tournament=3 HTTP/1.1" 200 772337
[2026-07-27 11:07:14,325] INFO django.server "GET /tournaments/3/categories/ HTTP/1.1" 200 16414
[2026-07-27 11:07:19,947] INFO django.server "POST /tournaments/3/categories/ HTTP/1.1" 302 0
[2026-07-27 11:07:19,960] INFO django.server "GET /tournaments/3/categories/ HTTP/1.1" 200 11111
[2026-07-27 11:07:32,125] INFO django.server "POST /tournaments/3/categories/ HTTP/1.1" 302 0
[2026-07-27 11:07:32,139] INFO django.server "GET /tournaments/3/categories/ HTTP/1.1" 200 16761
[2026-07-27 11:07:33,505] INFO django.server "GET /tournaments/ HTTP/1.1" 200 13256
[2026-07-27 11:07:34,490] INFO django.server "GET /tournaments/3/ HTTP/1.1" 200 11318
[2026-07-27 11:07:35,386] INFO django.server "GET /tournaments/3/brackets/generate/ HTTP/1.1" 302 0
[2026-07-27 11:07:35,394] INFO django.server "GET /tournaments/participants/ HTTP/1.1" 200 7642
[2026-07-27 11:07:38,855] INFO django.server "GET /tournaments/participants/?tournament=3 HTTP/1.1" 200 771670
[2026-07-27 11:07:41,010] INFO django.server "GET /tournaments/3/auto-assign/ HTTP/1.1" 302 0
[2026-07-27 11:07:41,139] INFO django.server "GET /tournaments/participants/?tournament=3 HTTP/1.1" 200 772221
[2026-07-27 11:07:42,462] INFO django.server "GET / HTTP/1.1" 200 13622
[2026-07-27 11:07:43,159] INFO django.server "GET /tournaments/ HTTP/1.1" 200 13256
[2026-07-27 11:07:44,498] INFO django.server "GET /tournaments/3/ HTTP/1.1" 200 11319
[2026-07-27 11:07:45,493] INFO tournaments Сетка #18: 11 участников, 4 раундов, BYE в 1-м раунде: True
[2026-07-27 11:07:45,497] INFO django.server "GET /tournaments/3/brackets/generate/ HTTP/1.1" 302 0
[2026-07-27 11:07:45,515] INFO django.server "GET /tournaments/3/ HTTP/1.1" 200 12520
[2026-07-27 11:07:46,280] INFO django.server "GET /tournaments/3/bracket/18/ HTTP/1.1" 200 27461
[2026-07-27 11:07:50,083] INFO django.server "GET /tournaments/3/fights/ HTTP/1.1" 200 58221
[2026-07-27 11:07:56,188] INFO django.server "POST /tournaments/3/fight/279/delete/ HTTP/1.1" 302 0
[2026-07-27 11:07:56,207] INFO django.server "GET /tournaments/3/fights/ HTTP/1.1" 200 58862
[2026-07-27 11:07:57,890] INFO django.server "GET /tournaments/3/fights/?page=2 HTTP/1.1" 200 58750
[2026-07-27 11:08:02,012] INFO django.server "GET /tournaments/3/fights/?page=3 HTTP/1.1" 200 58683
[2026-07-27 11:08:06,637] INFO django.server "GET /tournaments/3/fights/?status=scheduled HTTP/1.1" 200 58822
[2026-07-27 11:08:21,911] INFO django.server "GET /tournaments/3/fight/303/assign-judge/ HTTP/1.1" 200 7955
[2026-07-27 11:08:26,541] INFO django.server "GET /dashboard/ HTTP/1.1" 200 10020
[2026-07-27 11:08:27,771] INFO django.server "GET /tournaments/participants/ HTTP/1.1" 200 7217
[2026-07-27 11:08:29,217] INFO django.server "GET /tournaments/participants/?tournament=1 HTTP/1.1" 200 10716
[2026-07-27 11:08:31,089] INFO django.server "GET /tournaments/participants/?tournament=3&search=&status= HTTP/1.1" 200 771495
[2026-07-27 11:08:39,517] INFO django.server "GET /tournaments/judges/ HTTP/1.1" 200 8971
[2026-07-27 11:08:42,184] INFO django.server "GET /tournaments/judges/ HTTP/1.1" 200 8971
[2026-07-27 11:08:43,726] INFO django.server "GET /tournaments/judges/add/ HTTP/1.1" 200 9939
[2026-07-27 11:09:12,659] INFO django.server "POST /tournaments/judges/add/ HTTP/1.1" 302 0
[2026-07-27 11:09:12,667] INFO django.server "GET /tournaments/judges/ HTTP/1.1" 200 10359
[2026-07-27 11:09:15,358] INFO django.server "GET /users/logout/ HTTP/1.1" 302 0
[2026-07-27 11:09:15,368] INFO django.server "GET / HTTP/1.1" 200 8816
[2026-07-27 11:09:16,770] INFO django.server "GET /users/login/ HTTP/1.1" 200 5432
[2026-07-27 11:09:18,736] INFO django.server "POST /users/login/ HTTP/1.1" 302 0
[2026-07-27 11:09:18,745] INFO django.server "GET /dashboard/ HTTP/1.1" 200 7347
[2026-07-27 11:09:19,841] INFO django.server "GET /tournaments/judge/dashboard/ HTTP/1.1" 200 6650
[2026-07-27 11:09:21,631] INFO django.server "GET /users/logout/ HTTP/1.1" 302 0
[2026-07-27 11:09:21,641] INFO django.server "GET / HTTP/1.1" 200 8816
[2026-07-27 11:09:22,369] INFO django.server "GET /users/login/ HTTP/1.1" 200 5432
[2026-07-27 11:09:24,734] INFO django.server "POST /users/login/ HTTP/1.1" 302 0
[2026-07-27 11:09:24,744] INFO django.server "GET /dashboard/ HTTP/1.1" 200 10020
[2026-07-27 11:09:27,163] INFO django.server "GET /tournaments/participants/ HTTP/1.1" 200 7217
[2026-07-27 11:09:28,411] INFO django.server "GET /tournaments/ HTTP/1.1" 200 13256
[2026-07-27 11:09:29,610] INFO django.server "GET /tournaments/3/ HTTP/1.1" 200 11781
[2026-07-27 11:09:30,493] INFO django.server "GET /tournaments/3/fights/ HTTP/1.1" 200 58521
[2026-07-27 11:09:36,333] INFO django.server "GET /tournaments/3/fights/?page=2 HTTP/1.1" 200 58750
[2026-07-27 11:09:40,875] INFO django.server "POST /tournaments/3/fight/296/delete/ HTTP/1.1" 302 0
[2026-07-27 11:09:40,894] INFO django.server "GET /tournaments/3/fights/ HTTP/1.1" 200 58862
[2026-07-27 11:09:43,116] INFO django.server "POST /tournaments/3/fight/300/delete/ HTTP/1.1" 302 0
[2026-07-27 11:09:43,135] INFO django.server "GET /tournaments/3/fights/ HTTP/1.1" 200 58864
[2026-07-27 11:09:45,125] INFO django.server "POST /tournaments/3/fight/294/delete/ HTTP/1.1" 302 0
[2026-07-27 11:09:45,147] INFO django.server "GET /tournaments/3/fights/ HTTP/1.1" 200 59168
[2026-07-27 11:09:49,487] INFO django.server "POST /tournaments/3/fight/70/delete/ HTTP/1.1" 302 0
[2026-07-27 11:09:49,509] INFO django.server "GET /tournaments/3/fights/ HTTP/1.1" 200 59169
[2026-07-27 11:09:54,859] INFO django.server "GET /tournaments/3/fights/?page=2 HTTP/1.1" 200 58793
[2026-07-27 11:09:56,762] INFO django.server "GET /tournaments/3/fights/?page=3 HTTP/1.1" 200 58843
[2026-07-27 11:10:08,966] INFO django.server "GET /dashboard/ HTTP/1.1" 200 10020
[2026-07-27 11:10:10,516] INFO django.server "GET /tournaments/participants/ HTTP/1.1" 200 7217
[2026-07-27 11:10:12,148] INFO django.server "GET /tournaments/participants/?tournament=3 HTTP/1.1" 200 771495
[2026-07-27 11:10:14,895] INFO django.server "GET /tournaments/fighters/ HTTP/1.1" 200 81658
[2026-07-27 11:10:16,300] INFO django.server "GET /tournaments/participants/ HTTP/1.1" 200 7217
[2026-07-27 11:10:18,409] INFO django.server "GET /tournaments/participants/?tournament=3 HTTP/1.1" 200 771495
[2026-07-27 11:10:20,311] INFO django.server "GET / HTTP/1.1" 200 13622
[2026-07-27 11:10:20,961] INFO django.server "GET /tournaments/ HTTP/1.1" 200 13256
[2026-07-27 11:10:21,886] INFO django.server "GET / HTTP/1.1" 200 13622
[2026-07-27 11:10:22,649] INFO django.server "GET /tournaments/ HTTP/1.1" 200 13256
[2026-07-27 11:10:23,739] INFO django.server "GET /tournaments/3/ HTTP/1.1" 200 11781
[2026-07-27 11:10:24,848] INFO django.server "GET /tournaments/3/bracket/18/ HTTP/1.1" 200 26553
[2026-07-27 11:10:30,670] INFO django.server "GET /tournaments/3/bracket/18/delete/ HTTP/1.1" 302 0
[2026-07-27 11:10:30,686] INFO django.server "GET /tournaments/3/ HTTP/1.1" 200 11666
[2026-07-27 11:10:32,392] INFO tournaments Сетка #19: 11 участников, 4 раундов, BYE в 1-м раунде: True
[2026-07-27 11:10:32,404] INFO django.server "GET /tournaments/3/brackets/generate/ HTTP/1.1" 302 0
[2026-07-27 11:10:32,421] INFO django.server "GET /tournaments/3/ HTTP/1.1" 200 12520
[2026-07-27 11:10:34,216] INFO django.server "GET /tournaments/3/bracket/19/ HTTP/1.1" 200 27461
[2026-07-27 11:10:40,242] INFO django.server "GET /users/logout/ HTTP/1.1" 302 0
[2026-07-27 11:10:40,252] INFO django.server "GET / HTTP/1.1" 200 8816
[2026-07-27 11:10:42,133] INFO django.server "GET /users/login/ HTTP/1.1" 200 5432
[2026-07-27 11:10:55,041] INFO django.server "POST /users/login/ HTTP/1.1" 302 0
[2026-07-27 11:10:55,050] INFO django.server "GET /dashboard/ HTTP/1.1" 200 7347
[2026-07-27 11:10:56,522] INFO django.server "GET /tournaments/judge/dashboard/ HTTP/1.1" 200 6650
[2026-07-27 11:10:58,444] INFO django.server "GET /tournaments/ HTTP/1.1" 200 12399
[2026-07-27 11:11:00,279] INFO django.server "GET /users/logout/ HTTP/1.1" 302 0
[2026-07-27 11:11:00,288] INFO django.server "GET / HTTP/1.1" 200 8816
[2026-07-27 11:11:01,499] INFO django.server "GET /users/login/ HTTP/1.1" 200 5432
[2026-07-27 11:11:03,806] INFO django.server "POST /users/login/ HTTP/1.1" 302 0
[2026-07-27 11:11:03,815] INFO django.server "GET /dashboard/ HTTP/1.1" 200 10020
[2026-07-27 11:11:05,435] INFO django.server "GET /tournaments/ HTTP/1.1" 200 13256
[2026-07-27 11:11:06,492] INFO django.server "GET /tournaments/3/ HTTP/1.1" 200 11781
[2026-07-27 11:11:07,448] INFO django.server "GET /tournaments/3/fights/ HTTP/1.1" 200 58842
[2026-07-27 11:11:14,126] INFO django.server "GET /tournaments/3/fight/306/assign-judge/ HTTP/1.1" 200 8027
[2026-07-27 11:11:17,317] INFO django.server "POST /tournaments/3/fight/306/assign-judge/ HTTP/1.1" 302 0
[2026-07-27 11:11:17,337] INFO django.server "GET /tournaments/3/fights/ HTTP/1.1" 200 58954
[2026-07-27 11:11:21,503] INFO django.server "GET /tournaments/3/fight/125/assign-judge/ HTTP/1.1" 200 8019
[2026-07-27 11:11:23,833] INFO django.server "POST /tournaments/3/fight/125/assign-judge/ HTTP/1.1" 302 0
[2026-07-27 11:11:23,854] INFO django.server "GET /tournaments/3/fights/ HTTP/1.1" 200 58623
[2026-07-27 11:11:27,885] INFO django.server "GET /tournaments/3/fight/140/assign-judge/ HTTP/1.1" 200 8021
[2026-07-27 11:11:30,208] INFO django.server "POST /tournaments/3/fight/140/assign-judge/ HTTP/1.1" 302 0
[2026-07-27 11:11:30,227] INFO django.server "GET /tournaments/3/fights/ HTTP/1.1" 200 58333
[2026-07-27 11:11:32,988] INFO django.server "GET /tournaments/3/fight/195/assign-judge/ HTTP/1.1" 200 8023
[2026-07-27 11:11:35,703] INFO django.server "POST /tournaments/3/fight/195/assign-judge/ HTTP/1.1" 302 0
[2026-07-27 11:11:35,723] INFO django.server "GET /tournaments/3/fights/ HTTP/1.1" 200 58043
[2026-07-27 11:11:38,154] INFO django.server "GET /users/logout/ HTTP/1.1" 302 0
[2026-07-27 11:11:38,164] INFO django.server "GET / HTTP/1.1" 200 8816
[2026-07-27 11:11:39,685] INFO django.server "GET /users/login/ HTTP/1.1" 200 5432
[2026-07-27 11:11:43,656] INFO django.server "POST /users/login/ HTTP/1.1" 302 0
[2026-07-27 11:11:43,664] INFO django.server "GET /dashboard/ HTTP/1.1" 200 7347
[2026-07-27 11:11:44,902] INFO django.server "GET /tournaments/judge/dashboard/ HTTP/1.1" 200 18679
[2026-07-27 11:11:56,205] INFO django.server "GET /tournaments/judge/fight/301/panel/ HTTP/1.1" 200 20318
[2026-07-27 11:11:58,259] INFO tournaments Бой #301 завершён. Победитель: Самир Алексеев, метод: 
[2026-07-27 11:11:58,260] INFO django.server "POST /tournaments/judge/fight/301/panel/ HTTP/1.1" 302 0
[2026-07-27 11:11:58,280] INFO django.server "GET /tournaments/judge/dashboard/ HTTP/1.1" 200 19859
[2026-07-27 11:12:01,074] INFO django.server "GET /tournaments/judge/fight/303/panel/ HTTP/1.1" 200 20330
[2026-07-27 11:12:02,994] INFO tournaments Бой #303 завершён. Победитель: Тихон Воробьёв, метод: 
[2026-07-27 11:12:02,995] INFO django.server "POST /tournaments/judge/fight/303/panel/ HTTP/1.1" 302 0
[2026-07-27 11:12:03,015] INFO django.server "GET /tournaments/judge/dashboard/ HTTP/1.1" 200 19937
[2026-07-27 11:12:03,785] INFO django.server "GET /tournaments/judge/fight/302/panel/ HTTP/1.1" 200 20354
[2026-07-27 11:12:06,116] INFO tournaments Бой #302 завершён. Победитель: Тамерлан Дмитриев, метод: 
[2026-07-27 11:12:06,117] INFO django.server "POST /tournaments/judge/fight/302/panel/ HTTP/1.1" 302 0
[2026-07-27 11:12:06,138] INFO django.server "GET /tournaments/judge/dashboard/ HTTP/1.1" 200 20027
[2026-07-27 11:12:07,049] INFO django.server "GET /tournaments/judge/fight/305/panel/ HTTP/1.1" 200 20255
[2026-07-27 11:12:09,304] INFO tournaments Бой #305 завершён. Победитель: Тимофей Васильев, метод: 
[2026-07-27 11:12:09,305] INFO django.server "POST /tournaments/judge/fight/305/panel/ HTTP/1.1" 302 0
[2026-07-27 11:12:09,325] INFO django.server "GET /tournaments/judge/dashboard/ HTTP/1.1" 200 20107
[2026-07-27 11:12:10,040] INFO django.server "GET /tournaments/judge/fight/306/panel/ HTTP/1.1" 200 20346
[2026-07-27 11:12:11,814] INFO tournaments Бой #306 завершён. Победитель: Тамерлан Дмитриев, метод: 
[2026-07-27 11:12:11,814] INFO django.server "POST /tournaments/judge/fight/306/panel/ HTTP/1.1" 302 0
[2026-07-27 11:12:11,833] INFO django.server "GET /tournaments/judge/dashboard/ HTTP/1.1" 200 20193
[2026-07-27 11:12:12,816] INFO django.server "GET /tournaments/judge/fight/304/panel/ HTTP/1.1" 200 20318
[2026-07-27 11:12:15,266] INFO tournaments Бой #304 завершён. Победитель: Дмитрий Волков, метод: 
[2026-07-27 11:12:15,266] INFO django.server "POST /tournaments/judge/fight/304/panel/ HTTP/1.1" 302 0
[2026-07-27 11:12:15,286] INFO django.server "GET /tournaments/judge/dashboard/ HTTP/1.1" 200 20265
[2026-07-27 11:12:16,537] INFO django.server "GET /tournaments/judge/fight/308/panel/ HTTP/1.1" 200 20326
[2026-07-27 11:12:18,628] INFO tournaments Бой #308 завершён. Победитель: Тихон Воробьёв, метод: 
[2026-07-27 11:12:18,629] INFO django.server "POST /tournaments/judge/fight/308/panel/ HTTP/1.1" 302 0
[2026-07-27 11:12:18,649] INFO django.server "GET /tournaments/judge/dashboard/ HTTP/1.1" 200 20343
[2026-07-27 11:12:19,447] INFO django.server "GET /tournaments/judge/fight/307/panel/ HTTP/1.1" 200 20342
[2026-07-27 11:12:21,173] INFO tournaments Бой #307 завершён. Победитель: Владислав Ковалёв, метод: 
[2026-07-27 11:12:21,174] INFO django.server "POST /tournaments/judge/fight/307/panel/ HTTP/1.1" 302 0
[2026-07-27 11:12:21,193] INFO django.server "GET /tournaments/judge/dashboard/ HTTP/1.1" 200 20433
[2026-07-27 11:12:22,160] INFO django.server "GET /tournaments/judge/fight/309/panel/ HTTP/1.1" 200 20318
[2026-07-27 11:12:23,708] INFO tournaments Бой #309 завершён. Победитель: Дмитрий Волков, метод: 
[2026-07-27 11:12:23,709] INFO django.server "POST /tournaments/judge/fight/309/panel/ HTTP/1.1" 302 0
[2026-07-27 11:12:23,729] INFO django.server "GET /tournaments/judge/dashboard/ HTTP/1.1" 200 20505
[2026-07-27 11:12:24,485] INFO django.server "GET /tournaments/judge/fight/310/panel/ HTTP/1.1" 200 20338
[2026-07-27 11:12:26,227] INFO tournaments Бой #310 завершён. Победитель: Тимофей Васильев, метод: 
[2026-07-27 11:12:26,228] INFO django.server "POST /tournaments/judge/fight/310/panel/ HTTP/1.1" 302 0
[2026-07-27 11:12:26,248] INFO django.server "GET /tournaments/judge/dashboard/ HTTP/1.1" 200 20591
[2026-07-27 11:12:27,094] INFO django.server "GET /tournaments/judge/fight/311/panel/ HTTP/1.1" 200 20235
[2026-07-27 11:12:28,855] INFO tournaments Бой #311 завершён. Победитель: Назар Гусев, метод: 
[2026-07-27 11:12:28,855] INFO django.server "POST /tournaments/judge/fight/311/panel/ HTTP/1.1" 302 0
[2026-07-27 11:12:28,875] INFO django.server "GET /tournaments/judge/dashboard/ HTTP/1.1" 200 20653
[2026-07-27 11:12:31,082] INFO django.server "GET /users/logout/ HTTP/1.1" 302 0
[2026-07-27 11:12:31,091] INFO django.server "GET / HTTP/1.1" 200 8816
[2026-07-27 11:12:32,214] INFO django.server "GET /users/login/ HTTP/1.1" 200 5432
[2026-07-27 11:12:34,645] INFO django.server "POST /users/login/ HTTP/1.1" 302 0
[2026-07-27 11:12:34,654] INFO django.server "GET /dashboard/ HTTP/1.1" 200 10020
[2026-07-27 11:12:35,697] INFO django.server "GET /tournaments/participants/ HTTP/1.1" 200 7217
[2026-07-27 11:12:37,743] INFO django.server "GET /tournaments/participants/?tournament=3 HTTP/1.1" 200 771495
[2026-07-27 11:12:39,198] INFO django.server "GET /tournaments/ HTTP/1.1" 200 13256
[2026-07-27 11:12:40,647] INFO django.server "GET /tournaments/3/ HTTP/1.1" 200 11781
[2026-07-27 11:12:41,580] INFO django.server "GET /tournaments/3/bracket/19/ HTTP/1.1" 200 36779
[2026-07-27 11:13:01,106] INFO django.server "GET /tournaments/ HTTP/1.1" 200 13256
[2026-07-27 11:13:06,906] INFO django.server "GET /tournaments/ HTTP/1.1" 200 13256
[2026-07-27 11:13:07,811] INFO django.server "GET /tournaments/fighters/ HTTP/1.1" 200 81658
[2026-07-27 11:13:08,521] INFO django.server "GET /tournaments/ HTTP/1.1" 200 13256
[2026-07-27 11:13:10,123] INFO django.server "GET /tournaments/3/ HTTP/1.1" 200 11771
[2026-07-27 11:13:11,494] INFO django.server "GET /tournaments/3/fights/ HTTP/1.1" 200 57897
[2026-07-27 11:13:13,501] INFO django.server "GET /tournaments/3/fights/ HTTP/1.1" 200 57897
[2026-07-27 11:13:14,293] INFO django.server "GET /tournaments/3/fights/ HTTP/1.1" 200 57897
[2026-07-27 11:17:03,010] INFO django.utils.autoreload Watching for file changes with StatReloader
[2026-07-27 11:17:11,694] INFO django.server "GET / HTTP/1.1" 200 13622
[2026-07-27 11:17:13,035] INFO django.server "GET /tournaments/participants/ HTTP/1.1" 200 7217
[2026-07-27 11:17:15,085] INFO django.server "GET /tournaments/participants/?tournament=3 HTTP/1.1" 200 771495
[2026-07-27 11:17:17,249] INFO django.server "GET /tournaments/ HTTP/1.1" 200 13256
[2026-07-27 11:17:17,920] INFO django.server "GET /tournaments/fighters/ HTTP/1.1" 200 81658
[2026-07-27 11:17:27,813] INFO django.server "GET /tournaments/ HTTP/1.1" 200 13256
[2026-07-27 11:17:35,187] INFO django.server "GET /tournaments/3/ HTTP/1.1" 200 11771
[2026-07-27 11:17:35,979] INFO django.server "GET /tournaments/3/fights/ HTTP/1.1" 200 58726
[2026-07-27 11:17:41,347] INFO django.server "POST /tournaments/3/fights/delete-all/ HTTP/1.1" 302 0
[2026-07-27 11:17:41,360] INFO django.server "GET /tournaments/3/fights/ HTTP/1.1" 200 9887
[2026-07-27 11:17:44,304] INFO django.server "GET / HTTP/1.1" 200 13621
[2026-07-27 11:17:45,588] INFO django.server "GET /tournaments/participants/ HTTP/1.1" 200 7217
[2026-07-27 11:17:49,234] INFO django.server "GET /tournaments/participants/?tournament=3 HTTP/1.1" 200 771495
[2026-07-27 11:17:52,022] INFO django.server "GET /tournaments/ HTTP/1.1" 200 13249
[2026-07-27 11:17:52,887] INFO django.server "GET /tournaments/3/ HTTP/1.1" 200 11759
[2026-07-27 11:17:54,267] INFO django.server "GET /tournaments/3/bracket/19/ HTTP/1.1" 200 21790
[2026-07-27 11:17:56,325] INFO django.server "GET /tournaments/3/bracket/19/delete/ HTTP/1.1" 302 0
[2026-07-27 11:17:56,338] INFO django.server "GET /tournaments/3/ HTTP/1.1" 200 11654
[2026-07-27 11:17:59,085] INFO tournaments Сетка #20: 11 участников, 4 раундов, BYE в 1-м раунде: True
[2026-07-27 11:17:59,089] INFO django.server "GET /tournaments/3/brackets/generate/ HTTP/1.1" 302 0
[2026-07-27 11:17:59,102] INFO django.server "GET /tournaments/3/ HTTP/1.1" 200 12511
[2026-07-27 11:17:59,944] INFO django.server "GET /tournaments/3/bracket/20/ HTTP/1.1" 200 27461
[2026-07-27 11:18:06,056] INFO django.server "GET /tournaments/3/fights/ HTTP/1.1" 200 25258
[2026-07-27 11:18:09,348] INFO django.server "GET /tournaments/3/fight/312/assign-judge/ HTTP/1.1" 200 8013
[2026-07-27 11:18:12,827] INFO django.server "POST /tournaments/3/fight/312/assign-judge/ HTTP/1.1" 302 0
[2026-07-27 11:18:12,843] INFO django.server "GET /tournaments/3/fights/ HTTP/1.1" 200 23871
[2026-07-27 11:20:12,600] INFO django.server "GET /users/logout/ HTTP/1.1" 302 0
[2026-07-27 11:20:12,609] INFO django.server "GET / HTTP/1.1" 200 8815
[2026-07-27 11:20:13,605] INFO django.server "GET /users/login/ HTTP/1.1" 200 5432
[2026-07-27 11:20:17,548] INFO django.server "POST /users/login/ HTTP/1.1" 302 0
[2026-07-27 11:20:17,559] INFO django.server "GET /dashboard/ HTTP/1.1" 200 7347
[2026-07-27 11:20:19,607] INFO django.server "GET /users/logout/ HTTP/1.1" 302 0
[2026-07-27 11:20:19,616] INFO django.server "GET / HTTP/1.1" 200 8815
[2026-07-27 11:20:20,667] INFO django.server "GET /users/login/ HTTP/1.1" 200 5432
[2026-07-27 11:20:23,568] INFO django.server "POST /users/login/ HTTP/1.1" 302 0
[2026-07-27 11:20:23,577] INFO django.server "GET /dashboard/ HTTP/1.1" 200 7349
[2026-07-27 11:20:24,977] INFO django.server "GET /tournaments/judge/dashboard/ HTTP/1.1" 200 17186
[2026-07-27 11:20:27,068] INFO django.server "GET /tournaments/judge/fight/312/panel/ HTTP/1.1" 200 20319
[2026-07-27 11:20:31,493] INFO tournaments Бой #312 завершён. Победитель: Самир Алексеев, метод: knockout
[2026-07-27 11:20:31,494] INFO django.server "POST /tournaments/judge/fight/312/panel/ HTTP/1.1" 302 0
[2026-07-27 11:20:31,513] INFO django.server "GET /tournaments/judge/dashboard/ HTTP/1.1" 200 17660
[2026-07-27 11:20:32,568] INFO django.server "GET /tournaments/judge/fight/313/panel/ HTTP/1.1" 200 20343
[2026-07-27 11:20:39,148] INFO tournaments Бой #313 завершён. Победитель: Мирон Григорьев, метод: technical_knockout
[2026-07-27 11:20:39,149] INFO django.server "POST /tournaments/judge/fight/313/panel/ HTTP/1.1" 302 0
[2026-07-27 11:20:39,172] INFO django.server "GET /tournaments/judge/dashboard/ HTTP/1.1" 200 17742
[2026-07-27 11:20:40,071] INFO django.server "GET /tournaments/judge/fight/314/panel/ HTTP/1.1" 200 20315
[2026-07-27 11:20:43,124] INFO tournaments Бой #314 завершён. Победитель: Фёдор Белов, метод: points
[2026-07-27 11:20:43,125] INFO django.server "POST /tournaments/judge/fight/314/panel/ HTTP/1.1" 302 0
[2026-07-27 11:20:43,144] INFO django.server "GET /tournaments/judge/dashboard/ HTTP/1.1" 200 17806
[2026-07-27 11:20:44,206] INFO django.server "GET /tournaments/judge/fight/315/panel/ HTTP/1.1" 200 20331
[2026-07-27 11:20:45,951] INFO tournaments Бой #315 завершён. Победитель: Даниил АХМЕТОВ, метод: 
[2026-07-27 11:20:45,951] INFO django.server "POST /tournaments/judge/fight/315/panel/ HTTP/1.1" 302 0
[2026-07-27 11:20:45,971] INFO django.server "GET /tournaments/judge/dashboard/ HTTP/1.1" 200 17890
[2026-07-27 11:20:46,895] INFO django.server "GET /tournaments/judge/fight/316/panel/ HTTP/1.1" 200 20343
[2026-07-27 11:20:50,511] INFO tournaments Бой #316 завершён. Победитель: Тихон Воробьёв, метод: submission
[2026-07-27 11:20:50,512] INFO django.server "POST /tournaments/judge/fight/316/panel/ HTTP/1.1" 302 0
[2026-07-27 11:20:50,530] INFO django.server "GET /tournaments/judge/dashboard/ HTTP/1.1" 200 17968
[2026-07-27 11:20:51,672] INFO django.server "GET /tournaments/judge/fight/317/panel/ HTTP/1.1" 200 20260
[2026-07-27 11:20:53,794] INFO tournaments Бой #317 завершён. Победитель: Владислав Ковалёв, метод: 
[2026-07-27 11:20:53,795] INFO django.server "POST /tournaments/judge/fight/317/panel/ HTTP/1.1" 302 0
[2026-07-27 11:20:53,814] INFO django.server "GET /tournaments/judge/dashboard/ HTTP/1.1" 200 17360
[2026-07-27 11:20:55,202] INFO django.server "GET /users/logout/ HTTP/1.1" 302 0
[2026-07-27 11:20:55,211] INFO django.server "GET / HTTP/1.1" 200 8815
[2026-07-27 11:20:55,830] INFO django.server "GET /users/login/ HTTP/1.1" 200 5432
[2026-07-27 11:20:58,063] INFO django.server "POST /users/login/ HTTP/1.1" 302 0
[2026-07-27 11:20:58,072] INFO django.server "GET /dashboard/ HTTP/1.1" 200 10020
[2026-07-27 11:20:59,001] INFO django.server "GET /tournaments/participants/ HTTP/1.1" 200 7217
[2026-07-27 11:21:00,990] INFO django.server "GET /tournaments/participants/?tournament=3 HTTP/1.1" 200 771495
[2026-07-27 11:21:02,180] INFO django.server "GET /tournaments/ HTTP/1.1" 200 13252
[2026-07-27 11:21:03,291] INFO django.server "GET /tournaments/3/ HTTP/1.1" 200 11774
[2026-07-27 11:21:04,356] INFO django.server "GET /tournaments/3/bracket/20/ HTTP/1.1" 200 36753
[2026-07-27 11:23:58,634] INFO django.server "GET /tournaments/3/brackets/advance/ HTTP/1.1" 302 0
[2026-07-27 11:23:58,645] INFO django.server "GET /tournaments/3/ HTTP/1.1" 200 12129
[2026-07-27 11:24:00,050] INFO django.server "GET /tournaments/3/bracket/20/ HTTP/1.1" 200 36340
[2026-07-27 11:24:19,609] INFO django.utils.autoreload C:\Users\User\Downloads\Kimi_Agent_CombatTournamentPlatform_ исправления\combat_platform\tournaments\services\bracket_service.py changed, reloading.
[2026-07-27 11:24:20,267] INFO django.utils.autoreload Watching for file changes with StatReloader
[2026-07-27 11:25:02,909] INFO django.utils.autoreload C:\Users\User\Downloads\Kimi_Agent_CombatTournamentPlatform_ исправления\combat_platform\tournaments\views\brackets.py changed, reloading.
[2026-07-27 11:25:03,412] INFO django.utils.autoreload Watching for file changes with StatReloader
[2026-07-27 11:25:07,540] INFO django.utils.autoreload Watching for file changes with StatReloader
[2026-07-27 11:25:08,744] INFO django.server "GET / HTTP/1.1" 200 13621
[2026-07-27 11:25:11,673] INFO django.server "GET /tournaments/participants/ HTTP/1.1" 200 7217
[2026-07-27 11:25:13,250] INFO django.server "GET /tournaments/participants/?tournament=3 HTTP/1.1" 200 771495
[2026-07-27 11:25:15,113] INFO django.server "GET /tournaments/ HTTP/1.1" 200 13252
[2026-07-27 11:25:16,316] INFO django.server "GET /tournaments/fighters/ HTTP/1.1" 200 81658
[2026-07-27 11:25:17,607] INFO django.server "GET /tournaments/ HTTP/1.1" 200 13252
[2026-07-27 11:25:18,153] INFO django.server "GET /tournaments/3/ HTTP/1.1" 200 11764
[2026-07-27 11:25:19,281] INFO django.server "GET /tournaments/3/bracket/20/ HTTP/1.1" 200 36340
[2026-07-27 11:25:20,319] INFO django.server "GET /tournaments/3/bracket/20/delete/ HTTP/1.1" 302 0
[2026-07-27 11:25:20,332] INFO django.server "GET /tournaments/3/ HTTP/1.1" 200 11659
[2026-07-27 11:25:21,118] INFO tournaments Сетка #21: 11 участников, 4 раундов, BYE в 1-м раунде: True
[2026-07-27 11:25:21,123] INFO django.server "GET /tournaments/3/brackets/generate/ HTTP/1.1" 302 0
[2026-07-27 11:25:21,135] INFO django.server "GET /tournaments/3/ HTTP/1.1" 200 12514
[2026-07-27 11:25:21,987] INFO django.server "GET /tournaments/3/bracket/21/ HTTP/1.1" 200 27461
[2026-07-27 11:25:25,640] INFO django.server "GET /tournaments/3/fights/ HTTP/1.1" 200 39924
[2026-07-27 11:25:27,197] INFO django.server "GET /tournaments/3/fight/318/assign-judge/ HTTP/1.1" 200 8023
[2026-07-27 11:25:30,447] INFO django.server "POST /tournaments/3/fight/318/assign-judge/ HTTP/1.1" 302 0
[2026-07-27 11:25:30,465] INFO django.server "GET /tournaments/3/fights/ HTTP/1.1" 200 39987
[2026-07-27 11:25:32,012] INFO django.server "GET /tournaments/3/fight/319/assign-judge/ HTTP/1.1" 200 8019
[2026-07-27 11:25:34,519] INFO django.server "POST /tournaments/3/fight/319/assign-judge/ HTTP/1.1" 302 0
[2026-07-27 11:25:34,535] INFO django.server "GET /tournaments/3/fights/ HTTP/1.1" 200 38537
[2026-07-27 11:25:36,530] INFO django.server "GET /users/logout/ HTTP/1.1" 302 0
[2026-07-27 11:25:36,538] INFO django.server "GET / HTTP/1.1" 200 8815
[2026-07-27 11:25:37,631] INFO django.server "GET /users/login/ HTTP/1.1" 200 5432
[2026-07-27 11:25:40,389] INFO django.server "POST /users/login/ HTTP/1.1" 302 0
[2026-07-27 11:25:40,401] INFO django.server "GET /dashboard/ HTTP/1.1" 200 7349
[2026-07-27 11:25:41,566] INFO django.server "GET /tournaments/judge/dashboard/ HTTP/1.1" 200 22508
[2026-07-27 11:25:42,903] INFO django.server "GET /tournaments/judge/fight/318/panel/ HTTP/1.1" 200 20339
[2026-07-27 11:25:49,432] INFO django.server "POST /tournaments/3/fight/318/timer/control/ HTTP/1.1" 200 86
[2026-07-27 11:25:49,847] INFO django.server "POST /tournaments/3/fight/318/timer/control/ HTTP/1.1" 200 86
[2026-07-27 11:25:50,537] INFO tournaments Бой #318 завершён. Победитель: Тимофей Васильев, метод: submission
[2026-07-27 11:25:50,538] INFO django.server "POST /tournaments/judge/fight/318/panel/ HTTP/1.1" 302 0
[2026-07-27 11:25:50,560] INFO django.server "GET /tournaments/judge/dashboard/ HTTP/1.1" 200 22990
[2026-07-27 11:25:51,659] INFO django.server "GET /tournaments/judge/fight/319/panel/ HTTP/1.1" 200 20331
[2026-07-27 11:25:56,879] INFO django.server "POST /tournaments/3/fight/319/timer/control/ HTTP/1.1" 200 86
[2026-07-27 11:25:57,324] INFO tournaments Бой #319 завершён. Победитель: Тамерлан Дмитриев, метод: technical_knockout
[2026-07-27 11:25:57,325] INFO django.server "POST /tournaments/judge/fight/319/panel/ HTTP/1.1" 302 0
[2026-07-27 11:25:57,347] INFO django.server "GET /tournaments/judge/dashboard/ HTTP/1.1" 200 23076
[2026-07-27 11:25:58,554] INFO django.server "GET /tournaments/judge/fight/320/panel/ HTTP/1.1" 200 20315
[2026-07-27 11:25:59,422] INFO django.server "POST /tournaments/3/fight/320/timer/control/ HTTP/1.1" 200 86
[2026-07-27 11:26:05,742] INFO tournaments Бой #320 завершён. Победитель: Назар Гусев, метод: knockout
[2026-07-27 11:26:05,743] INFO django.server "POST /tournaments/judge/fight/320/panel/ HTTP/1.1" 302 0
[2026-07-27 11:26:05,769] INFO django.server "GET /tournaments/judge/dashboard/ HTTP/1.1" 200 23136
[2026-07-27 11:26:07,425] INFO django.server "GET /tournaments/judge/fight/321/panel/ HTTP/1.1" 200 20343
[2026-07-27 11:26:13,901] INFO django.server "POST /tournaments/3/fight/321/timer/control/ HTTP/1.1" 200 86
[2026-07-27 11:26:14,420] INFO django.server "POST /tournaments/3/fight/321/timer/control/ HTTP/1.1" 200 86
[2026-07-27 11:26:18,932] INFO tournaments Бой #321 завершён. Победитель: Тихон Воробьёв, метод: points
[2026-07-27 11:26:18,933] INFO django.server "POST /tournaments/judge/fight/321/panel/ HTTP/1.1" 302 0
[2026-07-27 11:26:18,955] INFO django.server "GET /tournaments/judge/dashboard/ HTTP/1.1" 200 23220
[2026-07-27 11:26:20,055] INFO django.server "GET /tournaments/judge/fight/322/panel/ HTTP/1.1" 200 20331
[2026-07-27 11:26:24,987] INFO tournaments Бой #322 завершён. Победитель: Дмитрий Волков, метод: submission
[2026-07-27 11:26:24,988] INFO django.server "POST /tournaments/judge/fight/322/panel/ HTTP/1.1" 302 0
[2026-07-27 11:26:25,011] INFO django.server "GET /tournaments/judge/dashboard/ HTTP/1.1" 200 23298
[2026-07-27 11:26:26,136] INFO django.server "GET /tournaments/judge/fight/323/panel/ HTTP/1.1" 200 20252
[2026-07-27 11:26:27,946] INFO tournaments Бой #323 завершён. Победитель: Мирон Григорьев, метод: 
[2026-07-27 11:26:27,947] INFO django.server "POST /tournaments/judge/fight/323/panel/ HTTP/1.1" 302 0
[2026-07-27 11:26:27,969] INFO django.server "GET /tournaments/judge/dashboard/ HTTP/1.1" 200 22682
[2026-07-27 11:26:29,707] INFO django.server "GET /users/logout/ HTTP/1.1" 302 0
[2026-07-27 11:26:29,716] INFO django.server "GET / HTTP/1.1" 200 8816
[2026-07-27 11:26:30,703] INFO django.server "GET /users/login/ HTTP/1.1" 200 5432
[2026-07-27 11:26:32,885] INFO django.server "POST /users/login/ HTTP/1.1" 302 0
[2026-07-27 11:26:32,894] INFO django.server "GET /dashboard/ HTTP/1.1" 200 10020
[2026-07-27 11:26:34,024] INFO django.server "GET /tournaments/participants/ HTTP/1.1" 200 7217
[2026-07-27 11:26:36,000] INFO django.server "GET /tournaments/participants/?tournament=3 HTTP/1.1" 200 771495
[2026-07-27 11:26:36,635] INFO django.server "GET /tournaments/ HTTP/1.1" 200 13252
[2026-07-27 11:26:37,660] INFO django.server "GET /tournaments/3/ HTTP/1.1" 200 11775
[2026-07-27 11:26:38,444] INFO django.server "GET /tournaments/3/bracket/21/ HTTP/1.1" 200 36835
[2026-07-27 11:27:05,125] INFO django.server "GET /tournaments/3/brackets/advance/ HTTP/1.1" 302 0
[2026-07-27 11:27:05,137] INFO django.server "GET /tournaments/3/ HTTP/1.1" 200 12130
[2026-07-27 11:30:37,113] INFO django.utils.autoreload C:\Users\User\Downloads\Kimi_Agent_CombatTournamentPlatform_ исправления\combat_platform\tournaments\services\bracket_service.py changed, reloading.
[2026-07-27 11:30:37,663] INFO django.utils.autoreload Watching for file changes with StatReloader
[2026-07-27 11:31:41,976] INFO django.utils.autoreload C:\Users\User\Downloads\Kimi_Agent_CombatTournamentPlatform_ исправления\combat_platform\tournaments\views\judges.py changed, reloading.
[2026-07-27 11:31:42,480] INFO django.utils.autoreload Watching for file changes with StatReloader
[2026-07-27 11:33:00,905] INFO django.utils.autoreload Watching for file changes with StatReloader
[2026-07-27 11:33:02,051] INFO django.server "GET / HTTP/1.1" 200 13622
[2026-07-27 11:33:07,798] INFO django.server "GET /tournaments/participants/ HTTP/1.1" 200 7217
[2026-07-27 11:33:09,300] INFO django.server "GET /tournaments/participants/?tournament=3 HTTP/1.1" 200 771495
[2026-07-27 11:33:10,581] INFO django.server "GET /tournaments/ HTTP/1.1" 200 13252
[2026-07-27 11:33:11,008] INFO django.server "GET /tournaments/fighters/ HTTP/1.1" 200 81658
[2026-07-27 11:33:11,571] INFO django.server "GET /tournaments/ HTTP/1.1" 200 13252
[2026-07-27 11:33:13,222] INFO django.server "GET /tournaments/3/ HTTP/1.1" 200 11765
[2026-07-27 11:33:14,510] INFO django.server "GET /tournaments/3/bracket/21/ HTTP/1.1" 200 36442
[2026-07-27 11:33:16,229] INFO django.server "GET /tournaments/3/bracket/21/delete/ HTTP/1.1" 302 0
[2026-07-27 11:33:16,241] INFO django.server "GET /tournaments/3/ HTTP/1.1" 200 11660
[2026-07-27 11:33:19,859] INFO tournaments Сетка #22: 11 участников, 4 раундов, BYE в 1-м раунде: True
[2026-07-27 11:33:19,872] INFO django.server "GET /tournaments/3/brackets/generate/ HTTP/1.1" 302 0
[2026-07-27 11:33:19,885] INFO django.server "GET /tournaments/3/ HTTP/1.1" 200 12514
[2026-07-27 11:33:20,573] INFO django.server "GET /tournaments/3/bracket/22/ HTTP/1.1" 200 27481
[2026-07-27 11:33:27,608] INFO django.server "GET /users/logout/ HTTP/1.1" 302 0
[2026-07-27 11:33:27,618] INFO django.server "GET / HTTP/1.1" 200 8816
[2026-07-27 11:33:28,779] INFO django.server "GET /users/login/ HTTP/1.1" 200 5432
[2026-07-27 11:33:30,366] INFO django.server "POST /users/login/ HTTP/1.1" 302 0
[2026-07-27 11:33:30,377] INFO django.server "GET /dashboard/ HTTP/1.1" 200 10020
[2026-07-27 11:33:32,605] INFO django.server "GET /tournaments/participants/ HTTP/1.1" 200 7217
[2026-07-27 11:33:34,399] INFO django.server "GET /tournaments/ HTTP/1.1" 200 13252
[2026-07-27 11:33:36,064] INFO django.server "GET /tournaments/3/ HTTP/1.1" 200 11775
[2026-07-27 11:33:36,785] INFO django.server "GET /tournaments/3/fights/ HTTP/1.1" 200 54593
[2026-07-27 11:33:38,857] INFO django.server "GET /tournaments/3/fight/324/assign-judge/ HTTP/1.1" 200 8019
[2026-07-27 11:33:42,280] INFO django.server "POST /tournaments/3/fight/324/assign-judge/ HTTP/1.1" 302 0
[2026-07-27 11:33:42,298] INFO django.server "GET /tournaments/3/fights/ HTTP/1.1" 200 53206
[2026-07-27 11:33:43,758] INFO django.server "GET /users/logout/ HTTP/1.1" 302 0
[2026-07-27 11:33:43,767] INFO django.server "GET / HTTP/1.1" 200 8816
[2026-07-27 11:33:44,936] INFO django.server "GET /users/login/ HTTP/1.1" 200 5432
[2026-07-27 11:33:49,944] INFO django.server "POST /users/login/ HTTP/1.1" 302 0
[2026-07-27 11:33:49,954] INFO django.server "GET /dashboard/ HTTP/1.1" 200 7349
[2026-07-27 11:33:50,739] INFO django.server "GET /tournaments/judge/dashboard/ HTTP/1.1" 200 27834
[2026-07-27 11:33:52,737] INFO django.server "GET /tournaments/judge/fight/324/panel/ HTTP/1.1" 200 20331
[2026-07-27 11:33:56,587] INFO django.server "POST /tournaments/3/fight/324/timer/control/ HTTP/1.1" 200 66
[2026-07-27 11:34:01,498] INFO django.server "POST /tournaments/judge/fight/324/panel/ HTTP/1.1" 302 0
[2026-07-27 11:34:01,525] INFO django.server "GET /tournaments/judge/dashboard/ HTTP/1.1" 200 28255
[2026-07-27 11:34:02,925] INFO django.server "GET /tournaments/judge/fight/325/panel/ HTTP/1.1" 200 20331
[2026-07-27 11:34:06,833] INFO django.server "POST /tournaments/3/fight/325/timer/control/ HTTP/1.1" 200 86
[2026-07-27 11:34:07,177] INFO django.server "POST /tournaments/3/fight/325/timer/control/ HTTP/1.1" 200 86
[2026-07-27 11:34:10,474] INFO django.server "POST /tournaments/judge/fight/325/panel/ HTTP/1.1" 302 0
[2026-07-27 11:34:10,498] INFO django.server "GET /tournaments/judge/dashboard/ HTTP/1.1" 200 28333
[2026-07-27 11:34:11,236] INFO django.server "GET /tournaments/judge/fight/326/panel/ HTTP/1.1" 200 20331
[2026-07-27 11:34:17,728] INFO django.server "POST /tournaments/3/fight/326/timer/control/ HTTP/1.1" 200 86
[2026-07-27 11:34:18,102] INFO django.server "POST /tournaments/3/fight/326/timer/control/ HTTP/1.1" 200 86
[2026-07-27 11:34:18,797] INFO django.server "POST /tournaments/judge/fight/326/panel/ HTTP/1.1" 302 0
[2026-07-27 11:34:18,822] INFO django.server "GET /tournaments/judge/dashboard/ HTTP/1.1" 200 28417
[2026-07-27 11:34:20,195] INFO django.server "GET /tournaments/judge/fight/327/panel/ HTTP/1.1" 200 20339
[2026-07-27 11:34:26,758] INFO django.server "POST /tournaments/3/fight/327/timer/control/ HTTP/1.1" 200 86
[2026-07-27 11:34:27,093] INFO django.server "POST /tournaments/3/fight/327/timer/control/ HTTP/1.1" 200 86
[2026-07-27 11:34:27,599] INFO django.server "POST /tournaments/judge/fight/327/panel/ HTTP/1.1" 302 0
[2026-07-27 11:34:27,625] INFO django.server "GET /tournaments/judge/dashboard/ HTTP/1.1" 200 28499
[2026-07-27 11:34:28,585] INFO django.server "GET /tournaments/judge/fight/328/panel/ HTTP/1.1" 200 20319
[2026-07-27 11:34:31,844] INFO django.server "POST /tournaments/judge/fight/328/panel/ HTTP/1.1" 302 0
[2026-07-27 11:34:31,872] INFO django.server "GET /tournaments/judge/dashboard/ HTTP/1.1" 200 28577
[2026-07-27 11:34:32,632] INFO django.server "GET /tournaments/judge/fight/329/panel/ HTTP/1.1" 200 20260
[2026-07-27 11:34:39,566] INFO django.server "POST /tournaments/judge/fight/329/panel/ HTTP/1.1" 302 0
[2026-07-27 11:34:39,594] INFO django.server "GET /tournaments/judge/dashboard/ HTTP/1.1" 200 27963
[2026-07-27 11:34:41,644] INFO django.server "GET /users/logout/ HTTP/1.1" 302 0
[2026-07-27 11:34:41,653] INFO django.server "GET / HTTP/1.1" 200 8816
[2026-07-27 11:34:43,480] INFO django.server "GET /users/login/ HTTP/1.1" 200 5432
[2026-07-27 11:34:45,579] INFO django.server "POST /users/login/ HTTP/1.1" 302 0
[2026-07-27 11:34:45,588] INFO django.server "GET /dashboard/ HTTP/1.1" 200 10020
[2026-07-27 11:34:46,706] INFO django.server "GET /tournaments/participants/ HTTP/1.1" 200 7217
[2026-07-27 11:34:48,216] INFO django.server "GET /tournaments/participants/?tournament=3 HTTP/1.1" 200 771495
[2026-07-27 11:34:49,485] INFO django.server "GET /tournaments/ HTTP/1.1" 200 13252
[2026-07-27 11:34:50,989] INFO django.server "GET /tournaments/3/ HTTP/1.1" 200 11775
[2026-07-27 11:34:51,685] INFO django.server "GET /tournaments/3/bracket/22/ HTTP/1.1" 200 36815
[2026-07-27 11:34:55,776] INFO tournaments === advance_winners: сетка #22, текущий раунд 1 ===
[2026-07-27 11:34:55,778] INFO tournaments Раунд 1: всего 6, завершено 6, BYE 1, итого 7
[2026-07-27 11:34:55,780] INFO tournaments   Бой #324: победитель Максим Козлов
[2026-07-27 11:34:55,781] INFO tournaments   Бой #325: победитель Самир Алексеев
[2026-07-27 11:34:55,782] INFO tournaments   Бой #326: победитель Владислав Ковалёв
[2026-07-27 11:34:55,783] INFO tournaments   Бой #327: победитель Тимофей Васильев
[2026-07-27 11:34:55,783] INFO tournaments   Бой #328: победитель Даниил АХМЕТОВ
[2026-07-27 11:34:55,784] INFO tournaments   BYE-бой #329: победитель Тамерлан Дмитриев
[2026-07-27 11:34:55,784] INFO tournaments Всего победителей: 6
[2026-07-27 11:34:55,789] INFO tournaments Создан раунд 2 с 3 парами и 0 BYE
[2026-07-27 11:34:55,793] INFO django.server "GET /tournaments/3/brackets/advance/?bracket_id=22 HTTP/1.1" 302 0
[2026-07-27 11:34:55,826] INFO django.server "GET /tournaments/3/bracket/22/ HTTP/1.1" 200 43029
[2026-07-27 11:35:12,702] INFO django.server "GET /tournaments/fighters/ HTTP/1.1" 200 81658
[2026-07-27 11:35:14,009] INFO django.server "GET /tournaments/ HTTP/1.1" 200 13252
[2026-07-27 11:35:15,545] INFO django.server "GET /tournaments/3/ HTTP/1.1" 200 11765
[2026-07-27 11:35:17,104] INFO django.server "GET /tournaments/3/fights/ HTTP/1.1" 200 59466
[2026-07-27 11:35:19,337] INFO django.server "GET /tournaments/3/fight/330/assign-judge/ HTTP/1.1" 200 8017
[2026-07-27 11:35:21,776] INFO django.server "POST /tournaments/3/fight/330/assign-judge/ HTTP/1.1" 302 0
[2026-07-27 11:35:21,795] INFO django.server "GET /tournaments/3/fights/ HTTP/1.1" 200 59271
[2026-07-27 11:35:23,742] INFO django.server "GET /users/logout/ HTTP/1.1" 302 0
[2026-07-27 11:35:23,753] INFO django.server "GET / HTTP/1.1" 200 8816
[2026-07-27 11:35:24,606] INFO django.server "GET /tournaments/ HTTP/1.1" 200 10975
[2026-07-27 11:35:25,966] INFO django.server "GET /tournaments/3/ HTTP/1.1" 200 7651
[2026-07-27 11:35:26,945] INFO django.server "GET /tournaments/3/bracket/22/ HTTP/1.1" 302 0
[2026-07-27 11:35:26,950] INFO django.server "GET /users/login/?next=/tournaments/3/bracket/22/ HTTP/1.1" 200 5432
[2026-07-27 11:35:29,830] INFO django.server "POST /users/login/?next=/tournaments/3/bracket/22/ HTTP/1.1" 302 0
[2026-07-27 11:35:29,864] INFO django.server "GET /tournaments/3/bracket/22/ HTTP/1.1" 200 42821
[2026-07-27 11:35:32,987] INFO django.server "GET /tournaments/fighters/ HTTP/1.1" 200 81658
[2026-07-27 11:35:33,790] INFO django.server "GET /tournaments/ HTTP/1.1" 200 13252
[2026-07-27 11:35:34,552] INFO django.server "GET /tournaments/3/ HTTP/1.1" 200 11765
[2026-07-27 11:35:35,431] INFO django.server "GET /tournaments/3/fights/ HTTP/1.1" 200 58870
[2026-07-27 11:35:38,604] INFO django.server "GET /users/logout/ HTTP/1.1" 302 0
[2026-07-27 11:35:38,613] INFO django.server "GET / HTTP/1.1" 200 8816
[2026-07-27 11:35:39,959] INFO django.server "GET /users/login/ HTTP/1.1" 200 5432
[2026-07-27 11:35:42,865] INFO django.server "POST /users/login/ HTTP/1.1" 302 0
[2026-07-27 11:35:42,876] INFO django.server "GET /dashboard/ HTTP/1.1" 200 7349
[2026-07-27 11:35:43,748] INFO django.server "GET /tournaments/judge/dashboard/ HTTP/1.1" 200 30766
[2026-07-27 11:35:44,871] INFO django.server "GET /tournaments/judge/fight/330/panel/ HTTP/1.1" 200 20327
[2026-07-27 11:35:56,530] INFO django.server "POST /tournaments/3/fight/330/timer/control/ HTTP/1.1" 200 66
[2026-07-27 11:36:00,880] INFO django.server "POST /tournaments/3/fight/330/timer/control/ HTTP/1.1" 200 86
[2026-07-27 11:36:01,320] INFO django.server "POST /tournaments/3/fight/330/timer/control/ HTTP/1.1" 200 86
[2026-07-27 11:36:03,927] INFO django.server "POST /tournaments/judge/fight/330/panel/ HTTP/1.1" 302 0
[2026-07-27 11:36:03,954] INFO django.server "GET /tournaments/judge/dashboard/ HTTP/1.1" 200 31187
[2026-07-27 11:36:05,252] INFO django.server "GET /tournaments/judge/fight/331/panel/ HTTP/1.1" 200 20351
[2026-07-27 11:36:12,495] INFO django.server "POST /tournaments/3/fight/331/timer/control/ HTTP/1.1" 200 86
[2026-07-27 11:36:13,275] INFO django.server "POST /tournaments/judge/fight/331/panel/ HTTP/1.1" 302 0
[2026-07-27 11:36:13,304] INFO django.server "GET /tournaments/judge/dashboard/ HTTP/1.1" 200 31271
[2026-07-27 11:36:14,372] INFO django.server "GET /tournaments/judge/fight/332/panel/ HTTP/1.1" 200 20343
[2026-07-27 11:36:21,710] INFO django.server "POST /tournaments/3/fight/332/timer/control/ HTTP/1.1" 200 86
[2026-07-27 11:36:22,045] INFO django.server "POST /tournaments/3/fight/332/timer/control/ HTTP/1.1" 200 86
[2026-07-27 11:36:22,639] INFO django.server "POST /tournaments/judge/fight/332/panel/ HTTP/1.1" 302 0
[2026-07-27 11:36:22,667] INFO django.server "GET /tournaments/judge/dashboard/ HTTP/1.1" 200 30651
[2026-07-27 11:36:24,205] INFO django.server "GET /users/logout/ HTTP/1.1" 302 0
[2026-07-27 11:36:24,214] INFO django.server "GET / HTTP/1.1" 200 8816
[2026-07-27 11:36:25,889] INFO django.server "GET /users/login/ HTTP/1.1" 200 5432
[2026-07-27 11:36:28,032] INFO django.server "POST /users/login/ HTTP/1.1" 302 0
[2026-07-27 11:36:28,042] INFO django.server "GET /dashboard/ HTTP/1.1" 200 10020
[2026-07-27 11:36:30,970] INFO django.server "GET /tournaments/participants/ HTTP/1.1" 200 7217
[2026-07-27 11:36:31,965] INFO django.server "GET /tournaments/ HTTP/1.1" 200 13252
[2026-07-27 11:36:32,855] INFO django.server "GET /tournaments/3/ HTTP/1.1" 200 11765
[2026-07-27 11:36:33,505] INFO django.server "GET /tournaments/3/bracket/22/ HTTP/1.1" 200 40443
[2026-07-27 11:36:36,008] INFO tournaments === advance_winners: сетка #22, текущий раунд 2 ===
[2026-07-27 11:36:36,011] INFO tournaments Раунд 2: всего 3, завершено 3, BYE 0, итого 3
[2026-07-27 11:36:36,012] INFO tournaments   Бой #330: победитель Максим Козлов
[2026-07-27 11:36:36,013] INFO tournaments   Бой #331: победитель Владислав Ковалёв
[2026-07-27 11:36:36,014] INFO tournaments   Бой #332: победитель Даниил АХМЕТОВ
[2026-07-27 11:36:36,014] INFO tournaments Всего победителей: 3
[2026-07-27 11:36:36,019] INFO tournaments Создан раунд 3 с 1 парами и 1 BYE
[2026-07-27 11:36:36,148] INFO django.server "GET /tournaments/3/brackets/advance/?bracket_id=22 HTTP/1.1" 302 0
[2026-07-27 11:36:36,182] INFO django.server "GET /tournaments/3/bracket/22/ HTTP/1.1" 200 42764
[2026-07-27 11:36:50,395] INFO django.server "GET / HTTP/1.1" 200 13622
[2026-07-27 11:36:53,970] INFO django.server "GET /tournaments/judges/ HTTP/1.1" 200 10010
[2026-07-27 11:36:55,154] INFO django.server "GET /tournaments/ HTTP/1.1" 200 13254
[2026-07-27 11:36:56,372] INFO django.server "GET /tournaments/3/ HTTP/1.1" 200 11767
[2026-07-27 11:36:57,241] INFO django.server "GET /tournaments/3/fights/ HTTP/1.1" 200 59292
[2026-07-27 11:36:59,045] INFO django.server "GET /tournaments/3/fights/?page=2 HTTP/1.1" 200 17883
[2026-07-27 11:37:00,506] INFO django.server "GET /tournaments/3/fight/333/assign-judge/ HTTP/1.1" 200 8023
[2026-07-27 11:37:02,713] INFO django.server "POST /tournaments/3/fight/333/assign-judge/ HTTP/1.1" 302 0
[2026-07-27 11:37:02,734] INFO django.server "GET /tournaments/3/fights/ HTTP/1.1" 200 59653
[2026-07-27 11:37:04,892] INFO django.server "GET /tournaments/3/fights/?page=2 HTTP/1.1" 200 17585
[2026-07-27 11:37:06,234] INFO django.server "GET /tournaments/3/fight/334/assign-judge/ HTTP/1.1" 200 7995
[2026-07-27 11:37:08,097] INFO django.server "POST /tournaments/3/fight/334/assign-judge/ HTTP/1.1" 302 0
[2026-07-27 11:37:08,119] INFO django.server "GET /tournaments/3/fights/ HTTP/1.1" 200 59653
[2026-07-27 11:37:09,343] INFO django.server "GET /users/logout/ HTTP/1.1" 302 0
[2026-07-27 11:37:09,352] INFO django.server "GET / HTTP/1.1" 200 8816
[2026-07-27 11:37:10,211] INFO django.server "GET /users/login/ HTTP/1.1" 200 5432
[2026-07-27 11:37:12,653] INFO django.server "POST /users/login/ HTTP/1.1" 302 0
[2026-07-27 11:37:12,662] INFO django.server "GET /dashboard/ HTTP/1.1" 200 7349
[2026-07-27 11:37:13,513] INFO django.server "GET /tournaments/judge/dashboard/ HTTP/1.1" 200 32608
[2026-07-27 11:37:14,874] INFO django.server "GET /tournaments/judge/fight/333/panel/ HTTP/1.1" 200 20339
[2026-07-27 11:37:19,342] INFO django.server "POST /tournaments/3/fight/333/timer/control/ HTTP/1.1" 200 86
[2026-07-27 11:37:22,545] INFO django.server "POST /tournaments/judge/fight/333/panel/ HTTP/1.1" 302 0
[2026-07-27 11:37:22,574] INFO django.server "GET /tournaments/judge/dashboard/ HTTP/1.1" 200 33037
[2026-07-27 11:37:23,825] INFO django.server "GET /tournaments/judge/fight/334/panel/ HTTP/1.1" 200 20248
[2026-07-27 11:37:30,828] INFO django.server "POST /tournaments/judge/fight/334/panel/ HTTP/1.1" 302 0
[2026-07-27 11:37:30,856] INFO django.server "GET /tournaments/judge/dashboard/ HTTP/1.1" 200 32417
[2026-07-27 11:37:35,172] INFO django.server "GET /users/logout/ HTTP/1.1" 302 0
[2026-07-27 11:37:35,181] INFO django.server "GET / HTTP/1.1" 200 8816
[2026-07-27 11:37:36,686] INFO django.server "GET /users/login/ HTTP/1.1" 200 5432
[2026-07-27 11:37:39,765] INFO django.server "POST /users/login/ HTTP/1.1" 302 0
[2026-07-27 11:37:39,775] INFO django.server "GET /dashboard/ HTTP/1.1" 200 10020
[2026-07-27 11:37:40,729] INFO django.server "GET /tournaments/participants/ HTTP/1.1" 200 7217
[2026-07-27 11:37:42,174] INFO django.server "GET /tournaments/participants/?tournament=1 HTTP/1.1" 200 10716
[2026-07-27 11:37:43,617] INFO django.server "GET /tournaments/fighters/ HTTP/1.1" 200 81658
[2026-07-27 11:37:43,963] INFO django.server "GET /tournaments/ HTTP/1.1" 200 13254
[2026-07-27 11:37:44,693] INFO django.server "GET /tournaments/3/ HTTP/1.1" 200 11768
[2026-07-27 11:37:45,417] INFO django.server "GET /tournaments/3/bracket/22/ HTTP/1.1" 200 43141
[2026-07-27 11:37:46,158] INFO tournaments === advance_winners: сетка #22, текущий раунд 3 ===
[2026-07-27 11:37:46,161] INFO tournaments Раунд 3: всего 2, завершено 2, BYE 1, итого 3
[2026-07-27 11:37:46,162] INFO tournaments   Бой #333: победитель Владислав Ковалёв
[2026-07-27 11:37:46,163] INFO tournaments   BYE-бой #334: победитель Даниил АХМЕТОВ
[2026-07-27 11:37:46,163] INFO tournaments Всего победителей: 2
[2026-07-27 11:37:46,166] INFO tournaments Создан раунд 4 с 1 парами и 0 BYE
[2026-07-27 11:37:46,170] INFO django.server "GET /tournaments/3/brackets/advance/?bracket_id=22 HTTP/1.1" 302 0
[2026-07-27 11:37:46,199] INFO django.server "GET /tournaments/3/bracket/22/ HTTP/1.1" 200 37745
[2026-07-27 11:38:02,642] INFO django.server "GET /tournaments/3/ HTTP/1.1" 200 11779
[2026-07-27 11:38:03,561] INFO django.server "GET /tournaments/3/fights/ HTTP/1.1" 200 59292
[2026-07-27 11:38:05,403] INFO django.server "GET /tournaments/3/fights/?page=2 HTTP/1.1" 200 20253
[2026-07-27 11:38:08,016] INFO django.server "GET /tournaments/3/fight/335/assign-judge/ HTTP/1.1" 200 8025
[2026-07-27 11:38:10,303] INFO django.server "POST /tournaments/3/fight/335/assign-judge/ HTTP/1.1" 302 0
[2026-07-27 11:38:10,322] INFO django.server "GET /tournaments/3/fights/ HTTP/1.1" 200 59653
[2026-07-27 11:38:11,934] INFO django.server "GET /users/logout/ HTTP/1.1" 302 0
[2026-07-27 11:38:11,943] INFO django.server "GET / HTTP/1.1" 200 8816
[2026-07-27 11:38:12,857] INFO django.server "GET /users/login/ HTTP/1.1" 200 5432
[2026-07-27 11:38:15,816] INFO django.server "POST /users/login/ HTTP/1.1" 302 0
[2026-07-27 11:38:15,825] INFO django.server "GET /dashboard/ HTTP/1.1" 200 7349
[2026-07-27 11:38:16,817] INFO django.server "GET /tournaments/judge/dashboard/ HTTP/1.1" 200 33588
[2026-07-27 11:38:17,813] INFO django.server "GET /tournaments/judge/fight/335/panel/ HTTP/1.1" 200 20343
[2026-07-27 11:38:20,189] INFO django.server "POST /tournaments/3/fight/335/timer/control/ HTTP/1.1" 200 86
[2026-07-27 11:38:20,445] INFO django.server "POST /tournaments/3/fight/335/timer/control/ HTTP/1.1" 200 86
[2026-07-27 11:38:25,429] ERROR tournaments Fight completion error
Traceback (most recent call last):
  File "C:\Users\User\Downloads\Kimi_Agent_CombatTournamentPlatform_ исправления\combat_platform\tournaments\views\judges.py", line 80, in judge_fight_panel
    success, msg = FightService.complete_fight(
                   ~~~~~~~~~~~~~~~~~~~~~~~~~~~^
        fight,
        ^^^^^^
    ...<6 lines>...
        }
        ^
    )
    ^
  File "C:\Users\User\Downloads\Kimi_Agent_CombatTournamentPlatform_ исправления\combat_platform\tournaments\services\fight_service.py", line 75, in complete_fight
    fight.bracket.winner = winner.full_name if winner else None
    ^^^^^^^^^^^^^^^^^^^^
  File "C:\Users\User\Downloads\Kimi_Agent_CombatTournamentPlatform_ исправления\combat_platform\venv\Lib\site-packages\django\db\models\fields\related_descriptors.py", line 284, in __set__
    raise ValueError(
    ...<7 lines>...
    )
ValueError: Cannot assign "'Даниил АХМЕТОВ'": "Bracket.winner" must be a "Fighter" instance.
[2026-07-27 11:38:25,446] INFO django.server "POST /tournaments/judge/fight/335/panel/ HTTP/1.1" 200 9587
[2026-07-27 11:38:28,341] INFO django.server "GET /users/logout/ HTTP/1.1" 302 0
[2026-07-27 11:38:28,349] INFO django.server "GET / HTTP/1.1" 200 8816
[2026-07-27 11:38:29,399] INFO django.server "GET /users/login/ HTTP/1.1" 200 5432
[2026-07-27 11:38:31,623] INFO django.server "POST /users/login/ HTTP/1.1" 302 0
[2026-07-27 11:38:31,633] INFO django.server "GET /dashboard/ HTTP/1.1" 200 10020
[2026-07-27 11:38:32,669] INFO django.server "GET /tournaments/ HTTP/1.1" 200 13254
[2026-07-27 11:38:33,949] INFO django.server "GET /tournaments/3/ HTTP/1.1" 200 11779
[2026-07-27 11:38:34,537] INFO django.server "GET /tournaments/3/bracket/22/ HTTP/1.1" 200 44999
[2026-07-27 11:39:24,088] INFO django.server "GET / HTTP/1.1" 200 13622
[2026-07-27 11:40:54,005] INFO django.server "GET /tournaments/participants/ HTTP/1.1" 200 7217
[2026-07-27 11:40:56,108] INFO django.server "GET /tournaments/participants/?tournament=3 HTTP/1.1" 200 771495
[2026-07-27 11:40:59,789] INFO django.server "POST /tournaments/registration/46/update/ HTTP/1.1" 302 0
[2026-07-27 11:40:59,930] INFO django.server "GET /tournaments/participants/?tournament=3 HTTP/1.1" 200 771916
[2026-07-27 11:41:05,318] INFO django.server "POST /tournaments/registration/64/update/ HTTP/1.1" 302 0
[2026-07-27 11:41:05,450] INFO django.server "GET /tournaments/participants/?tournament=3 HTTP/1.1" 200 771920
[2026-07-27 11:41:16,402] INFO django.server "POST /tournaments/registration/57/update/ HTTP/1.1" 302 0
[2026-07-27 11:41:16,530] INFO django.server "GET /tournaments/participants/?tournament=3 HTTP/1.1" 200 772256
[2026-07-27 11:41:21,139] INFO django.server "POST /tournaments/registration/70/update/ HTTP/1.1" 302 0
[2026-07-27 11:41:21,272] INFO django.server "GET /tournaments/participants/?tournament=3 HTTP/1.1" 200 771903
[2026-07-27 11:41:24,257] INFO django.server "POST /tournaments/registration/59/update/ HTTP/1.1" 302 0
[2026-07-27 11:41:24,384] INFO django.server "GET /tournaments/participants/?tournament=3 HTTP/1.1" 200 771918
[2026-07-27 11:41:26,415] INFO django.server "GET /tournaments/ HTTP/1.1" 200 13254
[2026-07-27 11:41:27,493] INFO django.server "GET /tournaments/3/ HTTP/1.1" 200 11768
[2026-07-27 11:41:29,372] INFO django.server "GET /tournaments/3/bracket/22/ HTTP/1.1" 200 44586
[2026-07-27 11:41:30,475] INFO django.server "GET /tournaments/3/bracket/22/delete/ HTTP/1.1" 302 0
[2026-07-27 11:41:30,488] INFO django.server "GET /tournaments/3/ HTTP/1.1" 200 11663
[2026-07-27 11:41:32,255] INFO django.server "GET /tournaments/3/categories/ HTTP/1.1" 200 16390
[2026-07-27 11:41:35,251] INFO django.server "POST /tournaments/3/categories/ HTTP/1.1" 302 0
[2026-07-27 11:41:35,263] INFO django.server "GET /tournaments/3/categories/ HTTP/1.1" 200 11103
[2026-07-27 11:41:35,954] INFO django.server "GET /tournaments/3/categories/ HTTP/1.1" 200 10731
[2026-07-27 11:41:37,690] INFO django.server "GET /tournaments/ HTTP/1.1" 200 13254
[2026-07-27 11:41:40,567] INFO django.server "GET /tournaments/participants/ HTTP/1.1" 200 7217
[2026-07-27 11:41:42,342] INFO django.server "GET /tournaments/participants/?tournament=3 HTTP/1.1" 200 760842
[2026-07-27 11:41:50,546] INFO django.server "POST /tournaments/registration/57/delete/ HTTP/1.1" 302 0
[2026-07-27 11:41:50,677] INFO django.server "GET /tournaments/participants/?tournament=3 HTTP/1.1" 200 745268
[2026-07-27 11:41:54,466] INFO django.server "POST /tournaments/registration/32/delete/ HTTP/1.1" 302 0
[2026-07-27 11:41:54,591] INFO django.server "GET /tournaments/participants/?tournament=3 HTTP/1.1" 200 729281
[2026-07-27 11:41:57,760] INFO django.server "POST /tournaments/registration/50/delete/ HTTP/1.1" 302 0
[2026-07-27 11:41:57,883] INFO django.server "GET /tournaments/participants/?tournament=3 HTTP/1.1" 200 713292
[2026-07-27 11:41:58,913] INFO django.server "GET /tournaments/3/auto-assign/ HTTP/1.1" 302 0
[2026-07-27 11:41:59,033] INFO django.server "GET /tournaments/participants/?tournament=3 HTTP/1.1" 200 715278
[2026-07-27 11:42:03,961] INFO django.server "GET /tournaments/3/categories/ HTTP/1.1" 200 10731
[2026-07-27 11:42:20,298] INFO django.server "POST /tournaments/3/categories/ HTTP/1.1" 302 0
[2026-07-27 11:42:20,312] INFO django.server "GET /tournaments/3/categories/ HTTP/1.1" 200 16783
[2026-07-27 11:42:23,556] INFO django.server "GET /tournaments/3/ HTTP/1.1" 200 11321
[2026-07-27 11:42:26,921] INFO django.server "GET /tournaments/fighters/ HTTP/1.1" 200 81658
[2026-07-27 11:42:28,111] INFO django.server "GET /tournaments/participants/ HTTP/1.1" 200 7217
[2026-07-27 11:42:29,759] INFO django.server "GET /tournaments/participants/?tournament=3 HTTP/1.1" 200 723363
[2026-07-27 11:42:32,222] INFO django.server "GET /tournaments/3/auto-assign/ HTTP/1.1" 302 0
[2026-07-27 11:42:32,343] INFO django.server "GET /tournaments/participants/?tournament=3 HTTP/1.1" 200 724037
[2026-07-27 11:42:34,412] INFO django.server "GET /tournaments/ HTTP/1.1" 200 13254
[2026-07-27 11:42:35,691] INFO django.server "GET /tournaments/3/ HTTP/1.1" 200 11321
[2026-07-27 11:42:36,917] INFO django.server "GET /tournaments/3/brackets/generate/ HTTP/1.1" 302 0
[2026-07-27 11:42:36,930] INFO django.server "GET /tournaments/3/ HTTP/1.1" 200 12519
[2026-07-27 11:42:37,922] INFO django.server "GET /tournaments/3/bracket/23/ HTTP/1.1" 200 48791
[2026-07-27 11:42:42,584] INFO django.server "GET /tournaments/3/fights/ HTTP/1.1" 200 59797
[2026-07-27 11:42:45,769] INFO django.server "GET /tournaments/3/fight/336/assign-judge/ HTTP/1.1" 200 8025
[2026-07-27 11:42:48,869] INFO django.server "POST /tournaments/3/fight/336/assign-judge/ HTTP/1.1" 302 0
[2026-07-27 11:42:48,888] INFO django.server "GET /tournaments/3/fights/ HTTP/1.1" 200 58707
[2026-07-27 11:42:53,310] INFO django.server "GET /users/logout/ HTTP/1.1" 302 0
[2026-07-27 11:42:53,321] INFO django.server "GET / HTTP/1.1" 200 8816
[2026-07-27 11:42:59,442] INFO django.server "GET /users/login/ HTTP/1.1" 200 5432
[2026-07-27 11:43:02,037] INFO django.server "POST /users/login/ HTTP/1.1" 302 0
[2026-07-27 11:43:02,047] INFO django.server "GET /dashboard/ HTTP/1.1" 200 7349
[2026-07-27 11:43:02,917] INFO django.server "GET /tournaments/judge/dashboard/ HTTP/1.1" 200 41887
[2026-07-27 11:43:04,098] INFO django.server "GET /tournaments/judge/fight/336/panel/ HTTP/1.1" 200 20349
[2026-07-27 11:43:06,156] INFO django.server "POST /tournaments/judge/fight/336/panel/ HTTP/1.1" 302 0
[2026-07-27 11:43:06,191] INFO django.server "GET /tournaments/judge/dashboard/ HTTP/1.1" 200 42304
[2026-07-27 11:43:06,952] INFO django.server "GET /tournaments/judge/fight/337/panel/ HTTP/1.1" 200 20345
[2026-07-27 11:43:11,755] INFO django.server "POST /tournaments/3/fight/337/timer/control/ HTTP/1.1" 200 86
[2026-07-27 11:43:12,027] INFO django.server "POST /tournaments/3/fight/337/timer/control/ HTTP/1.1" 200 86
[2026-07-27 11:43:12,703] INFO django.server "POST /tournaments/judge/fight/337/panel/ HTTP/1.1" 302 0
[2026-07-27 11:43:12,736] INFO django.server "GET /tournaments/judge/dashboard/ HTTP/1.1" 200 42382
[2026-07-27 11:43:13,670] INFO django.server "GET /tournaments/judge/fight/338/panel/ HTTP/1.1" 200 20349
[2026-07-27 11:43:17,825] INFO django.server "POST /tournaments/judge/fight/338/panel/ HTTP/1.1" 302 0
[2026-07-27 11:43:17,859] INFO django.server "GET /tournaments/judge/dashboard/ HTTP/1.1" 200 42460
[2026-07-27 11:43:20,942] INFO django.server "GET /tournaments/judge/fight/339/panel/ HTTP/1.1" 200 20361
[2026-07-27 11:43:25,881] INFO django.server "POST /tournaments/judge/fight/339/panel/ HTTP/1.1" 302 0
[2026-07-27 11:43:25,921] INFO django.server "GET /tournaments/judge/dashboard/ HTTP/1.1" 200 42538
[2026-07-27 11:43:27,068] INFO django.server "GET /tournaments/judge/fight/340/panel/ HTTP/1.1" 200 20333
[2026-07-27 11:43:34,080] INFO django.server "POST /tournaments/3/fight/340/timer/control/ HTTP/1.1" 200 86
[2026-07-27 11:43:34,367] INFO django.server "POST /tournaments/3/fight/340/timer/control/ HTTP/1.1" 200 86
[2026-07-27 11:43:35,165] INFO django.server "POST /tournaments/judge/fight/340/panel/ HTTP/1.1" 302 0
[2026-07-27 11:43:35,234] INFO django.server "GET /tournaments/judge/dashboard/ HTTP/1.1" 200 42608
[2026-07-27 11:43:36,291] INFO django.server "GET /tournaments/judge/fight/344/panel/ HTTP/1.1" 200 20345
[2026-07-27 11:43:40,486] INFO django.server "POST /tournaments/3/fight/344/timer/control/ HTTP/1.1" 200 86
[2026-07-27 11:43:40,952] INFO django.server "POST /tournaments/judge/fight/344/panel/ HTTP/1.1" 302 0
[2026-07-27 11:43:40,986] INFO django.server "GET /tournaments/judge/dashboard/ HTTP/1.1" 200 42678
[2026-07-27 11:43:42,123] INFO django.server "GET /tournaments/judge/fight/342/panel/ HTTP/1.1" 200 20349
[2026-07-27 11:43:50,317] INFO django.server "POST /tournaments/3/fight/342/timer/control/ HTTP/1.1" 200 86
[2026-07-27 11:43:50,589] INFO django.server "POST /tournaments/3/fight/342/timer/control/ HTTP/1.1" 200 86
[2026-07-27 11:43:51,063] INFO django.server "POST /tournaments/judge/fight/342/panel/ HTTP/1.1" 302 0
[2026-07-27 11:43:51,100] INFO django.server "GET /tournaments/judge/dashboard/ HTTP/1.1" 200 42750
[2026-07-27 11:43:51,993] INFO django.server "GET /tournaments/judge/fight/345/panel/ HTTP/1.1" 200 20351
[2026-07-27 11:43:57,249] INFO django.server "POST /tournaments/judge/fight/345/panel/ HTTP/1.1" 302 0
[2026-07-27 11:43:57,286] INFO django.server "GET /tournaments/judge/dashboard/ HTTP/1.1" 200 42822
[2026-07-27 11:43:58,624] INFO django.server "GET /tournaments/judge/fight/343/panel/ HTTP/1.1" 200 20333
[2026-07-27 11:44:02,478] INFO django.server "POST /tournaments/judge/fight/343/panel/ HTTP/1.1" 302 0
[2026-07-27 11:44:02,511] INFO django.server "GET /tournaments/judge/dashboard/ HTTP/1.1" 200 42892
[2026-07-27 11:44:03,479] INFO django.server "GET /tournaments/judge/fight/341/panel/ HTTP/1.1" 200 20337
[2026-07-27 11:44:07,333] INFO tournaments Auto-playoff created for bracket 23: Плей-офф создан: 3 участников, 2 раунд(ов)
[2026-07-27 11:44:07,333] INFO django.server "POST /tournaments/judge/fight/341/panel/ HTTP/1.1" 302 0
[2026-07-27 11:44:07,369] INFO django.server "GET /tournaments/judge/dashboard/ HTTP/1.1" 200 42266
[2026-07-27 11:44:08,891] INFO django.server "GET /users/logout/ HTTP/1.1" 302 0
[2026-07-27 11:44:08,900] INFO django.server "GET / HTTP/1.1" 200 8816
[2026-07-27 11:44:09,655] INFO django.server "GET /users/login/ HTTP/1.1" 200 5432
[2026-07-27 11:44:12,241] INFO django.server "POST /users/login/ HTTP/1.1" 302 0
[2026-07-27 11:44:12,251] INFO django.server "GET /dashboard/ HTTP/1.1" 200 10020
[2026-07-27 11:44:15,241] INFO django.server "GET /tournaments/participants/ HTTP/1.1" 200 7217
[2026-07-27 11:44:17,187] INFO django.server "GET /tournaments/ HTTP/1.1" 200 13254
[2026-07-27 11:44:18,211] INFO django.server "GET /tournaments/3/ HTTP/1.1" 200 11784
[2026-07-27 11:44:19,290] INFO django.server "GET /tournaments/3/bracket/23/ HTTP/1.1" 200 65114
[2026-07-27 11:44:22,877] INFO tournaments === advance_winners: сетка #23, текущий раунд 1 ===
[2026-07-27 11:44:22,881] INFO tournaments Раунд 1: всего 10, завершено 10, BYE 0, итого 10
[2026-07-27 11:44:22,883] INFO tournaments   Бой #336: победитель Тихон Воробьёв
[2026-07-27 11:44:22,884] INFO tournaments   Бой #337: победитель Тамерлан Дмитриев
[2026-07-27 11:44:22,884] INFO tournaments   Бой #338: победитель Тамерлан Дмитриев
[2026-07-27 11:44:22,885] INFO tournaments   Бой #339: победитель Тамерлан Дмитриев
[2026-07-27 11:44:22,886] INFO tournaments   Бой #340: победитель Максим Козлов
[2026-07-27 11:44:22,886] INFO tournaments   Бой #341: победитель Дмитрий Волков
[2026-07-27 11:44:22,887] INFO tournaments   Бой #342: победитель Тихон Воробьёв
[2026-07-27 11:44:22,888] INFO tournaments   Бой #343: победитель Максим Козлов
[2026-07-27 11:44:22,888] INFO tournaments   Бой #344: победитель Максим Козлов
[2026-07-27 11:44:22,889] INFO tournaments   Бой #345: победитель Дмитрий Волков
[2026-07-27 11:44:22,889] INFO tournaments Всего победителей: 10
[2026-07-27 11:44:22,896] INFO tournaments Создан раунд 2 с 5 парами и 0 BYE
[2026-07-27 11:44:22,899] INFO django.server "GET /tournaments/3/brackets/advance/?bracket_id=23 HTTP/1.1" 302 0
[2026-07-27 11:44:22,929] INFO django.server "GET /tournaments/3/bracket/23/ HTTP/1.1" 200 68752
[2026-07-27 11:44:53,982] INFO django.server "GET /tournaments/3/bracket/23/ HTTP/1.1" 200 68376
[2026-07-27 11:44:56,287] INFO django.server "GET /tournaments/3/fights/ HTTP/1.1" 200 59366
[2026-07-27 11:44:58,294] INFO django.server "GET /tournaments/3/fights/?page=2 HTTP/1.1" 200 59790
[2026-07-27 11:45:00,509] INFO django.server "GET /tournaments/3/fight/349/assign-judge/ HTTP/1.1" 200 8025
[2026-07-27 11:45:02,879] INFO django.server "POST /tournaments/3/fight/349/assign-judge/ HTTP/1.1" 302 0
[2026-07-27 11:45:02,899] INFO django.server "GET /tournaments/3/fights/ HTTP/1.1" 200 59727
[2026-07-27 11:45:05,732] INFO django.server "GET /tournaments/3/fights/?page=2 HTTP/1.1" 200 59492
[2026-07-27 11:45:07,588] INFO django.server "GET /tournaments/3/fight/350/assign-judge/ HTTP/1.1" 200 8031
[2026-07-27 11:45:09,858] INFO django.server "POST /tournaments/3/fight/350/assign-judge/ HTTP/1.1" 302 0
[2026-07-27 11:45:09,878] INFO django.server "GET /tournaments/3/fights/ HTTP/1.1" 200 59767
[2026-07-27 11:45:11,411] INFO django.server "GET /users/logout/ HTTP/1.1" 302 0
[2026-07-27 11:45:11,421] INFO django.server "GET / HTTP/1.1" 200 8816
[2026-07-27 11:45:12,774] INFO django.server "GET /users/login/ HTTP/1.1" 200 5432
[2026-07-27 11:45:16,008] INFO django.server "POST /users/login/ HTTP/1.1" 302 0
[2026-07-27 11:45:16,017] INFO django.server "GET /dashboard/ HTTP/1.1" 200 7349
[2026-07-27 11:45:17,004] INFO django.server "GET /tournaments/judge/dashboard/ HTTP/1.1" 200 47488
[2026-07-27 11:45:17,989] INFO django.server "GET /tournaments/judge/fight/351/panel/ HTTP/1.1" 200 20333
[2026-07-27 11:45:23,400] INFO django.server "POST /tournaments/3/fight/351/timer/control/ HTTP/1.1" 200 86
[2026-07-27 11:45:25,983] INFO django.server "POST /tournaments/3/fight/351/timer/control/ HTTP/1.1" 200 86
[2026-07-27 11:45:26,729] INFO django.server "POST /tournaments/judge/fight/351/panel/ HTTP/1.1" 302 0
[2026-07-27 11:45:26,769] INFO django.server "GET /tournaments/judge/dashboard/ HTTP/1.1" 200 47905
[2026-07-27 11:45:27,739] INFO django.server "GET /tournaments/judge/fight/348/panel/ HTTP/1.1" 200 20168
[2026-07-27 11:45:35,075] INFO django.server "GET /tournaments/judge/fight/349/panel/ HTTP/1.1" 200 20349
[2026-07-27 11:45:37,138] INFO django.server "POST /tournaments/judge/fight/349/panel/ HTTP/1.1" 302 0
[2026-07-27 11:45:37,176] INFO django.server "GET /tournaments/judge/dashboard/ HTTP/1.1" 200 47977
[2026-07-27 11:45:37,921] INFO django.server "GET /tournaments/judge/fight/350/panel/ HTTP/1.1" 200 20296
[2026-07-27 11:45:39,960] INFO django.server "POST /tournaments/judge/fight/350/panel/ HTTP/1.1" 302 0
[2026-07-27 11:45:39,997] INFO django.server "GET /tournaments/judge/dashboard/ HTTP/1.1" 200 48055
[2026-07-27 11:45:40,802] INFO django.server "GET /tournaments/judge/fight/352/panel/ HTTP/1.1" 200 20333
[2026-07-27 11:45:43,121] INFO django.server "POST /tournaments/judge/fight/352/panel/ HTTP/1.1" 302 0
[2026-07-27 11:45:43,165] INFO django.server "GET /tournaments/judge/dashboard/ HTTP/1.1" 200 48127
[2026-07-27 11:45:44,336] INFO django.server "GET /tournaments/judge/fight/353/panel/ HTTP/1.1" 200 20333
[2026-07-27 11:45:46,215] INFO django.server "POST /tournaments/judge/fight/353/panel/ HTTP/1.1" 302 0
[2026-07-27 11:45:46,254] INFO django.server "GET /tournaments/judge/dashboard/ HTTP/1.1" 200 48197
[2026-07-27 11:45:48,447] INFO django.server "GET /tournaments/judge/fight/348/panel/ HTTP/1.1" 200 20168
[2026-07-27 11:45:50,686] INFO django.server "POST /tournaments/judge/fight/348/panel/ HTTP/1.1" 302 0
[2026-07-27 11:45:50,724] INFO django.server "GET /tournaments/judge/dashboard/ HTTP/1.1" 200 47547
[2026-07-27 11:45:52,244] INFO django.server "GET /users/logout/ HTTP/1.1" 302 0
[2026-07-27 11:45:52,254] INFO django.server "GET / HTTP/1.1" 200 8816
[2026-07-27 11:45:53,736] INFO django.server "GET /users/login/ HTTP/1.1" 200 5432
[2026-07-27 11:45:55,821] INFO django.server "POST /users/login/ HTTP/1.1" 302 0
[2026-07-27 11:45:55,831] INFO django.server "GET /dashboard/ HTTP/1.1" 200 10020
[2026-07-27 11:45:56,961] INFO django.server "GET /tournaments/participants/ HTTP/1.1" 200 7217
[2026-07-27 11:45:59,116] INFO django.server "GET /tournaments/ HTTP/1.1" 200 13254
[2026-07-27 11:45:59,910] INFO django.server "GET /tournaments/3/ HTTP/1.1" 200 11774
[2026-07-27 11:46:00,774] INFO django.server "GET /tournaments/3/bracket/23/ HTTP/1.1" 200 77607
[2026-07-27 11:46:08,727] INFO tournaments === advance_winners: сетка #23, текущий раунд 2 ===
[2026-07-27 11:46:08,731] INFO tournaments Раунд 2: всего 5, завершено 5, BYE 0, итого 5
[2026-07-27 11:46:08,733] INFO tournaments   Бой #349: победитель Тихон Воробьёв
[2026-07-27 11:46:08,733] INFO tournaments   Бой #350: победитель Тамерлан Дмитриев
[2026-07-27 11:46:08,734] INFO tournaments   Бой #351: победитель Дмитрий Волков
[2026-07-27 11:46:08,735] INFO tournaments   Бой #352: победитель Тихон Воробьёв
[2026-07-27 11:46:08,736] INFO tournaments   Бой #353: победитель Максим Козлов
[2026-07-27 11:46:08,736] INFO tournaments Всего победителей: 5
[2026-07-27 11:46:08,741] INFO tournaments Создан раунд 3 с 2 парами и 1 BYE
[2026-07-27 11:46:08,745] INFO django.server "GET /tournaments/3/brackets/advance/?bracket_id=23 HTTP/1.1" 302 0
[2026-07-27 11:46:08,782] INFO django.server "GET /tournaments/3/bracket/23/ HTTP/1.1" 200 73125
[2026-07-27 11:49:09,562] INFO django.server "GET /tournaments/ HTTP/1.1" 200 13254
[2026-07-27 11:49:10,379] INFO django.server "GET /tournaments/3/ HTTP/1.1" 200 11785
[2026-07-27 11:49:14,052] INFO django.server "GET /tournaments/3/bracket/23/ HTTP/1.1" 200 72749
[2026-07-27 11:49:15,104] INFO django.server "GET /tournaments/3/bracket/23/delete/ HTTP/1.1" 302 0
[2026-07-27 11:49:15,117] INFO django.server "GET /tournaments/3/ HTTP/1.1" 200 11668
[2026-07-27 11:49:16,867] INFO django.server "GET /tournaments/3/categories/ HTTP/1.1" 200 16405
[2026-07-27 11:49:25,106] INFO django.server "POST /tournaments/3/categories/ HTTP/1.1" 302 0
[2026-07-27 11:49:25,120] INFO django.server "GET /tournaments/3/categories/ HTTP/1.1" 200 16764
[2026-07-27 11:49:26,791] INFO django.server "GET /tournaments/3/categories/ HTTP/1.1" 200 16405
[2026-07-27 11:49:30,110] INFO django.server "GET /tournaments/3/brackets/generate/ HTTP/1.1" 302 0
[2026-07-27 11:49:30,124] INFO django.server "GET /tournaments/3/ HTTP/1.1" 200 12519
[2026-07-27 11:49:31,159] INFO django.server "GET /tournaments/3/bracket/24/ HTTP/1.1" 200 48791
[2026-07-27 11:49:36,060] INFO django.server "GET /tournaments/3/fights/ HTTP/1.1" 200 59738
[2026-07-27 11:49:37,478] INFO django.server "GET /tournaments/3/fight/357/assign-judge/ HTTP/1.1" 200 8025
[2026-07-27 11:49:39,900] INFO django.server "POST /tournaments/3/fight/357/assign-judge/ HTTP/1.1" 302 0
[2026-07-27 11:49:39,920] INFO django.server "GET /tournaments/3/fights/ HTTP/1.1" 200 58947
[2026-07-27 11:49:41,812] INFO django.server "GET /users/logout/ HTTP/1.1" 302 0
[2026-07-27 11:49:41,822] INFO django.server "GET / HTTP/1.1" 200 8816
[2026-07-27 11:49:44,943] INFO django.server "GET /users/login/ HTTP/1.1" 200 5432
[2026-07-27 11:49:48,167] INFO django.server "POST /users/login/ HTTP/1.1" 302 0
[2026-07-27 11:49:48,176] INFO django.server "GET /dashboard/ HTTP/1.1" 200 7349
[2026-07-27 11:49:48,883] INFO django.server "GET /tournaments/judge/dashboard/ HTTP/1.1" 200 57740
[2026-07-27 11:49:50,487] INFO django.server "GET /tournaments/judge/fight/354/panel/ HTTP/1.1" 200 20349
[2026-07-27 11:49:56,743] INFO django.server "POST /tournaments/judge/fight/354/panel/ HTTP/1.1" 302 0
[2026-07-27 11:49:56,787] INFO django.server "GET /tournaments/judge/dashboard/ HTTP/1.1" 200 58157
[2026-07-27 11:50:02,397] INFO django.server "GET /tournaments/judge/fight/355/panel/ HTTP/1.1" 200 20337
[2026-07-27 11:50:04,560] INFO django.server "POST /tournaments/judge/fight/355/panel/ HTTP/1.1" 302 0
[2026-07-27 11:50:04,605] INFO django.server "GET /tournaments/judge/dashboard/ HTTP/1.1" 200 58229
[2026-07-27 11:50:05,348] INFO django.server "GET /tournaments/judge/fight/356/panel/ HTTP/1.1" 200 20250
[2026-07-27 11:50:07,799] INFO django.server "POST /tournaments/judge/fight/356/panel/ HTTP/1.1" 302 0
[2026-07-27 11:50:07,843] INFO django.server "GET /tournaments/judge/dashboard/ HTTP/1.1" 200 58299
[2026-07-27 11:50:08,796] INFO django.server "GET /tournaments/judge/fight/357/panel/ HTTP/1.1" 200 20349
[2026-07-27 11:50:14,315] INFO django.server "POST /tournaments/judge/fight/357/panel/ HTTP/1.1" 302 0
[2026-07-27 11:50:14,359] INFO django.server "GET /tournaments/judge/dashboard/ HTTP/1.1" 200 58371
[2026-07-27 11:50:15,122] INFO django.server "GET /tournaments/judge/fight/359/panel/ HTTP/1.1" 200 20333
[2026-07-27 11:50:19,661] INFO django.server "POST /tournaments/judge/fight/359/panel/ HTTP/1.1" 302 0
[2026-07-27 11:50:19,704] INFO django.server "GET /tournaments/judge/dashboard/ HTTP/1.1" 200 58441
[2026-07-27 11:50:20,433] INFO django.server "GET /tournaments/judge/fight/362/panel/ HTTP/1.1" 200 20345
[2026-07-27 11:50:24,865] INFO django.server "POST /tournaments/judge/fight/362/panel/ HTTP/1.1" 302 0
[2026-07-27 11:50:24,914] INFO django.server "GET /tournaments/judge/dashboard/ HTTP/1.1" 200 58519
[2026-07-27 11:50:25,641] INFO django.server "GET /tournaments/judge/fight/361/panel/ HTTP/1.1" 200 20349
[2026-07-27 11:50:31,140] INFO django.server "POST /tournaments/3/fight/361/timer/control/ HTTP/1.1" 200 86
[2026-07-27 11:50:31,411] INFO django.server "POST /tournaments/3/fight/361/timer/control/ HTTP/1.1" 200 86
[2026-07-27 11:50:33,077] INFO django.server "POST /tournaments/judge/fight/361/panel/ HTTP/1.1" 302 0
[2026-07-27 11:50:33,122] INFO django.server "GET /tournaments/judge/dashboard/ HTTP/1.1" 200 58597
[2026-07-27 11:50:33,720] INFO django.server "GET /tournaments/judge/fight/363/panel/ HTTP/1.1" 200 20361
[2026-07-27 11:50:38,704] INFO django.server "POST /tournaments/judge/fight/363/panel/ HTTP/1.1" 302 0
[2026-07-27 11:50:38,747] INFO django.server "GET /tournaments/judge/dashboard/ HTTP/1.1" 200 58675
[2026-07-27 11:50:39,559] INFO django.server "GET /tournaments/judge/fight/365/panel/ HTTP/1.1" 200 20349
[2026-07-27 11:50:44,451] INFO django.server "POST /tournaments/judge/fight/365/panel/ HTTP/1.1" 302 0
[2026-07-27 11:50:44,495] INFO django.server "GET /tournaments/judge/dashboard/ HTTP/1.1" 200 58753
[2026-07-27 11:50:45,206] INFO django.server "GET /tournaments/judge/fight/364/panel/ HTTP/1.1" 200 20333
[2026-07-27 11:50:49,122] INFO django.server "POST /tournaments/judge/fight/364/panel/ HTTP/1.1" 302 0
[2026-07-27 11:50:49,165] INFO django.server "GET /tournaments/judge/dashboard/ HTTP/1.1" 200 58825
[2026-07-27 11:50:50,309] INFO django.server "GET /tournaments/judge/fight/360/panel/ HTTP/1.1" 200 20349
[2026-07-27 11:50:56,768] INFO django.server "POST /tournaments/3/fight/360/timer/control/ HTTP/1.1" 200 86
[2026-07-27 11:50:57,081] INFO django.server "POST /tournaments/3/fight/360/timer/control/ HTTP/1.1" 200 86
[2026-07-27 11:50:57,696] INFO django.server "POST /tournaments/judge/fight/360/panel/ HTTP/1.1" 302 0
[2026-07-27 11:50:57,740] INFO django.server "GET /tournaments/judge/dashboard/ HTTP/1.1" 200 58897
[2026-07-27 11:50:58,708] INFO django.server "GET /tournaments/judge/fight/366/panel/ HTTP/1.1" 200 20347
[2026-07-27 11:51:02,951] INFO django.server "POST /tournaments/judge/fight/366/panel/ HTTP/1.1" 302 0
[2026-07-27 11:51:02,995] INFO django.server "GET /tournaments/judge/dashboard/ HTTP/1.1" 200 58975
[2026-07-27 11:51:04,084] INFO django.server "GET /tournaments/judge/fight/358/panel/ HTTP/1.1" 200 20337
[2026-07-27 11:51:11,526] INFO django.server "POST /tournaments/3/fight/358/timer/control/ HTTP/1.1" 200 86
[2026-07-27 11:51:11,822] INFO django.server "POST /tournaments/3/fight/358/timer/control/ HTTP/1.1" 200 86
[2026-07-27 11:51:12,697] INFO tournaments Auto-playoff created for bracket 24: Плей-офф создан: 3 участников, 2 раунд(ов)
[2026-07-27 11:51:12,698] INFO django.server "POST /tournaments/judge/fight/358/panel/ HTTP/1.1" 302 0
[2026-07-27 11:51:12,742] INFO django.server "GET /tournaments/judge/dashboard/ HTTP/1.1" 200 58349
[2026-07-27 11:51:15,479] INFO django.server "GET /users/logout/ HTTP/1.1" 302 0
[2026-07-27 11:51:15,489] INFO django.server "GET / HTTP/1.1" 200 8816
[2026-07-27 11:51:16,202] INFO django.server "GET /users/login/ HTTP/1.1" 200 5432
[2026-07-27 11:51:18,623] INFO django.server "POST /users/login/ HTTP/1.1" 302 0
[2026-07-27 11:51:18,633] INFO django.server "GET /dashboard/ HTTP/1.1" 200 10020
[2026-07-27 11:51:20,209] INFO django.server "GET /tournaments/ HTTP/1.1" 200 13254
[2026-07-27 11:51:21,209] INFO django.server "GET /tournaments/3/ HTTP/1.1" 200 11784
[2026-07-27 11:51:21,957] INFO django.server "GET /tournaments/3/bracket/24/ HTTP/1.1" 200 65122
[2026-07-27 11:52:31,701] INFO django.server "GET /tournaments/3/fights/ HTTP/1.1" 200 59378
[2026-07-27 11:52:33,757] INFO django.server "GET /tournaments/3/fights/?page=2 HTTP/1.1" 200 59444
[2026-07-27 11:52:35,307] INFO django.server "GET /tournaments/3/fights/?page=3 HTTP/1.1" 200 47203
[2026-07-27 11:53:43,867] INFO django.server "GET /tournaments/ HTTP/1.1" 200 13254
[2026-07-27 11:53:45,139] INFO django.server "GET /tournaments/3/ HTTP/1.1" 200 11784
[2026-07-27 11:53:46,144] INFO django.server "GET /tournaments/3/bracket/24/ HTTP/1.1" 200 65122
[2026-07-27 11:55:12,614] INFO django.server "GET /tournaments/3/fights/ HTTP/1.1" 200 59378
[2026-07-27 11:55:14,549] INFO django.server "GET /tournaments/3/fights/?page=2 HTTP/1.1" 200 59444
[2026-07-27 11:55:15,974] INFO django.server "GET /tournaments/3/fights/?page=3 HTTP/1.1" 200 47203
[2026-07-27 11:55:19,286] INFO django.server "GET /tournaments/3/fight/367/assign-judge/ HTTP/1.1" 200 8025
[2026-07-27 11:55:21,611] INFO django.server "POST /tournaments/3/fight/367/assign-judge/ HTTP/1.1" 302 0
[2026-07-27 11:55:21,630] INFO django.server "GET /tournaments/3/fights/ HTTP/1.1" 200 59739
[2026-07-27 11:55:26,429] INFO django.server "GET /tournaments/3/fights/?status=scheduled HTTP/1.1" 200 14791
[2026-07-27 11:55:27,620] INFO django.server "GET /tournaments/3/fight/369/assign-judge/ HTTP/1.1" 200 7972
[2026-07-27 11:55:29,683] INFO django.server "POST /tournaments/3/fight/369/assign-judge/ HTTP/1.1" 302 0
[2026-07-27 11:55:29,703] INFO django.server "GET /tournaments/3/fights/ HTTP/1.1" 200 59739
[2026-07-27 11:55:31,153] INFO django.server "GET /users/logout/ HTTP/1.1" 302 0
[2026-07-27 11:55:31,163] INFO django.server "GET / HTTP/1.1" 200 8816
[2026-07-27 11:55:32,637] INFO django.server "GET /users/login/ HTTP/1.1" 200 5432
[2026-07-27 11:55:35,701] INFO django.server "POST /users/login/ HTTP/1.1" 302 0
[2026-07-27 11:55:35,709] INFO django.server "GET /dashboard/ HTTP/1.1" 200 7349
[2026-07-27 11:55:36,533] INFO django.server "GET /tournaments/judge/dashboard/ HTTP/1.1" 200 60293
[2026-07-27 11:55:39,619] INFO django.server "GET /tournaments/judge/fight/367/panel/ HTTP/1.1" 200 20349
[2026-07-27 11:55:43,839] INFO django.server "POST /tournaments/judge/fight/367/panel/ HTTP/1.1" 302 0
[2026-07-27 11:55:43,885] INFO django.server "GET /tournaments/judge/dashboard/ HTTP/1.1" 200 60749
[2026-07-27 11:55:45,779] INFO django.server "GET /tournaments/judge/fight/369/panel/ HTTP/1.1" 200 20266
[2026-07-27 11:55:48,327] INFO django.server "GET /users/logout/ HTTP/1.1" 302 0
[2026-07-27 11:55:48,337] INFO django.server "GET / HTTP/1.1" 200 8816
[2026-07-27 11:55:49,334] INFO django.server "GET /tournaments/ HTTP/1.1" 200 10977
[2026-07-27 11:55:50,019] INFO django.server "GET /users/login/ HTTP/1.1" 200 5432
[2026-07-27 11:55:51,187] INFO django.server "POST /users/login/ HTTP/1.1" 302 0
[2026-07-27 11:55:51,196] INFO django.server "GET /dashboard/ HTTP/1.1" 200 7349
[2026-07-27 11:55:52,951] INFO django.server "GET /users/logout/ HTTP/1.1" 302 0
[2026-07-27 11:55:52,961] INFO django.server "GET / HTTP/1.1" 200 8816
[2026-07-27 11:55:53,874] INFO django.server "GET /users/login/ HTTP/1.1" 200 5432
[2026-07-27 11:55:56,395] INFO django.server "POST /users/login/ HTTP/1.1" 302 0
[2026-07-27 11:55:56,405] INFO django.server "GET /dashboard/ HTTP/1.1" 200 10020
[2026-07-27 11:55:58,092] INFO django.server "GET /tournaments/participants/ HTTP/1.1" 200 7217
[2026-07-27 11:56:00,672] INFO django.server "GET /tournaments/ HTTP/1.1" 200 13254
[2026-07-27 11:56:01,377] INFO django.server "GET /tournaments/3/ HTTP/1.1" 200 11784
[2026-07-27 11:56:01,943] INFO django.server "GET /tournaments/3/bracket/24/ HTTP/1.1" 200 65606
[2026-07-27 11:56:06,200] INFO tournaments === advance_winners: сетка #24, текущий раунд 1 ===
[2026-07-27 11:56:06,202] INFO tournaments Раунд 1: всего 10, завершено 10, BYE 0, итого 10
[2026-07-27 11:56:06,204] INFO tournaments   Бой #357: победитель Тихон Воробьёв
[2026-07-27 11:56:06,205] INFO tournaments   Бой #358: победитель Тихон Воробьёв
[2026-07-27 11:56:06,205] INFO tournaments   Бой #359: победитель Максим Козлов
[2026-07-27 11:56:06,206] INFO tournaments   Бой #360: победитель Тихон Воробьёв
[2026-07-27 11:56:06,207] INFO tournaments   Бой #361: победитель Тамерлан Дмитриев
[2026-07-27 11:56:06,207] INFO tournaments   Бой #362: победитель Тамерлан Дмитриев
[2026-07-27 11:56:06,208] INFO tournaments   Бой #363: победитель Тамерлан Дмитриев
[2026-07-27 11:56:06,209] INFO tournaments   Бой #364: победитель Дмитрий Волков
[2026-07-27 11:56:06,209] INFO tournaments   Бой #365: победитель Владислав Ковалёв
[2026-07-27 11:56:06,210] INFO tournaments   Бой #366: победитель Владислав Ковалёв
[2026-07-27 11:56:06,210] INFO tournaments Всего победителей: 10
[2026-07-27 11:56:06,217] INFO tournaments Создан раунд 2 с 5 парами и 0 BYE
[2026-07-27 11:56:06,221] INFO django.server "GET /tournaments/3/brackets/advance/?bracket_id=24 HTTP/1.1" 302 0
[2026-07-27 11:56:06,250] INFO django.server "GET /tournaments/3/bracket/24/ HTTP/1.1" 200 68846
[2026-07-27 11:56:15,688] INFO tournaments === advance_winners: сетка #24, текущий раунд 2 ===
[2026-07-27 11:56:15,690] INFO tournaments Раунд 2: всего 5, завершено 0, BYE 0, итого 0
[2026-07-27 11:56:15,691] INFO django.server "GET /tournaments/3/brackets/advance/?bracket_id=24 HTTP/1.1" 302 0
[2026-07-27 11:56:15,719] INFO django.server "GET /tournaments/3/bracket/24/ HTTP/1.1" 200 68901
[2026-07-27 11:56:16,927] INFO tournaments === advance_winners: сетка #24, текущий раунд 2 ===
[2026-07-27 11:56:16,930] INFO tournaments Раунд 2: всего 5, завершено 0, BYE 0, итого 0
[2026-07-27 11:56:16,930] INFO django.server "GET /tournaments/3/brackets/advance/?bracket_id=24 HTTP/1.1" 302 0
[2026-07-27 11:56:16,959] INFO django.server "GET /tournaments/3/bracket/24/ HTTP/1.1" 200 68901
[2026-07-27 11:56:21,263] INFO django.server "GET /tournaments/3/bracket/24/ HTTP/1.1" 200 68470
[2026-07-27 12:56:03,368] WARNING django.request Not Found: /favicon.ico
[2026-07-27 12:56:03,368] WARNING django.server "GET /favicon.ico HTTP/1.1" 404 3038
[2026-07-30 15:04:24,068] INFO django.utils.autoreload Watching for file changes with StatReloader
[2026-07-30 15:04:25,637] INFO django.server "GET / HTTP/1.1" 200 13622
[2026-07-30 15:04:25,769] INFO django.server "GET /static/css/style.css HTTP/1.1" 304 0
[2026-07-30 15:04:26,154] WARNING django.request Not Found: /favicon.ico
[2026-07-30 15:04:26,155] WARNING django.server "GET /favicon.ico HTTP/1.1" 404 3038
[2026-07-30 15:04:29,521] INFO django.server "GET /users/logout/ HTTP/1.1" 302 0
[2026-07-30 15:04:29,530] INFO django.server "GET / HTTP/1.1" 200 8816
[2026-07-30 15:04:35,552] INFO django.server "GET /users/login/ HTTP/1.1" 200 5432
[2026-07-30 15:04:37,529] INFO django.server "POST /users/login/ HTTP/1.1" 302 0
[2026-07-30 15:04:37,548] INFO django.server "GET /dashboard/ HTTP/1.1" 200 10020
[2026-07-30 15:04:44,619] INFO django.server "GET /tournaments/ HTTP/1.1" 200 13254
[2026-07-30 15:04:51,361] INFO django.server "GET /tournaments/3/ HTTP/1.1" 200 11785
[2026-07-30 15:04:57,132] INFO django.server "GET / HTTP/1.1" 200 13622
[2026-07-30 15:04:58,261] INFO django.server "GET /tournaments/participants/ HTTP/1.1" 200 7217
[2026-07-30 15:05:01,523] INFO django.server "GET / HTTP/1.1" 200 13622
[2026-07-30 15:05:02,380] INFO django.server "GET /tournaments/judges/ HTTP/1.1" 200 10010
[2026-07-30 15:05:03,841] INFO django.server "GET /tournaments/judges/add/ HTTP/1.1" 200 9939
[2026-07-30 15:05:48,308] INFO django.server "POST /tournaments/judges/add/ HTTP/1.1" 302 0
[2026-07-30 15:05:48,317] INFO django.server "GET /tournaments/judges/ HTTP/1.1" 200 11413
[2026-07-30 15:05:55,258] INFO django.server "GET /admin/ HTTP/1.1" 200 13921
[2026-07-30 15:05:55,287] INFO django.server "GET /static/admin/css/base.css HTTP/1.1" 200 21544
[2026-07-30 15:05:55,288] INFO django.server "GET /static/admin/css/nav_sidebar.css HTTP/1.1" 200 2810
[2026-07-30 15:05:55,288] INFO django.server "GET /static/admin/css/dark_mode.css HTTP/1.1" 200 2682
[2026-07-30 15:05:55,290] INFO django.server "GET /static/admin/css/dashboard.css HTTP/1.1" 200 441
[2026-07-30 15:05:55,290] INFO django.server "GET /static/admin/css/responsive.css HTTP/1.1" 200 17905
[2026-07-30 15:05:55,303] INFO django.server "GET /static/admin/js/theme.js HTTP/1.1" 200 1943
[2026-07-30 15:05:55,308] INFO django.server "GET /static/admin/img/icon-changelink.svg HTTP/1.1" 200 380
[2026-07-30 15:05:55,309] INFO django.server "GET /static/admin/img/icon-addlink.svg HTTP/1.1" 200 331
[2026-07-30 15:05:55,312] INFO django.server "GET /static/admin/js/nav_sidebar.js HTTP/1.1" 200 3063
[2026-07-30 15:06:02,511] INFO django.server "GET /admin/auth/user/ HTTP/1.1" 200 58693
[2026-07-30 15:06:02,543] INFO django.server "GET /static/admin/css/changelists.css HTTP/1.1" 200 6811
[2026-07-30 15:06:02,558] INFO django.server "GET /static/admin/js/jquery.init.js HTTP/1.1" 200 347
[2026-07-30 15:06:02,568] INFO django.server "GET /static/admin/js/core.js HTTP/1.1" 200 6208
[2026-07-30 15:06:02,570] INFO django.server "GET /static/admin/js/admin/RelatedObjectLookups.js HTTP/1.1" 200 9042
[2026-07-30 15:06:02,574] INFO django.server "GET /static/admin/js/actions.js HTTP/1.1" 200 8067
[2026-07-30 15:06:02,576] INFO django.server "GET /admin/jsi18n/ HTTP/1.1" 200 17546
[2026-07-30 15:06:02,584] INFO django.server "GET /static/admin/js/urlify.js HTTP/1.1" 200 7887
[2026-07-30 15:06:02,589] INFO django.server "GET /static/admin/img/search.svg HTTP/1.1" 200 458
[2026-07-30 15:06:02,591] INFO django.server "GET /static/admin/img/icon-no.svg HTTP/1.1" 200 560
[2026-07-30 15:06:02,595] INFO django.server "GET /static/admin/js/prepopulate.js HTTP/1.1" 200 1531
[2026-07-30 15:06:02,604] INFO django.server "GET /static/admin/img/icon-yes.svg HTTP/1.1" 200 436
[2026-07-30 15:06:02,607] INFO django.server "GET /static/admin/js/vendor/jquery/jquery.js HTTP/1.1" 200 285314
[2026-07-30 15:06:02,634] INFO django.server "GET /static/admin/js/filters.js HTTP/1.1" 200 978
[2026-07-30 15:06:02,671] INFO django.server "GET /static/admin/js/vendor/xregexp/xregexp.js HTTP/1.1" 200 325171
[2026-07-30 15:06:02,702] INFO django.server "GET /static/admin/img/tooltag-add.svg HTTP/1.1" 200 331
[2026-07-30 15:06:02,713] INFO django.server "GET /static/admin/img/sorting-icons.svg HTTP/1.1" 200 1097
[2026-07-30 15:06:02,715] INFO django.server "GET /static/admin/img/icon-viewlink.svg HTTP/1.1" 200 581
[2026-07-30 15:06:15,189] INFO django.server "GET /admin/ HTTP/1.1" 200 13921
[2026-07-30 15:06:20,828] INFO django.server "GET /tournaments/ HTTP/1.1" 200 13254
[2026-07-30 15:06:21,997] INFO django.server "GET /tournaments/3/ HTTP/1.1" 200 11785
[2026-07-30 15:06:26,084] INFO django.server "GET /tournaments/ HTTP/1.1" 200 13254
[2026-07-30 15:06:26,916] INFO django.server "GET / HTTP/1.1" 200 13622
[2026-07-30 15:06:28,224] INFO django.server "GET /tournaments/participants/ HTTP/1.1" 200 7217
[2026-07-30 15:06:29,778] INFO django.server "GET /tournaments/participants/?tournament=3 HTTP/1.1" 200 723313
[2026-07-30 15:06:31,018] INFO django.server "GET /tournaments/3/participants/add/ HTTP/1.1" 200 9775
[2026-07-30 15:07:07,699] INFO django.server "POST /tournaments/3/participants/add/ HTTP/1.1" 302 0
[2026-07-30 15:07:07,824] INFO django.server "GET /tournaments/participants/?tournament=3 HTTP/1.1" 200 739865
[2026-07-30 15:07:08,664] INFO django.server "GET /tournaments/fighters/ HTTP/1.1" 200 82697
[2026-07-30 15:07:10,839] INFO django.server "GET /tournaments/ HTTP/1.1" 200 13254
[2026-07-30 15:07:11,680] INFO django.server "GET / HTTP/1.1" 200 13622
[2026-07-30 15:07:14,411] INFO django.server "GET /tournaments/participants/ HTTP/1.1" 200 7217
[2026-07-30 15:07:16,187] INFO django.server "GET /tournaments/participants/?tournament=3 HTTP/1.1" 200 739473
[2026-07-30 15:07:21,448] INFO django.server "GET /tournaments/3/participants/add/ HTTP/1.1" 200 9775
[2026-07-30 15:07:33,918] INFO django.server "POST /tournaments/3/participants/add/ HTTP/1.1" 302 0
[2026-07-30 15:07:34,050] INFO django.server "GET /tournaments/participants/?tournament=3 HTTP/1.1" 200 756006
[2026-07-30 15:07:38,734] INFO django.server "GET /users/logout/ HTTP/1.1" 302 0
[2026-07-30 15:07:38,743] INFO django.server "GET / HTTP/1.1" 200 8816
[2026-07-30 15:07:40,895] INFO django.server "GET /users/login/ HTTP/1.1" 200 5432
[2026-07-30 15:08:10,804] INFO django.server "POST /users/login/ HTTP/1.1" 200 6119
[2026-07-30 15:08:35,120] INFO django.server "GET /users/login/ HTTP/1.1" 200 5432
[2026-07-30 15:08:38,212] INFO django.server "POST /users/login/ HTTP/1.1" 302 0
[2026-07-30 15:08:38,222] INFO django.server "GET /dashboard/ HTTP/1.1" 200 10020
[2026-07-30 15:08:45,378] INFO django.server "GET /tournaments/participants/ HTTP/1.1" 200 7217
[2026-07-30 15:08:46,872] INFO django.server "GET /tournaments/participants/?tournament=3 HTTP/1.1" 200 755614
[2026-07-30 15:08:49,739] INFO django.server "GET /tournaments/3/auto-assign/ HTTP/1.1" 302 0
[2026-07-30 15:08:49,860] INFO django.server "GET /tournaments/participants/?tournament=3 HTTP/1.1" 200 755991
[2026-07-30 15:08:53,115] INFO django.server "GET /tournaments/3/categories/ HTTP/1.1" 200 16405
[2026-07-30 15:08:55,765] INFO django.server "POST /tournaments/3/categories/ HTTP/1.1" 302 0
[2026-07-30 15:08:55,778] INFO django.server "GET /tournaments/3/categories/ HTTP/1.1" 200 11109
[2026-07-30 15:09:06,226] INFO django.server "GET /tournaments/3/categories/ HTTP/1.1" 200 10731
[2026-07-30 15:09:10,868] INFO django.server "GET /tournaments/participants/?tournament=3 HTTP/1.1" 200 744716
[2026-07-30 15:09:37,750] INFO django.server "GET /tournaments/3/checkpoints/ HTTP/1.1" 200 15306
[2026-07-30 15:09:50,690] INFO django.server "POST /tournaments/checkpoint/4/delete/ HTTP/1.1" 302 0
[2026-07-30 15:09:50,702] INFO django.server "GET /tournaments/3/checkpoints/ HTTP/1.1" 200 14200
[2026-07-30 15:09:52,868] INFO django.server "GET /tournaments/participants/?tournament=3 HTTP/1.1" 200 611807
[2026-07-30 15:10:36,961] INFO django.server "POST /tournaments/registration/35/update/ HTTP/1.1" 302 0
[2026-07-30 15:10:37,075] INFO django.server "GET /tournaments/participants/?tournament=3 HTTP/1.1" 200 612615
[2026-07-30 15:10:48,196] INFO django.server "POST /tournaments/registration/46/update/ HTTP/1.1" 302 0
[2026-07-30 15:10:48,309] INFO django.server "GET /tournaments/participants/?tournament=3 HTTP/1.1" 200 612610
[2026-07-30 15:10:55,310] INFO django.server "POST /tournaments/registration/64/update/ HTTP/1.1" 302 0
[2026-07-30 15:10:55,420] INFO django.server "GET /tournaments/participants/?tournament=3 HTTP/1.1" 200 612605
[2026-07-30 15:11:02,362] INFO django.server "POST /tournaments/registration/61/update/ HTTP/1.1" 302 0
[2026-07-30 15:11:02,474] INFO django.server "GET /tournaments/participants/?tournament=3 HTTP/1.1" 200 612216
[2026-07-30 15:11:07,517] INFO django.server "POST /tournaments/registration/61/update/ HTTP/1.1" 302 0
[2026-07-30 15:11:07,625] INFO django.server "GET /tournaments/participants/?tournament=3 HTTP/1.1" 200 612226
[2026-07-30 15:11:15,719] INFO django.server "POST /tournaments/registration/61/update/ HTTP/1.1" 302 0
[2026-07-30 15:11:15,827] INFO django.server "GET /tournaments/participants/?tournament=3 HTTP/1.1" 200 612608
[2026-07-30 15:11:24,288] INFO django.server "POST /tournaments/registration/59/update/ HTTP/1.1" 302 0
[2026-07-30 15:11:24,404] INFO django.server "GET /tournaments/participants/?tournament=3 HTTP/1.1" 200 612605
[2026-07-30 15:11:28,666] INFO django.server "POST /tournaments/registration/43/update/ HTTP/1.1" 302 0
[2026-07-30 15:11:28,776] INFO django.server "GET /tournaments/participants/?tournament=3 HTTP/1.1" 200 612234
[2026-07-30 15:11:33,316] INFO django.server "POST /tournaments/registration/51/update/ HTTP/1.1" 302 0
[2026-07-30 15:11:33,430] INFO django.server "GET /tournaments/participants/?tournament=3 HTTP/1.1" 200 612249
[2026-07-30 15:11:38,641] INFO django.server "POST /tournaments/registration/70/update/ HTTP/1.1" 302 0
[2026-07-30 15:11:38,753] INFO django.server "GET /tournaments/participants/?tournament=3 HTTP/1.1" 200 612635
[2026-07-30 15:11:50,837] INFO django.server "POST /tournaments/registration/46/update/ HTTP/1.1" 302 0
[2026-07-30 15:11:50,947] INFO django.server "GET /tournaments/participants/?tournament=3 HTTP/1.1" 200 612259
[2026-07-30 15:11:55,201] INFO django.server "POST /tournaments/registration/46/update/ HTTP/1.1" 302 0
[2026-07-30 15:11:55,319] INFO django.server "GET /tournaments/participants/?tournament=3 HTTP/1.1" 200 612641
[2026-07-30 15:12:00,316] INFO django.server "GET /tournaments/3/categories/ HTTP/1.1" 200 10731
[2026-07-30 15:12:22,005] INFO django.server "POST /tournaments/3/categories/ HTTP/1.1" 302 0
[2026-07-30 15:12:22,019] INFO django.server "GET /tournaments/3/categories/ HTTP/1.1" 200 16789
[2026-07-30 15:12:25,649] INFO django.server "GET /tournaments/3/ HTTP/1.1" 200 11321
[2026-07-30 15:12:27,415] INFO django.server "GET /tournaments/ HTTP/1.1" 200 13254
[2026-07-30 15:12:28,335] INFO django.server "GET / HTTP/1.1" 200 13622
[2026-07-30 15:12:29,260] INFO django.server "GET /tournaments/participants/ HTTP/1.1" 200 7217
[2026-07-30 15:12:31,173] INFO django.server "GET /tournaments/participants/?tournament=3 HTTP/1.1" 200 622786
[2026-07-30 15:12:34,865] INFO django.server "GET /tournaments/3/auto-assign/ HTTP/1.1" 302 0
[2026-07-30 15:12:34,979] INFO django.server "GET /tournaments/participants/?tournament=3 HTTP/1.1" 200 623403
[2026-07-30 15:13:12,745] INFO django.server "POST /tournaments/registration/75/update/ HTTP/1.1" 302 0
[2026-07-30 15:13:12,856] INFO django.server "GET /tournaments/participants/?tournament=3 HTTP/1.1" 200 623449
[2026-07-30 15:13:27,726] INFO django.server "GET /tournaments/3/participants/add/ HTTP/1.1" 200 9775
[2026-07-30 15:13:44,644] INFO django.server "GET /tournaments/participants/?tournament=3&search=%D0%B6%D0%BE%D0%BF%D0%BE%D0%B2&status= HTTP/1.1" 200 10726
[2026-07-30 15:13:51,918] INFO django.server "GET /tournaments/participants/?tournament=3&search=%D0%B6%D0%BE%D0%BF%D0%BE%D0%B2&status= HTTP/1.1" 200 10726
[2026-07-30 15:13:54,039] INFO django.server "GET /tournaments/ HTTP/1.1" 200 13254
[2026-07-30 15:13:58,504] INFO django.server "GET /tournaments/3/ HTTP/1.1" 200 11322
[2026-07-30 15:14:04,418] INFO django.server "GET /tournaments/3/categories/ HTTP/1.1" 200 16412
[2026-07-30 15:14:10,178] INFO tournaments Сетка #25: 12 участников, 4 раундов, BYE в 1-м раунде: False
[2026-07-30 15:14:10,191] INFO django.server "GET /tournaments/3/brackets/generate/ HTTP/1.1" 302 0
[2026-07-30 15:14:10,205] INFO django.server "GET /tournaments/3/ HTTP/1.1" 200 12535
[2026-07-30 15:14:14,208] INFO django.server "GET /tournaments/3/bracket/25/ HTTP/1.1" 200 27485
[2026-07-30 15:14:24,729] INFO django.server "GET /tournaments/3/fights/ HTTP/1.1" 200 59605
[2026-07-30 15:14:31,589] INFO django.server "GET /tournaments/3/fights/?status=scheduled HTTP/1.1" 200 40200
[2026-07-30 15:14:35,116] INFO django.server "GET /tournaments/3/fight/375/assign-judge/ HTTP/1.1" 200 8100
[2026-07-30 15:14:41,333] INFO django.server "POST /tournaments/3/fight/375/assign-judge/ HTTP/1.1" 302 0
[2026-07-30 15:14:41,352] INFO django.server "GET /tournaments/3/fights/ HTTP/1.1" 200 59668
[2026-07-30 15:14:46,140] INFO django.server "GET /tournaments/3/fights/?status=scheduled HTTP/1.1" 200 39902
[2026-07-30 15:14:50,057] INFO django.server "GET /tournaments/3/fight/376/assign-judge/ HTTP/1.1" 200 8090
[2026-07-30 15:14:55,188] INFO django.server "POST /tournaments/3/fight/376/assign-judge/ HTTP/1.1" 302 0
[2026-07-30 15:14:55,207] INFO django.server "GET /tournaments/3/fights/ HTTP/1.1" 200 59111
[2026-07-30 15:15:05,422] INFO django.server "GET /users/logout/ HTTP/1.1" 302 0
[2026-07-30 15:15:05,431] INFO django.server "GET / HTTP/1.1" 200 8816
[2026-07-30 15:15:07,106] INFO django.server "GET /users/login/ HTTP/1.1" 200 5432
[2026-07-30 15:15:10,894] INFO django.server "POST /users/login/ HTTP/1.1" 302 0
[2026-07-30 15:15:10,903] INFO django.server "GET /dashboard/ HTTP/1.1" 200 7349
[2026-07-30 15:15:15,508] INFO django.server "GET /dashboard/ HTTP/1.1" 200 7349
[2026-07-30 15:15:26,348] INFO django.server "GET /tournaments/judge/my-fights/ HTTP/1.1" 200 41740
[2026-07-30 15:15:37,787] INFO django.server "GET /tournaments/judge/dashboard/ HTTP/1.1" 200 64393
[2026-07-30 15:15:51,016] INFO django.server "GET /tournaments/judge/fight/375/panel/ HTTP/1.1" 200 20345
[2026-07-30 15:15:52,890] INFO django.server "POST /tournaments/3/fight/375/timer/control/ HTTP/1.1" 200 66
[2026-07-30 15:16:05,349] INFO django.server "POST /tournaments/judge/fight/375/panel/ HTTP/1.1" 302 0
[2026-07-30 15:16:05,363] INFO django.server "GET /tournaments/judge/fight/375/panel/ HTTP/1.1" 200 20717
[2026-07-30 15:16:08,176] INFO django.server "POST /tournaments/3/fight/375/timer/control/ HTTP/1.1" 200 65
[2026-07-30 15:16:09,919] INFO django.server "POST /tournaments/3/fight/375/timer/control/ HTTP/1.1" 200 42
[2026-07-30 15:16:11,607] INFO django.server "POST /tournaments/3/fight/375/timer/control/ HTTP/1.1" 200 65
[2026-07-30 15:16:13,479] INFO django.server "POST /tournaments/3/fight/375/timer/control/ HTTP/1.1" 200 63
[2026-07-30 15:16:15,751] INFO django.server "POST /tournaments/3/fight/375/timer/control/ HTTP/1.1" 200 85
[2026-07-30 15:16:31,061] INFO django.server "POST /tournaments/3/fight/375/timer/control/ HTTP/1.1" 200 85
[2026-07-30 15:16:56,770] INFO django.server "POST /tournaments/judge/fight/375/panel/ HTTP/1.1" 302 0
[2026-07-30 15:16:56,819] INFO django.server "GET /tournaments/judge/dashboard/ HTTP/1.1" 200 64816
[2026-07-30 15:16:58,087] INFO django.server "GET /tournaments/judge/fight/376/panel/ HTTP/1.1" 200 20323
[2026-07-30 15:17:00,587] INFO django.server "POST /tournaments/judge/fight/376/panel/ HTTP/1.1" 302 0
[2026-07-30 15:17:00,633] INFO django.server "GET /tournaments/judge/dashboard/ HTTP/1.1" 200 64882
[2026-07-30 15:17:01,622] INFO django.server "GET /tournaments/judge/fight/377/panel/ HTTP/1.1" 200 20319
[2026-07-30 15:17:11,386] INFO django.server "POST /tournaments/judge/fight/377/panel/ HTTP/1.1" 302 0
[2026-07-30 15:17:11,432] INFO django.server "GET /tournaments/judge/dashboard/ HTTP/1.1" 200 64948
[2026-07-30 15:17:12,542] INFO django.server "GET /tournaments/judge/fight/378/panel/ HTTP/1.1" 200 20335
[2026-07-30 15:17:15,122] INFO django.server "POST /tournaments/judge/fight/378/panel/ HTTP/1.1" 302 0
[2026-07-30 15:17:15,168] INFO django.server "GET /tournaments/judge/dashboard/ HTTP/1.1" 200 65020
[2026-07-30 15:17:15,964] INFO django.server "GET /tournaments/judge/fight/380/panel/ HTTP/1.1" 200 20347
[2026-07-30 15:17:17,803] INFO django.server "POST /tournaments/judge/fight/380/panel/ HTTP/1.1" 302 0
[2026-07-30 15:17:17,850] INFO django.server "GET /tournaments/judge/dashboard/ HTTP/1.1" 200 65092
[2026-07-30 15:17:18,724] INFO django.server "GET /tournaments/judge/fight/379/panel/ HTTP/1.1" 200 20323
[2026-07-30 15:17:20,778] INFO django.server "POST /tournaments/judge/fight/379/panel/ HTTP/1.1" 302 0
[2026-07-30 15:17:20,824] INFO django.server "GET /tournaments/judge/dashboard/ HTTP/1.1" 200 65158
[2026-07-30 15:17:22,216] INFO django.server "GET /users/logout/ HTTP/1.1" 302 0
[2026-07-30 15:17:22,226] INFO django.server "GET / HTTP/1.1" 200 8816
[2026-07-30 15:17:22,892] INFO django.server "GET /users/login/ HTTP/1.1" 200 5432
[2026-07-30 15:17:24,911] INFO django.server "POST /users/login/ HTTP/1.1" 302 0
[2026-07-30 15:17:24,920] INFO django.server "GET /dashboard/ HTTP/1.1" 200 10020
[2026-07-30 15:17:28,889] INFO django.server "GET /tournaments/ HTTP/1.1" 200 13254
[2026-07-30 15:17:29,819] INFO django.server "GET /tournaments/3/ HTTP/1.1" 200 11790
[2026-07-30 15:17:30,723] INFO django.server "GET /tournaments/3/bracket/25/ HTTP/1.1" 200 36904
[2026-07-30 15:17:41,709] INFO tournaments === advance_winners: сетка #25, текущий раунд 1 ===
[2026-07-30 15:17:41,711] INFO tournaments Раунд 1: всего 6, завершено 6, BYE 0, итого 6
[2026-07-30 15:17:41,714] INFO tournaments   Бой #375: победитель Владислав Ковалёв
[2026-07-30 15:17:41,714] INFO tournaments   Бой #376: победитель Фёдор Белов
[2026-07-30 15:17:41,715] INFO tournaments   Бой #377: победитель Ахмет Жопов
[2026-07-30 15:17:41,716] INFO tournaments   Бой #378: победитель Тихон Воробьёв
[2026-07-30 15:17:41,716] INFO tournaments   Бой #379: победитель Назар Гусев
[2026-07-30 15:17:41,717] INFO tournaments   Бой #380: победитель Дмитрий Волков
[2026-07-30 15:17:41,717] INFO tournaments Всего победителей: 6
[2026-07-30 15:17:41,722] INFO tournaments Создан раунд 2 с 3 парами и 0 BYE
[2026-07-30 15:17:41,726] INFO django.server "GET /tournaments/3/brackets/advance/?bracket_id=25 HTTP/1.1" 302 0
[2026-07-30 15:17:41,762] INFO django.server "GET /tournaments/3/bracket/25/ HTTP/1.1" 200 44909
[2026-07-30 15:17:59,034] INFO django.server "GET /tournaments/3/ HTTP/1.1" 200 11780
[2026-07-30 15:18:00,812] INFO django.server "GET /tournaments/3/fights/ HTTP/1.1" 200 59330
[2026-07-30 15:18:03,461] INFO django.server "GET /tournaments/3/fights/?status=scheduled HTTP/1.1" 200 32586
[2026-07-30 15:18:08,102] INFO django.server "GET /tournaments/3/fight/370/assign-judge/ HTTP/1.1" 200 8096
[2026-07-30 15:18:11,097] INFO django.server "POST /tournaments/3/fight/370/assign-judge/ HTTP/1.1" 302 0
[2026-07-30 15:18:11,116] INFO django.server "GET /tournaments/3/fights/ HTTP/1.1" 200 59691
[2026-07-30 15:18:13,544] INFO django.server "GET /tournaments/3/fights/?status=scheduled HTTP/1.1" 200 32288
[2026-07-30 15:18:15,164] INFO django.server "GET /tournaments/3/fight/381/assign-judge/ HTTP/1.1" 200 8096
[2026-07-30 15:18:17,944] INFO django.server "POST /tournaments/3/fight/381/assign-judge/ HTTP/1.1" 302 0
[2026-07-30 15:18:18,003] INFO django.server "GET /tournaments/3/fights/ HTTP/1.1" 200 59731
[2026-07-30 15:18:21,466] INFO django.server "GET /tournaments/3/fights/?status=scheduled HTTP/1.1" 200 31394
[2026-07-30 15:18:24,916] INFO django.server "GET /tournaments/3/fight/372/assign-judge/ HTTP/1.1" 200 8108
[2026-07-30 15:18:27,770] INFO django.server "POST /tournaments/3/fight/372/assign-judge/ HTTP/1.1" 302 0
[2026-07-30 15:18:27,788] INFO django.server "GET /tournaments/3/fights/ HTTP/1.1" 200 59691
[2026-07-30 15:18:29,789] INFO django.server "GET /tournaments/3/fights/?status=scheduled HTTP/1.1" 200 31096
[2026-07-30 15:18:34,699] INFO django.server "GET /tournaments/3/fight/371/assign-judge/ HTTP/1.1" 200 8094
[2026-07-30 15:18:37,400] INFO django.server "POST /tournaments/3/fight/371/assign-judge/ HTTP/1.1" 302 0
[2026-07-30 15:18:37,420] INFO django.server "GET /tournaments/3/fights/ HTTP/1.1" 200 59691
[2026-07-30 15:18:40,779] INFO django.server "GET /tournaments/3/fights/?status=scheduled HTTP/1.1" 200 30798
[2026-07-30 15:18:42,482] INFO django.server "GET /tournaments/3/fight/373/assign-judge/ HTTP/1.1" 200 8102
[2026-07-30 15:18:46,002] INFO django.server "POST /tournaments/3/fight/373/assign-judge/ HTTP/1.1" 302 0
[2026-07-30 15:18:46,021] INFO django.server "GET /tournaments/3/fights/ HTTP/1.1" 200 59691
[2026-07-30 15:18:47,723] INFO django.server "GET /tournaments/3/ HTTP/1.1" 200 11780
[2026-07-30 15:18:59,604] INFO django.server "GET /users/logout/ HTTP/1.1" 302 0
[2026-07-30 15:18:59,614] INFO django.server "GET / HTTP/1.1" 200 8816
[2026-07-30 15:19:01,234] INFO django.server "GET /users/login/ HTTP/1.1" 200 5432
[2026-07-30 15:19:02,674] INFO django.server "POST /users/login/ HTTP/1.1" 302 0
[2026-07-30 15:19:02,683] INFO django.server "GET /dashboard/ HTTP/1.1" 200 10020
[2026-07-30 15:19:16,036] INFO django.server "GET /tournaments/judges/ HTTP/1.1" 200 11064
[2026-07-30 15:19:18,133] INFO django.server "GET /tournaments/participants/ HTTP/1.1" 200 7217
[2026-07-30 15:19:20,892] INFO django.server "GET /users/logout/ HTTP/1.1" 302 0
[2026-07-30 15:19:20,901] INFO django.server "GET / HTTP/1.1" 200 8816
[2026-07-30 15:19:22,192] INFO django.server "GET /users/login/ HTTP/1.1" 200 5432
[2026-07-30 15:19:25,018] INFO django.server "POST /users/login/ HTTP/1.1" 302 0
[2026-07-30 15:19:25,027] INFO django.server "GET /dashboard/ HTTP/1.1" 200 7349
[2026-07-30 15:19:25,970] INFO django.server "GET /tournaments/judge/dashboard/ HTTP/1.1" 200 70515
[2026-07-30 15:19:29,279] INFO django.server "GET /tournaments/judge/fight/381/panel/ HTTP/1.1" 200 20335
[2026-07-30 15:19:31,769] INFO django.server "POST /tournaments/judge/fight/381/panel/ HTTP/1.1" 302 0
[2026-07-30 15:19:31,819] INFO django.server "GET /tournaments/judge/dashboard/ HTTP/1.1" 200 70926
[2026-07-30 15:19:32,574] INFO django.server "GET /tournaments/judge/fight/382/panel/ HTTP/1.1" 200 20323
[2026-07-30 15:19:34,756] INFO django.server "POST /tournaments/judge/fight/382/panel/ HTTP/1.1" 302 0
[2026-07-30 15:19:34,805] INFO django.server "GET /tournaments/judge/dashboard/ HTTP/1.1" 200 70992
[2026-07-30 15:19:35,534] INFO django.server "GET /tournaments/judge/fight/383/panel/ HTTP/1.1" 200 20323
[2026-07-30 15:19:39,891] INFO django.server "POST /tournaments/judge/fight/383/panel/ HTTP/1.1" 302 0
[2026-07-30 15:19:39,940] INFO django.server "GET /tournaments/judge/dashboard/ HTTP/1.1" 200 71064
[2026-07-30 15:19:41,435] INFO django.server "GET /users/logout/ HTTP/1.1" 302 0
[2026-07-30 15:19:41,444] INFO django.server "GET / HTTP/1.1" 200 8816
[2026-07-30 15:19:42,766] INFO django.server "GET /users/login/ HTTP/1.1" 200 5432
[2026-07-30 15:19:45,273] INFO django.server "POST /users/login/ HTTP/1.1" 302 0
[2026-07-30 15:19:45,282] INFO django.server "GET /dashboard/ HTTP/1.1" 200 10020
[2026-07-30 15:19:46,548] INFO django.server "GET /tournaments/ HTTP/1.1" 200 13254
[2026-07-30 15:19:47,340] INFO django.server "GET /tournaments/3/ HTTP/1.1" 200 11780
[2026-07-30 15:19:48,096] INFO django.server "GET /tournaments/3/bracket/25/ HTTP/1.1" 200 40514
[2026-07-30 15:19:53,750] INFO tournaments === advance_winners: сетка #25, текущий раунд 2 ===
[2026-07-30 15:19:53,754] INFO tournaments Раунд 2: всего 3, завершено 3, BYE 0, итого 3
[2026-07-30 15:19:53,757] INFO tournaments   Бой #381: победитель Фёдор Белов
[2026-07-30 15:19:53,758] INFO tournaments   Бой #382: победитель Ахмет Жопов
[2026-07-30 15:19:53,759] INFO tournaments   Бой #383: победитель Дмитрий Волков
[2026-07-30 15:19:53,760] INFO tournaments Всего победителей: 3
[2026-07-30 15:19:53,766] INFO tournaments Создан раунд 3 с 1 парами и 1 BYE
[2026-07-30 15:19:53,781] INFO django.server "GET /tournaments/3/brackets/advance/?bracket_id=25 HTTP/1.1" 302 0
[2026-07-30 15:19:53,826] INFO django.server "GET /tournaments/3/bracket/25/ HTTP/1.1" 200 42799
[2026-07-30 15:20:00,413] INFO django.server "GET /tournaments/3/ HTTP/1.1" 200 11780
[2026-07-30 15:20:01,297] INFO django.server "GET /tournaments/3/fights/ HTTP/1.1" 200 59330
[2026-07-30 15:20:06,356] INFO django.server "GET /tournaments/3/fights/?status=scheduled HTTP/1.1" 200 28834
[2026-07-30 15:20:17,713] INFO django.server "GET /tournaments/3/fight/374/assign-judge/ HTTP/1.1" 200 8108
[2026-07-30 15:20:19,997] INFO django.server "POST /tournaments/3/fight/374/assign-judge/ HTTP/1.1" 302 0
[2026-07-30 15:20:20,016] INFO django.server "GET /tournaments/3/fights/ HTTP/1.1" 200 59691
[2026-07-30 15:20:23,587] INFO django.server "GET /tournaments/3/fights/?status=scheduled HTTP/1.1" 200 28536
[2026-07-30 15:20:36,959] INFO django.server "GET /tournaments/3/fight/384/assign-judge/ HTTP/1.1" 200 8084
[2026-07-30 15:20:39,602] INFO django.server "POST /tournaments/3/fight/384/assign-judge/ HTTP/1.1" 302 0
[2026-07-30 15:20:39,620] INFO django.server "GET /tournaments/3/fights/ HTTP/1.1" 200 59691
[2026-07-30 15:20:46,476] INFO django.server "GET /tournaments/3/fights/?status=scheduled HTTP/1.1" 200 28238
[2026-07-30 15:20:47,965] INFO django.server "GET /tournaments/3/fight/385/assign-judge/ HTTP/1.1" 200 8072
[2026-07-30 15:20:49,752] INFO django.server "POST /tournaments/3/fight/385/assign-judge/ HTTP/1.1" 302 0
[2026-07-30 15:20:49,771] INFO django.server "GET /tournaments/3/fights/ HTTP/1.1" 200 59691
[2026-07-30 15:20:50,867] INFO django.server "GET /users/logout/ HTTP/1.1" 302 0
[2026-07-30 15:20:50,877] INFO django.server "GET / HTTP/1.1" 200 8816
[2026-07-30 15:20:51,488] INFO django.server "GET /users/login/ HTTP/1.1" 200 5432
[2026-07-30 15:20:54,234] INFO django.server "POST /users/login/ HTTP/1.1" 302 0
[2026-07-30 15:20:54,243] INFO django.server "GET /dashboard/ HTTP/1.1" 200 7349
[2026-07-30 15:20:55,241] INFO django.server "GET /tournaments/judge/dashboard/ HTTP/1.1" 200 73142
[2026-07-30 15:20:58,607] INFO django.server "GET /tournaments/judge/fight/384/panel/ HTTP/1.1" 200 20311
[2026-07-30 15:21:00,987] INFO django.server "POST /tournaments/judge/fight/384/panel/ HTTP/1.1" 302 0
[2026-07-30 15:21:01,041] INFO django.server "GET /tournaments/judge/dashboard/ HTTP/1.1" 200 73553
[2026-07-30 15:21:02,550] INFO django.server "GET /tournaments/judge/fight/385/panel/ HTTP/1.1" 200 20252
[2026-07-30 15:21:49,509] INFO django.server "POST /tournaments/judge/fight/385/panel/ HTTP/1.1" 302 0
[2026-07-30 15:21:49,558] INFO django.server "GET /tournaments/judge/dashboard/ HTTP/1.1" 200 73625
[2026-07-30 15:21:54,610] INFO django.server "GET /users/logout/ HTTP/1.1" 302 0
[2026-07-30 15:21:54,619] INFO django.server "GET / HTTP/1.1" 200 8816
[2026-07-30 15:21:55,425] INFO django.server "GET /users/login/ HTTP/1.1" 200 5432
[2026-07-30 15:21:57,806] INFO django.server "POST /users/login/ HTTP/1.1" 302 0
[2026-07-30 15:21:57,816] INFO django.server "GET /dashboard/ HTTP/1.1" 200 10020
[2026-07-30 15:22:00,370] INFO django.server "GET /tournaments/participants/ HTTP/1.1" 200 7217
[2026-07-30 15:22:01,946] INFO django.server "GET /tournaments/participants/?tournament=3 HTTP/1.1" 200 622672
[2026-07-30 15:22:04,127] INFO django.server "GET /tournaments/ HTTP/1.1" 200 13254
[2026-07-30 15:22:05,008] INFO django.server "GET /tournaments/3/ HTTP/1.1" 200 11780
[2026-07-30 15:22:06,050] INFO django.server "GET /tournaments/3/bracket/25/ HTTP/1.1" 200 43152
[2026-07-30 15:22:10,008] INFO tournaments === advance_winners: сетка #25, текущий раунд 3 ===
[2026-07-30 15:22:10,011] INFO tournaments Раунд 3: всего 2, завершено 2, BYE 1, итого 3
[2026-07-30 15:22:10,012] INFO tournaments   Бой #384: победитель Фёдор Белов
[2026-07-30 15:22:10,013] INFO tournaments   BYE-бой #385: победитель Дмитрий Волков
[2026-07-30 15:22:10,013] INFO tournaments Всего победителей: 2
[2026-07-30 15:22:10,016] INFO tournaments Создан раунд 4 с 1 парами и 0 BYE
[2026-07-30 15:22:10,020] INFO django.server "GET /tournaments/3/brackets/advance/?bracket_id=25 HTTP/1.1" 302 0
[2026-07-30 15:22:10,048] INFO django.server "GET /tournaments/3/bracket/25/ HTTP/1.1" 200 37802
[2026-07-30 15:22:15,886] INFO django.server "GET /tournaments/3/ HTTP/1.1" 200 11791
[2026-07-30 15:22:16,853] INFO django.server "GET /tournaments/3/fights/ HTTP/1.1" 200 59330
[2026-07-30 15:22:19,361] INFO django.server "GET /tournaments/3/fights/?status=scheduled HTTP/1.1" 200 26030
[2026-07-30 15:22:21,076] INFO django.server "GET /tournaments/3/fight/386/assign-judge/ HTTP/1.1" 200 8090
[2026-07-30 15:22:23,721] INFO django.server "POST /tournaments/3/fight/386/assign-judge/ HTTP/1.1" 302 0
[2026-07-30 15:22:23,740] INFO django.server "GET /tournaments/3/fights/ HTTP/1.1" 200 59691
[2026-07-30 15:22:25,730] INFO django.server "GET /users/logout/ HTTP/1.1" 302 0
[2026-07-30 15:22:25,739] INFO django.server "GET / HTTP/1.1" 200 8816
[2026-07-30 15:22:26,358] INFO django.server "GET /users/login/ HTTP/1.1" 200 5432
[2026-07-30 15:22:29,047] INFO django.server "POST /users/login/ HTTP/1.1" 302 0
[2026-07-30 15:22:29,056] INFO django.server "GET /dashboard/ HTTP/1.1" 200 7349
[2026-07-30 15:22:30,112] INFO django.server "GET /tournaments/judge/dashboard/ HTTP/1.1" 200 74092
[2026-07-30 15:22:31,454] INFO django.server "GET /tournaments/judge/fight/386/panel/ HTTP/1.1" 200 20323
[2026-07-30 15:22:35,819] ERROR tournaments Fight completion error
Traceback (most recent call last):
  File "C:\Users\User\Downloads\Kimi_Agent_CombatTournamentPlatform_ исправления\combat_platform\tournaments\views\judges.py", line 80, in judge_fight_panel
    success, msg = FightService.complete_fight(
                   ~~~~~~~~~~~~~~~~~~~~~~~~~~~^
        fight,
        ^^^^^^
    ...<6 lines>...
        }
        ^
    )
    ^
  File "C:\Users\User\Downloads\Kimi_Agent_CombatTournamentPlatform_ исправления\combat_platform\tournaments\services\fight_service.py", line 75, in complete_fight
    fight.bracket.winner = winner.full_name if winner else None
    ^^^^^^^^^^^^^^^^^^^^
  File "C:\Users\User\Downloads\Kimi_Agent_CombatTournamentPlatform_ исправления\combat_platform\venv\Lib\site-packages\django\db\models\fields\related_descriptors.py", line 284, in __set__
    raise ValueError(
    ...<7 lines>...
    )
ValueError: Cannot assign "'Фёдор Белов'": "Bracket.winner" must be a "Fighter" instance.
[2026-07-30 15:22:35,855] INFO django.server "POST /tournaments/judge/fight/386/panel/ HTTP/1.1" 200 9453
[2026-07-30 15:22:42,041] INFO django.server "GET /users/logout/ HTTP/1.1" 302 0
[2026-07-30 15:22:42,050] INFO django.server "GET / HTTP/1.1" 200 8816
[2026-07-30 15:22:43,436] INFO django.server "GET /users/login/ HTTP/1.1" 200 5432
[2026-07-30 15:22:45,649] INFO django.server "POST /users/login/ HTTP/1.1" 302 0
[2026-07-30 15:22:45,659] INFO django.server "GET /dashboard/ HTTP/1.1" 200 10020
[2026-07-30 15:22:48,262] INFO django.server "GET /tournaments/participants/ HTTP/1.1" 200 7217
[2026-07-30 15:22:49,609] INFO django.server "GET / HTTP/1.1" 200 13622
[2026-07-30 15:22:50,394] INFO django.server "GET /tournaments/ HTTP/1.1" 200 13254
[2026-07-30 15:22:51,298] INFO django.server "GET /tournaments/3/ HTTP/1.1" 200 11791
[2026-07-30 15:22:52,374] INFO django.server "GET /tournaments/3/bracket/25/ HTTP/1.1" 200 45030
[2026-07-30 15:23:28,159] INFO django.server "GET / HTTP/1.1" 200 13622
[2026-07-30 15:23:29,757] INFO django.server "GET /tournaments/ HTTP/1.1" 200 13254
[2026-07-30 15:23:30,759] INFO django.server "GET /tournaments/3/ HTTP/1.1" 200 11780
[2026-07-30 15:23:33,353] INFO django.server "GET /tournaments/participants/ HTTP/1.1" 200 7217
[2026-07-30 15:23:35,008] INFO django.server "GET /tournaments/participants/?tournament=3 HTTP/1.1" 200 622672
[2026-07-30 15:23:36,813] INFO django.server "GET /tournaments/3/participants/excel/ HTTP/1.1" 200 9590
[2026-07-30 15:23:38,126] INFO django.server "GET /tournaments/3/participants/excel/template/ HTTP/1.1" 200 5656
[2026-07-30 15:24:26,864] INFO django.server "POST /tournaments/3/participants/excel/ HTTP/1.1" 302 0
[2026-07-30 15:24:26,981] INFO django.server "GET /tournaments/participants/?tournament=3 HTTP/1.1" 200 638516
[2026-07-30 15:25:08,951] INFO django.server "GET /tournaments/ HTTP/1.1" 200 13254
[2026-07-30 15:25:09,891] INFO django.server "GET / HTTP/1.1" 200 13622
[2026-07-30 15:25:17,264] INFO django.server "GET /tournaments/fighters/ HTTP/1.1" 200 84788
[2026-07-30 15:25:18,676] INFO django.server "GET /tournaments/fighters/42/ HTTP/1.1" 200 9457
[2026-07-30 15:25:23,755] INFO django.server "GET /tournaments/ HTTP/1.1" 200 13254
[2026-07-30 15:25:26,073] INFO django.server "GET / HTTP/1.1" 200 13622
[2026-07-30 15:25:28,255] INFO django.server "GET /dashboard/ HTTP/1.1" 200 10020
[2026-07-30 15:25:29,143] INFO django.server "GET /tournaments/fighters/ HTTP/1.1" 200 84788
[2026-07-30 15:25:39,830] INFO django.server "GET /dashboard/ HTTP/1.1" 200 10020
[2026-07-30 15:25:41,104] INFO django.server "GET /tournaments/ HTTP/1.1" 200 13254
[2026-07-30 15:25:42,481] INFO django.server "GET /tournaments/3/ HTTP/1.1" 200 11780
[2026-07-30 15:25:43,326] INFO django.server "GET /tournaments/3/fights/ HTTP/1.1" 200 59330
[2026-07-30 15:25:45,585] INFO django.server "GET /tournaments/fight/359/results/ HTTP/1.1" 200 9045
[2026-07-30 15:25:49,167] INFO django.server "GET /tournaments/3/fights/ HTTP/1.1" 200 59330
[2026-07-30 15:25:55,053] INFO django.server "GET /tournaments/fight/359/results/ HTTP/1.1" 200 9045
[2026-07-30 15:25:56,193] INFO django.server "GET /tournaments/3/fights/ HTTP/1.1" 200 59330
[2026-07-30 15:25:58,644] INFO django.server "GET /tournaments/fight/359/results/ HTTP/1.1" 200 9045
[2026-07-30 15:25:59,413] INFO django.server "GET /tournaments/3/fights/ HTTP/1.1" 200 59330
[2026-07-30 15:26:01,413] INFO django.server "GET /tournaments/fight/315/results/ HTTP/1.1" 200 9047
[2026-07-30 15:26:02,246] INFO django.server "GET /tournaments/3/fights/ HTTP/1.1" 200 59330
[2026-07-30 15:26:03,211] INFO django.server "GET /tournaments/fight/321/results/ HTTP/1.1" 200 9155
[2026-07-30 15:26:04,084] INFO django.server "GET /tournaments/3/fights/ HTTP/1.1" 200 59330
[2026-07-30 15:26:05,627] INFO django.server "GET /tournaments/fight/315/results/ HTTP/1.1" 200 9047
[2026-07-30 15:26:06,494] INFO django.server "GET /tournaments/3/fights/ HTTP/1.1" 200 59330
[2026-07-30 15:26:08,227] INFO django.server "GET /tournaments/fight/377/results/ HTTP/1.1" 200 9175
[2026-07-30 15:26:09,029] INFO django.server "GET /tournaments/3/fights/ HTTP/1.1" 200 59330
[2026-07-30 15:26:10,644] INFO django.server "GET /tournaments/3/fights/?page=2 HTTP/1.1" 200 59436
[2026-07-30 15:26:12,754] INFO django.server "GET /tournaments/fight/327/results/ HTTP/1.1" 200 9153
[2026-07-30 15:26:14,461] INFO django.server "GET /tournaments/3/fights/ HTTP/1.1" 200 59330
[2026-07-30 15:26:15,266] INFO django.server "GET /tournaments/fight/318/results/ HTTP/1.1" 200 9163
[2026-07-30 15:26:16,004] INFO django.server "GET /tournaments/3/fights/ HTTP/1.1" 200 59330
[2026-07-30 15:26:23,682] INFO django.server "GET /tournaments/fight/377/results/ HTTP/1.1" 200 9175
[2026-07-30 15:26:24,659] INFO django.server "GET /tournaments/3/fights/ HTTP/1.1" 200 59330
[2026-07-30 15:26:25,865] INFO django.server "GET /tournaments/fight/338/results/ HTTP/1.1" 200 9053
[2026-07-30 15:26:26,635] INFO django.server "GET /tournaments/3/fights/ HTTP/1.1" 200 59330
[2026-07-30 15:26:27,706] INFO django.server "GET /tournaments/fight/325/results/ HTTP/1.1" 200 9149
[2026-07-30 15:26:28,338] INFO django.server "GET /tournaments/3/fights/ HTTP/1.1" 200 59330
[2026-07-30 15:26:30,448] INFO django.server "GET /tournaments/fight/338/results/ HTTP/1.1" 200 9053
[2026-07-30 15:26:31,235] INFO django.server "GET /tournaments/3/fights/ HTTP/1.1" 200 59330
[2026-07-30 15:26:33,153] INFO django.server "GET /tournaments/fight/321/results/ HTTP/1.1" 200 9155
[2026-07-30 15:26:33,914] INFO django.server "GET /tournaments/3/fights/ HTTP/1.1" 200 59330
[2026-07-30 15:26:37,712] INFO django.server "GET /tournaments/fight/359/results/ HTTP/1.1" 200 9045
[2026-07-30 15:26:41,753] INFO django.server "GET /tournaments/3/fights/ HTTP/1.1" 200 59330
[2026-07-30 15:26:43,010] INFO django.server "GET / HTTP/1.1" 200 13622
[2026-07-30 15:26:45,610] INFO django.server "GET /tournaments/ HTTP/1.1" 200 13254
[2026-07-30 15:26:46,740] INFO django.server "GET /tournaments/3/ HTTP/1.1" 200 11780
[2026-07-30 15:26:50,059] INFO django.server "GET /tournaments/3/bracket/25/ HTTP/1.1" 200 44611
[2026-07-30 15:26:51,264] INFO django.server "GET /tournaments/3/bracket/25/delete/ HTTP/1.1" 302 0
[2026-07-30 15:26:51,277] INFO django.server "GET /tournaments/3/ HTTP/1.1" 200 11669
[2026-07-30 15:26:53,395] INFO django.server "GET /tournaments/3/categories/ HTTP/1.1" 200 16412
[2026-07-30 15:27:11,250] INFO django.server "POST /tournaments/3/categories/ HTTP/1.1" 302 0
[2026-07-30 15:27:11,265] INFO django.server "GET /tournaments/3/categories/ HTTP/1.1" 200 16765
[2026-07-30 15:27:13,353] INFO django.server "GET /tournaments/3/categories/ HTTP/1.1" 200 16406
[2026-07-30 15:27:16,781] INFO django.server "GET /tournaments/3/brackets/generate/ HTTP/1.1" 302 0
[2026-07-30 15:27:16,795] INFO django.server "GET /tournaments/3/ HTTP/1.1" 200 12523
[2026-07-30 15:27:17,878] INFO django.server "GET /tournaments/3/bracket/26/ HTTP/1.1" 200 756452
[2026-07-30 15:27:42,705] INFO django.server "GET /tournaments/3/categories/ HTTP/1.1" 200 16406
[2026-07-30 15:27:52,431] INFO django.server "POST /tournaments/3/categories/ HTTP/1.1" 302 0
[2026-07-30 15:27:52,447] INFO django.server "GET /tournaments/3/categories/ HTTP/1.1" 200 16767
[2026-07-30 15:27:53,779] INFO django.server "GET /tournaments/3/categories/ HTTP/1.1" 200 16408
[2026-07-30 15:27:56,246] INFO django.server "GET /tournaments/3/bracket/26/ HTTP/1.1" 200 756452
[2026-07-30 15:27:57,498] INFO django.server "GET /tournaments/3/bracket/26/delete/ HTTP/1.1" 302 0
[2026-07-30 15:27:57,512] INFO django.server "GET /tournaments/3/ HTTP/1.1" 200 11670
[2026-07-30 15:27:59,792] INFO django.server "GET /tournaments/3/brackets/generate/ HTTP/1.1" 302 0
[2026-07-30 15:27:59,807] INFO django.server "GET /tournaments/3/ HTTP/1.1" 200 12557
[2026-07-30 15:28:00,815] INFO django.server "GET /tournaments/3/bracket/27/ HTTP/1.1" 200 906048
[2026-07-30 15:28:49,159] INFO django.server "GET / HTTP/1.1" 200 13622
[2026-07-30 15:28:55,830] INFO django.server "GET /users/logout/ HTTP/1.1" 302 0
[2026-07-30 15:28:55,840] INFO django.server "GET / HTTP/1.1" 200 8816
[2026-07-30 15:28:57,848] INFO django.server "GET /users/register/ HTTP/1.1" 200 6592
[2026-07-30 15:29:04,993] INFO django.server "GET /users/login/ HTTP/1.1" 200 5432
[2026-07-30 15:29:13,424] INFO django.server "POST /users/login/ HTTP/1.1" 302 0
[2026-07-30 15:29:13,434] INFO django.server "GET /dashboard/ HTTP/1.1" 200 10020
[2026-07-30 15:29:15,044] INFO django.server "GET /admin/ HTTP/1.1" 200 13921
[2026-07-30 15:29:42,387] INFO django.server "GET /admin/auth/user/ HTTP/1.1" 200 60294
[2026-07-30 15:29:42,411] INFO django.server "GET /admin/jsi18n/ HTTP/1.1" 200 17546
[2026-07-30 15:29:47,294] INFO django.server "GET /admin/auth/user/80/change/ HTTP/1.1" 200 34901
[2026-07-30 15:29:47,322] INFO django.server "GET /admin/jsi18n/ HTTP/1.1" 200 17546
[2026-07-30 15:29:47,326] INFO django.server "GET /static/admin/css/forms.css HTTP/1.1" 200 9090
[2026-07-30 15:29:47,339] INFO django.server "GET /static/admin/css/widgets.css HTTP/1.1" 200 11800
[2026-07-30 15:29:47,343] INFO django.server "GET /static/admin/js/calendar.js HTTP/1.1" 200 9141
[2026-07-30 15:29:47,343] INFO django.server "GET /static/admin/js/SelectFilter2.js HTTP/1.1" 200 15492
[2026-07-30 15:29:47,344] INFO django.server "GET /static/admin/js/SelectBox.js HTTP/1.1" 200 4530
[2026-07-30 15:29:47,345] INFO django.server "GET /static/admin/js/admin/DateTimeShortcuts.js HTTP/1.1" 200 19319
[2026-07-30 15:29:47,347] INFO django.server "GET /static/admin/js/prepopulate_init.js HTTP/1.1" 200 586
[2026-07-30 15:29:47,365] INFO django.server "GET /static/admin/js/change_form.js HTTP/1.1" 200 606
[2026-07-30 15:29:47,390] INFO django.server "GET /static/admin/img/icon-unknown.svg HTTP/1.1" 200 655
[2026-07-30 15:29:47,390] INFO django.server "GET /static/admin/img/icon-unknown-alt.svg HTTP/1.1" 200 655
[2026-07-30 15:29:47,391] INFO django.server "GET /static/admin/img/selector-icons.svg HTTP/1.1" 200 3291
[2026-07-30 15:29:47,391] INFO django.server "GET /static/admin/img/icon-calendar.svg HTTP/1.1" 200 1086
[2026-07-30 15:29:47,392] INFO django.server "GET /static/admin/img/icon-clock.svg HTTP/1.1" 200 677
[2026-07-30 15:30:18,736] INFO django.server "GET /admin/users/profile/ HTTP/1.1" 200 48019
[2026-07-30 15:30:18,763] INFO django.server "GET /admin/jsi18n/ HTTP/1.1" 200 17546
[2026-07-30 15:30:20,351] INFO django.server "GET /admin/users/profile/80/change/ HTTP/1.1" 200 19600
[2026-07-30 15:30:20,375] INFO django.server "GET /admin/jsi18n/ HTTP/1.1" 200 17546
[2026-07-30 15:30:31,166] INFO django.server "GET /admin/users/profile/ HTTP/1.1" 200 48019
[2026-07-30 15:30:31,816] INFO django.server "GET /admin/auth/user/80/change/ HTTP/1.1" 200 34901
[2026-07-30 15:30:32,563] INFO django.server "GET /admin/auth/user/ HTTP/1.1" 200 60294
[2026-07-30 15:30:43,299] INFO django.server "POST /admin/logout/ HTTP/1.1" 302 0
[2026-07-30 15:30:43,304] INFO django.server "GET /users/login/ HTTP/1.1" 200 5432
[2026-07-30 15:30:45,790] INFO django.server "GET /users/register/ HTTP/1.1" 200 6592
[2026-07-30 15:31:03,023] INFO django.server "POST /users/register/ HTTP/1.1" 302 0
[2026-07-30 15:31:03,032] INFO django.server "GET /dashboard/ HTTP/1.1" 200 7820
[2026-07-30 15:31:11,599] INFO django.server "GET / HTTP/1.1" 200 10639
[2026-07-30 15:31:12,448] INFO django.server "GET /tournaments/ HTTP/1.1" 200 12291
[2026-07-30 15:31:13,292] INFO django.server "GET /tournaments/fighters/ HTTP/1.1" 200 83825
[2026-07-30 15:31:14,328] INFO django.server "GET / HTTP/1.1" 200 10639
[2026-07-30 15:31:17,096] INFO django.server "GET /tournaments/ HTTP/1.1" 200 12291
[2026-07-30 15:31:18,001] INFO django.server "GET /tournaments/3/ HTTP/1.1" 200 9309
[2026-07-30 15:31:20,433] INFO django.server "GET /tournaments/3/register/ HTTP/1.1" 302 0
[2026-07-30 15:31:20,448] INFO django.server "GET /tournaments/3/ HTTP/1.1" 200 9732
[2026-07-30 15:31:23,310] INFO django.server "GET / HTTP/1.1" 200 10639
[2026-07-30 15:31:28,376] INFO django.server "GET /tournaments/my-registrations/ HTTP/1.1" 302 0
[2026-07-30 15:31:28,387] INFO django.server "GET / HTTP/1.1" 200 11008
[2026-07-30 15:31:30,229] INFO django.server "GET /users/logout/ HTTP/1.1" 302 0
[2026-07-30 15:31:30,240] INFO django.server "GET / HTTP/1.1" 200 8816
[2026-07-30 15:31:31,263] INFO django.server "GET /users/login/ HTTP/1.1" 200 5432
[2026-07-30 15:31:34,540] INFO django.server "POST /users/login/ HTTP/1.1" 200 6122
[2026-07-30 15:32:06,636] INFO django.server "POST /users/login/ HTTP/1.1" 302 0
[2026-07-30 15:32:06,646] INFO django.server "GET /dashboard/ HTTP/1.1" 200 9049
[2026-07-30 15:32:18,362] INFO django.server "GET /tournaments/fighters/1/ HTTP/1.1" 200 8032
[2026-07-30 15:32:24,199] INFO django.server "GET /tournaments/my-registrations/ HTTP/1.1" 200 5596
[2026-07-30 15:32:25,642] INFO django.server "GET /tournaments/ HTTP/1.1" 200 12292
[2026-07-30 15:32:26,803] INFO django.server "GET /tournaments/3/ HTTP/1.1" 200 9310
[2026-07-30 15:32:27,684] INFO django.server "GET /tournaments/3/register/ HTTP/1.1" 302 0
[2026-07-30 15:32:27,698] INFO django.server "GET /tournaments/my-registrations/ HTTP/1.1" 200 6783
[2026-07-30 15:32:33,322] INFO django.server "GET /tournaments/3/register/ HTTP/1.1" 302 0
[2026-07-30 15:32:33,333] INFO django.server "GET /tournaments/my-registrations/ HTTP/1.1" 200 6791
[2026-07-30 15:32:37,706] WARNING django.request Forbidden: /tournaments/3/fights/
[2026-07-30 15:32:37,706] WARNING django.server "GET /tournaments/3/fights/ HTTP/1.1" 403 108
[2026-07-30 15:32:40,762] INFO django.server "GET /tournaments/3/ HTTP/1.1" 200 9138
[2026-07-30 15:32:41,539] INFO django.server "GET /tournaments/3/bracket/27/ HTTP/1.1" 200 904761
[2026-07-30 15:32:46,126] INFO django.server "GET /tournaments/2/ HTTP/1.1" 200 10648
[2026-07-30 15:32:48,717] INFO django.server "GET /tournaments/1/ HTTP/1.1" 200 8404
[2026-07-30 15:32:49,574] INFO django.server "GET /tournaments/1/register/ HTTP/1.1" 302 0
[2026-07-30 15:32:49,588] INFO django.server "GET /tournaments/my-registrations/ HTTP/1.1" 200 7864
[2026-07-30 15:32:59,629] INFO django.server "GET / HTTP/1.1" 200 12314
[2026-07-30 15:33:01,220] INFO django.server "GET /tournaments/fighters/ HTTP/1.1" 200 83826
[2026-07-30 15:33:01,812] INFO django.server "GET / HTTP/1.1" 200 12314
[2026-07-30 15:33:04,506] INFO django.server "GET /dashboard/ HTTP/1.1" 200 9049
[2026-07-30 15:33:08,523] INFO django.server "GET /tournaments/fighters/1/ HTTP/1.1" 200 8845
[2026-07-30 15:33:12,754] INFO django.server "GET /users/logout/ HTTP/1.1" 302 0
[2026-07-30 15:33:12,764] INFO django.server "GET / HTTP/1.1" 200 8816
[2026-07-30 15:33:13,382] INFO django.server "GET /users/login/ HTTP/1.1" 200 5432
[2026-07-30 15:33:15,490] INFO django.server "POST /users/login/ HTTP/1.1" 302 0
[2026-07-30 15:33:15,500] INFO django.server "GET /dashboard/ HTTP/1.1" 200 10020
[2026-07-30 15:33:19,335] INFO django.server "GET /tournaments/participants/ HTTP/1.1" 200 7217
[2026-07-30 15:33:21,151] INFO django.server "GET /tournaments/participants/?tournament=1 HTTP/1.1" 200 17553
[2026-07-30 15:33:32,676] INFO django.server "GET /tournaments/ HTTP/1.1" 200 13254
[2026-07-30 15:33:34,732] INFO django.server "GET /tournaments/create/ HTTP/1.1" 200 9443
[2026-07-30 15:33:47,760] INFO tournaments Турнир #4 создан пользователем admin
[2026-07-30 15:33:47,761] INFO django.server "POST /tournaments/create/ HTTP/1.1" 302 0
[2026-07-30 15:33:47,773] INFO django.server "GET /tournaments/4/ HTTP/1.1" 200 11258
[2026-07-30 15:33:53,737] INFO django.server "GET /tournaments/ HTTP/1.1" 200 15198
[2026-07-30 15:34:06,143] INFO django.server "GET / HTTP/1.1" 200 15653
[2026-07-30 15:34:19,213] INFO django.server "GET /tournaments/4/ HTTP/1.1" 200 10892
[2026-07-30 15:34:21,804] INFO django.server "GET /tournaments/4/ HTTP/1.1" 200 10892
[2026-07-30 15:34:24,873] INFO django.server "GET /tournaments/participants/ HTTP/1.1" 200 7297
[2026-07-30 15:34:26,401] INFO django.server "GET /tournaments/participants/?tournament=4 HTTP/1.1" 200 10796
[2026-07-30 15:34:30,459] INFO django.server "GET /tournaments/4/checkpoints/ HTTP/1.1" 200 13814
[2026-07-30 15:34:36,202] INFO django.server "GET / HTTP/1.1" 200 15653
[2026-07-30 15:34:46,262] INFO django.server "GET /tournaments/ HTTP/1.1" 200 15198
[2026-07-30 15:34:48,009] INFO django.server "GET /tournaments/4/ HTTP/1.1" 200 10892
[2026-07-30 15:34:49,969] INFO django.server "GET /tournaments/4/delete/ HTTP/1.1" 200 7168
[2026-07-30 15:34:50,825] INFO tournaments Турнир #4 удалён пользователем admin
[2026-07-30 15:34:50,826] INFO django.server "POST /tournaments/4/delete/ HTTP/1.1" 302 0
[2026-07-30 15:34:50,839] INFO django.server "GET /tournaments/ HTTP/1.1" 200 13620
[2026-07-30 15:34:51,433] INFO django.server "GET / HTTP/1.1" 200 13622
[2026-07-30 15:34:56,416] INFO django.server "GET /tournaments/judges/ HTTP/1.1" 200 11064
[2026-07-30 15:34:59,465] INFO django.server "GET /tournaments/judges/1/toggle/ HTTP/1.1" 302 0
[2026-07-30 15:34:59,474] INFO django.server "GET /tournaments/judges/ HTTP/1.1" 200 11462
[2026-07-30 15:35:00,632] INFO django.server "GET / HTTP/1.1" 200 13622
[2026-07-30 15:35:40,099] INFO django.server "GET /tournaments/participants/ HTTP/1.1" 200 7217
[2026-07-30 15:35:41,869] INFO django.server "GET /tournaments/participants/?tournament=3 HTTP/1.1" 200 649296
[2026-07-30 15:35:47,904] INFO django.server "GET /tournaments/participants/?tournament=3&search=&status=approved HTTP/1.1" 200 170267
[2026-07-30 15:35:51,050] INFO django.server "GET /tournaments/participants/?tournament=3&search=&status=pending HTTP/1.1" 200 489594
[2026-07-30 15:36:02,583] INFO django.server "GET /tournaments/participants/?tournament=3&search=%D0%98%D0%B2%D0%B0%D0%BD&status=pending HTTP/1.1" 200 50506
[2026-07-30 15:36:07,126] INFO django.server "GET /tournaments/participants/?tournament=3 HTTP/1.1" 200 649296
[2026-07-30 15:36:19,787] INFO django.server "GET /tournaments/participants/?tournament=3&search=%D0%9D%D0%B0%D0%B7%D0%B0%D1%80&status= HTTP/1.1" 200 23873
[2026-07-30 15:36:22,151] INFO django.server "GET /tournaments/participants/?tournament=3 HTTP/1.1" 200 649296
[2026-07-30 15:37:09,807] INFO django.server "GET / HTTP/1.1" 200 13622
[2026-08-03 12:29:14,819] INFO django.utils.autoreload Watching for file changes with StatReloader
[2026-08-03 12:30:28,805] INFO django.server "GET / HTTP/1.1" 200 13622
[2026-08-03 12:30:28,915] INFO django.server "GET /static/css/style.css HTTP/1.1" 200 762
[2026-08-03 12:30:29,575] WARNING django.request Not Found: /favicon.ico
[2026-08-03 12:30:29,576] WARNING django.server "GET /favicon.ico HTTP/1.1" 404 3038
[2026-08-03 12:30:56,999] INFO django.server "GET /tournaments/ HTTP/1.1" 200 13254
[2026-08-03 12:30:58,976] INFO django.server "GET /dashboard/ HTTP/1.1" 200 10020
[2026-08-03 12:31:06,838] INFO django.server "GET / HTTP/1.1" 200 13622
[2026-08-03 12:31:08,293] INFO django.server "GET / HTTP/1.1" 200 13622
[2026-08-03 12:31:10,228] INFO django.server "GET /dashboard/ HTTP/1.1" 200 10020
[2026-08-03 12:31:17,388] INFO django.server "GET / HTTP/1.1" 200 13622
[2026-08-03 12:31:28,994] INFO django.server "GET /users/login/ HTTP/1.1" 302 0
[2026-08-03 12:31:29,011] INFO django.server "GET /dashboard/ HTTP/1.1" 200 10020
[2026-08-03 12:31:32,487] INFO django.server "GET /users/login/ HTTP/1.1" 302 0
[2026-08-03 12:31:32,497] INFO django.server "GET /dashboard/ HTTP/1.1" 200 10020
[2026-08-03 12:31:36,859] INFO django.server "GET /tournaments/judges/ HTTP/1.1" 200 11099
[2026-08-03 12:31:39,067] INFO django.server "GET /tournaments/fighters/ HTTP/1.1" 200 84788
[2026-08-03 12:31:47,990] INFO django.server "GET /tournaments/fighters/ HTTP/1.1" 200 84788
[2026-08-03 12:31:53,426] INFO django.server "GET /tournaments/fighters/69/ HTTP/1.1" 200 9319
[2026-08-03 12:31:58,751] INFO django.server "GET /tournaments/fighters/71/ HTTP/1.1" 200 9302
[2026-08-03 12:32:04,953] INFO django.server "GET /tournaments/fighters/35/ HTTP/1.1" 200 9375
[2026-08-03 12:32:13,241] INFO django.server "GET /tournaments/fighters/42/ HTTP/1.1" 200 9457
[2026-08-03 12:32:20,477] INFO django.server "GET / HTTP/1.1" 200 13622
[2026-08-03 12:32:23,718] INFO django.server "GET /tournaments/ HTTP/1.1" 200 13254
[2026-08-03 12:32:25,653] INFO django.server "GET /tournaments/ HTTP/1.1" 200 13254
[2026-08-03 12:32:34,936] INFO django.server "GET /tournaments/participants/ HTTP/1.1" 200 7217
[2026-08-03 12:32:39,361] INFO django.server "GET /tournaments/fighters/ HTTP/1.1" 200 84788
[2026-08-03 12:32:43,951] INFO django.server "GET /dashboard/ HTTP/1.1" 200 10020
[2026-08-03 12:32:48,997] INFO django.server "GET /tournaments/1/participants/excel/ HTTP/1.1" 200 9562
[2026-08-03 12:32:52,548] INFO django.server "GET /tournaments/1/ HTTP/1.1" 200 10881
[2026-08-03 12:33:02,616] INFO django.server "GET / HTTP/1.1" 200 13622
[2026-08-03 12:33:13,453] INFO django.server "GET /dashboard/ HTTP/1.1" 200 10020
[2026-08-03 12:33:21,093] INFO django.server "GET / HTTP/1.1" 200 13622
[2026-08-03 12:33:28,348] INFO django.server "GET /dashboard/ HTTP/1.1" 200 10020
[2026-08-03 12:33:30,883] INFO django.server "GET / HTTP/1.1" 200 13622
[2026-08-03 12:33:31,889] INFO django.server "GET / HTTP/1.1" 200 13622
[2026-08-03 12:33:36,711] INFO django.server "GET / HTTP/1.1" 200 13622
[2026-08-03 12:33:37,260] INFO django.server "GET / HTTP/1.1" 200 13622
[2026-08-03 12:33:37,705] INFO django.server "GET / HTTP/1.1" 200 13622
[2026-08-03 12:33:38,504] INFO django.server "GET /tournaments/ HTTP/1.1" 200 13254
[2026-08-03 12:33:41,655] INFO django.server "GET /tournaments/fighters/ HTTP/1.1" 200 84788
[2026-08-03 12:33:43,748] INFO django.server "GET /tournaments/ HTTP/1.1" 200 13254
[2026-08-03 12:33:47,047] INFO django.server "GET /tournaments/participants/ HTTP/1.1" 200 7217
[2026-08-03 12:33:48,969] INFO django.server "GET /tournaments/participants/?tournament=3 HTTP/1.1" 200 649296
[2026-08-03 12:33:51,484] INFO django.server "GET /tournaments/judges/ HTTP/1.1" 200 11099
[2026-08-03 12:33:53,005] INFO django.server "GET /tournaments/create/ HTTP/1.1" 200 9443
[2026-08-03 12:33:54,513] INFO django.server "GET / HTTP/1.1" 200 13622
[2026-08-03 12:34:08,495] INFO django.server "GET /tournaments/ HTTP/1.1" 200 13254
[2026-08-03 12:34:15,766] INFO django.server "GET /tournaments/ HTTP/1.1" 200 13254
[2026-08-03 12:34:19,880] INFO django.server "GET /tournaments/participants/ HTTP/1.1" 200 7217
[2026-08-03 12:34:20,968] INFO django.server "GET /tournaments/judges/ HTTP/1.1" 200 11099
[2026-08-03 12:34:22,804] INFO django.server "GET /tournaments/ HTTP/1.1" 200 13254
[2026-08-03 12:34:23,928] INFO django.server "GET /tournaments/3/ HTTP/1.1" 200 11787
[2026-08-03 12:34:39,034] INFO django.server "GET / HTTP/1.1" 200 13622
[2026-08-03 12:35:02,524] INFO django.server "GET /tournaments/ HTTP/1.1" 200 13254
[2026-08-03 12:36:01,815] INFO django.server "GET /admin/ HTTP/1.1" 200 13921
[2026-08-03 12:36:01,856] INFO django.server "GET /static/admin/css/base.css HTTP/1.1" 200 21544
[2026-08-03 12:36:01,857] INFO django.server "GET /static/admin/css/dark_mode.css HTTP/1.1" 200 2682
[2026-08-03 12:36:01,859] INFO django.server "GET /static/admin/css/dashboard.css HTTP/1.1" 200 441
[2026-08-03 12:36:01,860] INFO django.server "GET /static/admin/css/nav_sidebar.css HTTP/1.1" 200 2810
[2026-08-03 12:36:01,863] INFO django.server "GET /static/admin/css/responsive.css HTTP/1.1" 200 17905
[2026-08-03 12:36:01,874] INFO django.server "GET /static/admin/js/theme.js HTTP/1.1" 200 1943
[2026-08-03 12:36:01,881] INFO django.server "GET /static/admin/img/icon-changelink.svg HTTP/1.1" 200 380
[2026-08-03 12:36:01,881] INFO django.server "GET /static/admin/img/icon-addlink.svg HTTP/1.1" 200 331
[2026-08-03 12:36:01,884] INFO django.server "GET /static/admin/js/nav_sidebar.js HTTP/1.1" 200 3063
[2026-08-03 12:36:07,830] INFO django.server "POST /admin/logout/ HTTP/1.1" 302 0
[2026-08-03 12:36:07,850] INFO django.server "GET /users/login/ HTTP/1.1" 200 5432
[2026-08-03 12:36:30,364] INFO django.server "POST /users/login/ HTTP/1.1" 302 0
[2026-08-03 12:36:30,375] INFO django.server "GET /dashboard/ HTTP/1.1" 200 10020
[2026-08-03 12:37:08,882] INFO django.server "GET /users/logout/ HTTP/1.1" 302 0
[2026-08-03 12:37:08,895] INFO django.server "GET / HTTP/1.1" 200 8816
[2026-08-03 12:37:10,134] INFO django.server "GET /users/login/ HTTP/1.1" 200 5432
[2026-08-03 12:37:13,317] INFO django.server "POST /users/login/ HTTP/1.1" 302 0
[2026-08-03 12:37:13,330] INFO django.server "GET /dashboard/ HTTP/1.1" 200 7349
[2026-08-03 12:37:17,307] INFO django.server "GET / HTTP/1.1" 200 10987
[2026-08-03 12:37:22,183] INFO django.server "GET /tournaments/judge/dashboard/ HTTP/1.1" 200 74158
[2026-08-03 12:37:24,472] INFO django.server "GET /users/logout/ HTTP/1.1" 302 0
[2026-08-03 12:37:24,483] INFO django.server "GET / HTTP/1.1" 200 8816
[2026-08-03 12:37:25,587] INFO django.server "GET /users/login/ HTTP/1.1" 200 5432
[2026-08-03 12:37:28,080] INFO django.server "POST /users/login/ HTTP/1.1" 302 0
[2026-08-03 12:37:28,090] INFO django.server "GET /dashboard/ HTTP/1.1" 200 10020
[2026-08-03 12:37:29,447] INFO django.server "GET /tournaments/judges/ HTTP/1.1" 200 11099
[2026-08-03 12:37:34,854] INFO django.server "GET /tournaments/judges/1/toggle/ HTTP/1.1" 302 0
[2026-08-03 12:37:34,864] INFO django.server "GET /tournaments/judges/ HTTP/1.1" 200 11423
[2026-08-03 12:37:37,581] INFO django.server "GET /tournaments/judges/1/toggle/ HTTP/1.1" 302 0
[2026-08-03 12:37:37,590] INFO django.server "GET /tournaments/judges/ HTTP/1.1" 200 11462
[2026-08-03 12:37:40,661] INFO django.server "GET /tournaments/judges/1/toggle/ HTTP/1.1" 302 0
[2026-08-03 12:37:40,670] INFO django.server "GET /tournaments/judges/ HTTP/1.1" 200 11423
[2026-08-03 12:37:42,037] INFO django.server "GET /tournaments/judges/1/edit/ HTTP/1.1" 200 9989
[2026-08-03 12:37:43,955] INFO django.server "GET /tournaments/judges/ HTTP/1.1" 200 11064
[2026-08-03 12:37:45,813] INFO django.server "GET /tournaments/judges/1/toggle/ HTTP/1.1" 302 0
[2026-08-03 12:37:45,824] INFO django.server "GET /tournaments/judges/ HTTP/1.1" 200 11462
[2026-08-03 12:37:46,887] INFO django.server "GET /tournaments/judges/1/toggle/ HTTP/1.1" 302 0
[2026-08-03 12:37:46,896] INFO django.server "GET /tournaments/judges/ HTTP/1.1" 200 11423
[2026-08-03 12:38:08,361] INFO django.server "GET /users/logout/ HTTP/1.1" 302 0
[2026-08-03 12:38:08,371] INFO django.server "GET / HTTP/1.1" 200 8816
[2026-08-03 12:38:10,273] INFO django.server "GET /users/register/ HTTP/1.1" 200 6592
[2026-08-03 12:38:18,858] INFO django.server "GET / HTTP/1.1" 200 8459
[2026-08-03 12:39:00,960] INFO django.server "GET /users/login/ HTTP/1.1" 200 5432
[2026-08-03 12:39:03,427] INFO django.server "POST /users/login/ HTTP/1.1" 302 0
[2026-08-03 12:39:03,438] INFO django.server "GET /dashboard/ HTTP/1.1" 200 10020
[2026-08-03 12:39:05,485] INFO django.server "GET /tournaments/ HTTP/1.1" 200 13254
[2026-08-03 12:39:06,997] INFO django.server "GET /tournaments/3/ HTTP/1.1" 200 11787
[2026-08-03 12:39:08,532] INFO django.server "GET /tournaments/3/bracket/27/ HTTP/1.1" 200 906048
[2026-08-03 12:39:51,745] INFO django.server "GET /tournaments/3/timer-settings/ HTTP/1.1" 200 8915
[2026-08-03 12:41:25,222] INFO django.server "GET / HTTP/1.1" 200 13622
[2026-08-03 12:41:27,970] INFO django.server "GET /tournaments/participants/ HTTP/1.1" 200 7217
[2026-08-03 12:41:29,663] INFO django.server "GET /tournaments/participants/?tournament=3 HTTP/1.1" 200 649296
[2026-08-03 12:42:00,118] INFO django.server "GET /tournaments/ HTTP/1.1" 200 13254
[2026-08-03 12:42:03,966] INFO django.server "GET /tournaments/3/ HTTP/1.1" 200 11787
[2026-08-03 12:45:00,762] INFO django.server "GET /tournaments/3/bracket/27/ HTTP/1.1" 200 906048
[2026-08-03 12:45:06,150] INFO django.server "GET /users/logout/ HTTP/1.1" 302 0
[2026-08-03 12:45:06,163] INFO django.server "GET / HTTP/1.1" 200 8816
[2026-08-03 12:45:06,713] INFO django.server "GET /users/login/ HTTP/1.1" 200 5432
[2026-08-03 12:45:10,549] INFO django.server "POST /users/login/ HTTP/1.1" 302 0
[2026-08-03 12:45:10,559] INFO django.server "GET /dashboard/ HTTP/1.1" 200 7349
[2026-08-03 12:45:12,449] INFO django.server "GET /tournaments/judge/dashboard/ HTTP/1.1" 200 74158
[2026-08-03 12:45:13,732] INFO django.server "GET /tournaments/judge/fight/374/panel/ HTTP/1.1" 200 20270
[2026-08-03 12:45:18,419] INFO django.server "POST /tournaments/3/fight/374/timer/control/ HTTP/1.1" 200 65
[2026-08-03 12:45:27,826] INFO django.server "POST /tournaments/3/fight/374/timer/control/ HTTP/1.1" 200 42
[2026-08-03 12:46:35,744] INFO django.server "POST /tournaments/3/fight/374/timer/control/ HTTP/1.1" 200 65
[2026-08-03 12:57:35,860] INFO django.server "POST /tournaments/3/fight/374/timer/control/ HTTP/1.1" 200 65
[2026-08-03 12:57:40,002] INFO django.server "POST /tournaments/3/fight/374/timer/control/ HTTP/1.1" 200 85
[2026-08-03 12:57:41,016] INFO django.server "POST /tournaments/3/fight/374/timer/control/ HTTP/1.1" 200 65
[2026-08-03 12:57:43,360] INFO django.server "POST /tournaments/3/fight/374/timer/control/ HTTP/1.1" 200 65
[2026-08-03 12:57:49,244] INFO django.server "GET /tournaments/ HTTP/1.1" 200 12398
[2026-08-03 12:57:50,822] INFO django.server "GET /tournaments/3/ HTTP/1.1" 200 9244
[2026-08-03 12:57:52,119] INFO django.server "GET /tournaments/judge/dashboard/ HTTP/1.1" 200 74158
[2026-08-03 12:57:53,296] INFO django.server "GET /tournaments/judge/dashboard/ HTTP/1.1" 200 74158
[2026-08-03 12:57:54,936] INFO django.server "GET /users/logout/ HTTP/1.1" 302 0
[2026-08-03 12:57:54,947] INFO django.server "GET / HTTP/1.1" 200 8816
[2026-08-03 12:57:55,571] INFO django.server "GET /users/login/ HTTP/1.1" 200 5432
[2026-08-03 12:57:56,832] INFO django.server "POST /users/login/ HTTP/1.1" 302 0
[2026-08-03 12:57:56,842] INFO django.server "GET /dashboard/ HTTP/1.1" 200 7349
[2026-08-03 12:57:58,408] INFO django.server "GET /users/logout/ HTTP/1.1" 302 0
[2026-08-03 12:57:58,418] INFO django.server "GET / HTTP/1.1" 200 8816
[2026-08-03 12:57:59,506] INFO django.server "GET /users/login/ HTTP/1.1" 200 5432
[2026-08-03 12:58:01,540] INFO django.server "POST /users/login/ HTTP/1.1" 302 0
[2026-08-03 12:58:01,550] INFO django.server "GET /dashboard/ HTTP/1.1" 200 10020
[2026-08-03 12:58:03,736] INFO django.server "GET /tournaments/create/ HTTP/1.1" 200 9443
[2026-08-03 12:59:48,778] INFO django.server "GET /users/logout/ HTTP/1.1" 302 0
[2026-08-03 12:59:48,787] INFO django.server "GET / HTTP/1.1" 200 8816
[2026-08-03 12:59:49,353] INFO django.server "GET /users/login/ HTTP/1.1" 200 5432
[2026-08-03 12:59:52,889] INFO django.server "POST /users/login/ HTTP/1.1" 302 0
[2026-08-03 12:59:52,899] INFO django.server "GET /dashboard/ HTTP/1.1" 200 7349
[2026-08-03 12:59:53,915] INFO django.server "GET /tournaments/judge/dashboard/ HTTP/1.1" 200 74158
[2026-08-03 12:59:55,077] INFO django.server "GET /tournaments/judge/fight/369/panel/ HTTP/1.1" 200 20240
[2026-08-03 13:00:19,227] INFO django.server "POST /tournaments/3/fight/369/timer/control/ HTTP/1.1" 200 63
[2026-08-03 13:02:25,134] INFO django.server "GET / HTTP/1.1" 200 10987
[2026-08-03 13:03:04,445] INFO django.server "GET /tournaments/ HTTP/1.1" 200 12398
[2026-08-03 13:05:24,668] INFO django.server "GET / HTTP/1.1" 200 10987
[2026-08-03 13:26:49,644] INFO django.server "GET /users/logout/ HTTP/1.1" 302 0
[2026-08-03 13:26:49,656] INFO django.server "GET / HTTP/1.1" 200 8816
[2026-08-03 13:26:50,508] INFO django.server "GET /users/login/ HTTP/1.1" 200 5432
[2026-08-03 13:26:53,098] INFO django.server "POST /users/login/ HTTP/1.1" 302 0
[2026-08-03 13:26:53,107] INFO django.server "GET /dashboard/ HTTP/1.1" 200 10020
[2026-08-03 13:26:54,929] INFO django.server "GET / HTTP/1.1" 200 13622
[2026-08-03 13:26:56,106] INFO django.server "GET /tournaments/ HTTP/1.1" 200 13254
[2026-08-03 13:26:57,261] INFO django.server "GET /tournaments/3/ HTTP/1.1" 200 11787
[2026-08-03 13:26:59,592] INFO django.server "GET /tournaments/3/categories/ HTTP/1.1" 200 16408
[2026-08-03 13:27:02,499] INFO django.server "GET /tournaments/3/bracket/27/ HTTP/1.1" 200 906048
[2026-08-03 13:27:03,408] INFO django.server "GET /tournaments/3/bracket/27/delete/ HTTP/1.1" 302 0
[2026-08-03 13:27:03,424] INFO django.server "GET /tournaments/3/ HTTP/1.1" 200 11670
[2026-08-03 13:27:06,817] INFO django.server "GET /tournaments/ HTTP/1.1" 200 13254
[2026-08-03 13:27:08,059] INFO django.server "GET /tournaments/3/ HTTP/1.1" 200 11323
[2026-08-03 13:27:10,507] INFO django.server "GET /tournaments/participants/ HTTP/1.1" 200 7217
[2026-08-03 13:27:11,942] INFO django.server "GET /tournaments/participants/?tournament=3 HTTP/1.1" 200 649296
[2026-08-03 13:27:15,350] INFO django.server "POST /tournaments/registration/46/update/ HTTP/1.1" 302 0
[2026-08-03 13:27:15,474] INFO django.server "GET /tournaments/participants/?tournament=3 HTTP/1.1" 200 649717
[2026-08-03 13:27:17,881] INFO django.server "POST /tournaments/registration/64/update/ HTTP/1.1" 302 0
[2026-08-03 13:27:18,002] INFO django.server "GET /tournaments/participants/?tournament=3 HTTP/1.1" 200 649722
[2026-08-03 13:27:20,646] INFO django.server "POST /tournaments/registration/61/update/ HTTP/1.1" 302 0
[2026-08-03 13:27:20,772] INFO django.server "GET /tournaments/participants/?tournament=3 HTTP/1.1" 200 649724
[2026-08-03 13:27:22,602] INFO django.server "POST /tournaments/registration/59/update/ HTTP/1.1" 302 0
[2026-08-03 13:27:22,721] INFO django.server "GET /tournaments/participants/?tournament=3 HTTP/1.1" 200 649725
[2026-08-03 13:27:25,298] INFO django.server "POST /tournaments/registration/43/update/ HTTP/1.1" 302 0
[2026-08-03 13:27:25,430] INFO django.server "GET /tournaments/participants/?tournament=3 HTTP/1.1" 200 649736
[2026-08-03 13:27:30,350] INFO django.server "GET / HTTP/1.1" 200 13622
[2026-08-03 13:27:32,366] INFO django.server "GET /tournaments/ HTTP/1.1" 200 13254
[2026-08-03 13:27:33,679] INFO django.server "GET /tournaments/3/ HTTP/1.1" 200 11323
[2026-08-03 13:27:37,332] INFO django.server "GET /tournaments/ HTTP/1.1" 200 13254
[2026-08-03 13:27:37,839] INFO django.server "GET /tournaments/fighters/ HTTP/1.1" 200 84788
[2026-08-03 13:27:38,404] INFO django.server "GET /tournaments/ HTTP/1.1" 200 13254
[2026-08-03 13:27:39,118] INFO django.server "GET /tournaments/3/ HTTP/1.1" 200 11323
[2026-08-03 13:27:41,863] INFO django.server "GET /tournaments/participants/ HTTP/1.1" 200 7217
[2026-08-03 13:27:43,479] INFO django.server "GET /tournaments/participants/?tournament=3 HTTP/1.1" 200 649320
[2026-08-03 13:27:45,512] INFO django.server "GET /tournaments/3/auto-assign/ HTTP/1.1" 302 0
[2026-08-03 13:27:45,633] INFO django.server "GET /tournaments/participants/?tournament=3 HTTP/1.1" 200 649698
[2026-08-03 13:27:48,343] INFO django.server "GET /tournaments/3/auto-assign/ HTTP/1.1" 302 0
[2026-08-03 13:27:48,458] INFO django.server "GET /tournaments/participants/?tournament=3 HTTP/1.1" 200 649698
[2026-08-03 13:27:55,797] INFO django.server "GET /tournaments/3/categories/ HTTP/1.1" 200 16408
[2026-08-03 13:28:08,173] INFO django.server "POST /tournaments/3/categories/ HTTP/1.1" 302 0
[2026-08-03 13:28:08,188] INFO django.server "GET /tournaments/3/categories/ HTTP/1.1" 200 16749
[2026-08-03 13:28:09,602] INFO django.server "GET /tournaments/3/categories/ HTTP/1.1" 200 16390
[2026-08-03 13:28:12,290] INFO django.server "GET /tournaments/3/categories/ HTTP/1.1" 200 16390
[2026-08-03 13:28:14,349] INFO django.server "GET /tournaments/3/auto-assign/ HTTP/1.1" 302 0
[2026-08-03 13:28:14,467] INFO django.server "GET /tournaments/participants/?tournament=3 HTTP/1.1" 200 649338
[2026-08-03 13:28:19,250] INFO django.server "GET /tournaments/3/categories/ HTTP/1.1" 200 16390
[2026-08-03 13:28:21,439] INFO django.server "POST /tournaments/3/categories/ HTTP/1.1" 302 0
[2026-08-03 13:28:21,452] INFO django.server "GET /tournaments/3/categories/ HTTP/1.1" 200 11103
[2026-08-03 13:28:35,228] INFO django.server "POST /tournaments/3/categories/ HTTP/1.1" 302 0
[2026-08-03 13:28:35,241] INFO django.server "GET /tournaments/3/categories/ HTTP/1.1" 200 11083
[2026-08-03 13:28:50,482] INFO django.server "POST /tournaments/3/categories/ HTTP/1.1" 302 0
[2026-08-03 13:28:50,498] INFO django.server "GET /tournaments/3/categories/ HTTP/1.1" 200 16815
[2026-08-03 13:28:53,528] INFO django.server "GET / HTTP/1.1" 200 13622
[2026-08-03 13:28:54,145] INFO django.server "GET /tournaments/ HTTP/1.1" 200 13254
[2026-08-03 13:28:56,765] INFO django.server "GET /tournaments/participants/ HTTP/1.1" 200 7217
[2026-08-03 13:28:58,355] INFO django.server "GET /tournaments/participants/?tournament=3 HTTP/1.1" 200 649823
[2026-08-03 13:29:00,124] INFO django.server "GET /tournaments/3/auto-assign/ HTTP/1.1" 302 0
[2026-08-03 13:29:00,242] INFO django.server "GET /tournaments/participants/?tournament=3 HTTP/1.1" 200 650533
[2026-08-03 13:29:05,394] INFO django.server "GET /tournaments/ HTTP/1.1" 200 13254
[2026-08-03 13:29:06,155] INFO django.server "GET /tournaments/3/ HTTP/1.1" 200 11330
[2026-08-03 13:29:07,336] INFO django.server "GET /tournaments/3/brackets/generate/ HTTP/1.1" 302 0
[2026-08-03 13:29:07,353] INFO django.server "GET /tournaments/3/ HTTP/1.1" 200 12546
[2026-08-03 13:29:08,124] INFO django.server "GET /tournaments/3/bracket/28/ HTTP/1.1" 200 111057
[2026-08-03 13:29:12,348] INFO django.server "GET /tournaments/3/fights/ HTTP/1.1" 200 59847
[2026-08-03 13:29:14,721] INFO django.server "GET /tournaments/3/fight/387/assign-judge/ HTTP/1.1" 200 8084
[2026-08-03 13:29:18,097] INFO django.server "POST /tournaments/3/fight/387/assign-judge/ HTTP/1.1" 302 0
[2026-08-03 13:29:18,118] INFO django.server "GET /tournaments/3/fights/ HTTP/1.1" 200 59910
[2026-08-03 13:29:20,637] INFO django.server "GET /tournaments/3/fight/453/assign-judge/ HTTP/1.1" 200 8096
[2026-08-03 13:29:22,471] INFO django.server "GET /tournaments/3/fights/ HTTP/1.1" 200 59549
[2026-08-03 13:29:25,299] INFO django.server "GET /tournaments/3/fights/?page=2 HTTP/1.1" 200 59969
[2026-08-03 13:29:29,736] INFO django.server "GET /tournaments/3/fights/?status=scheduled HTTP/1.1" 200 60766
[2026-08-03 13:29:32,155] INFO django.server "GET /tournaments/3/fights/?page=2&status=scheduled HTTP/1.1" 200 61186
[2026-08-03 13:29:33,715] INFO django.server "GET /tournaments/3/fights/?page=3&status=scheduled HTTP/1.1" 200 61229
[2026-08-03 13:29:34,810] INFO django.server "GET /tournaments/3/fights/?page=4&status=scheduled HTTP/1.1" 200 61243
[2026-08-03 13:29:36,174] INFO django.server "GET /tournaments/3/fights/?page=5&status=scheduled HTTP/1.1" 200 61219
[2026-08-03 13:29:38,064] INFO django.server "GET /tournaments/3/fights/?page=6&status=scheduled HTTP/1.1" 200 61221
[2026-08-03 13:29:39,170] INFO django.server "GET /tournaments/3/fights/?page=7&status=scheduled HTTP/1.1" 200 61267
[2026-08-03 13:29:40,200] INFO django.server "GET /tournaments/3/fights/?page=8&status=scheduled HTTP/1.1" 200 56813
[2026-08-03 13:29:47,723] INFO django.server "GET /tournaments/3/fights/?page=7&status=scheduled HTTP/1.1" 200 61267
[2026-08-03 13:29:53,233] INFO django.server "POST /tournaments/3/fights/delete-all/ HTTP/1.1" 302 0
[2026-08-03 13:29:53,249] INFO django.server "GET /tournaments/3/fights/ HTTP/1.1" 200 9887
[2026-08-03 13:29:56,089] INFO django.server "GET /tournaments/3/ HTTP/1.1" 200 11788
[2026-08-03 13:29:57,046] INFO django.server "GET /tournaments/3/bracket/28/ HTTP/1.1" 200 21874
[2026-08-03 13:30:00,840] INFO django.server "GET /tournaments/3/bracket/28/delete/ HTTP/1.1" 302 0
[2026-08-03 13:30:00,852] INFO django.server "GET /tournaments/3/ HTTP/1.1" 200 11666
[2026-08-03 13:30:01,890] INFO django.server "GET /tournaments/3/brackets/generate/ HTTP/1.1" 302 0
[2026-08-03 13:30:01,903] INFO django.server "GET /tournaments/3/ HTTP/1.1" 200 12540
[2026-08-03 13:30:02,739] INFO django.server "GET /tournaments/3/bracket/29/ HTTP/1.1" 200 111057
[2026-08-03 13:30:05,702] INFO django.server "GET /tournaments/3/fights/ HTTP/1.1" 200 61098
[2026-08-03 13:30:17,317] INFO django.server "POST /tournaments/3/fights/delete-all/ HTTP/1.1" 302 0
[2026-08-03 13:30:17,329] INFO django.server "GET /tournaments/3/fights/ HTTP/1.1" 200 9886
[2026-08-03 13:30:22,707] INFO django.server "GET /tournaments/ HTTP/1.1" 200 13249
[2026-08-03 13:30:23,317] INFO django.server "GET / HTTP/1.1" 200 13621
[2026-08-03 13:30:23,900] INFO django.server "GET /tournaments/ HTTP/1.1" 200 13249
[2026-08-03 13:30:24,734] INFO django.server "GET /tournaments/3/ HTTP/1.1" 200 11788
[2026-08-03 13:30:26,668] INFO django.server "GET /tournaments/3/categories/ HTTP/1.1" 200 16429
[2026-08-03 13:30:31,127] INFO django.server "POST /tournaments/3/categories/ HTTP/1.1" 302 0
[2026-08-03 13:30:31,141] INFO django.server "GET /tournaments/3/categories/ HTTP/1.1" 200 11117
[2026-08-03 13:30:32,249] INFO django.server "GET /tournaments/ HTTP/1.1" 200 13249
[2026-08-03 13:30:34,398] INFO django.server "GET /tournaments/participants/ HTTP/1.1" 200 7217
[2026-08-03 13:30:35,912] INFO django.server "GET /tournaments/participants/?tournament=3 HTTP/1.1" 200 638015
[2026-08-03 13:30:39,325] INFO django.server "POST /tournaments/registration/70/update/ HTTP/1.1" 302 0
[2026-08-03 13:30:39,442] INFO django.server "GET /tournaments/participants/?tournament=3 HTTP/1.1" 200 638430
[2026-08-03 13:30:42,577] INFO django.server "POST /tournaments/registration/51/update/ HTTP/1.1" 302 0
[2026-08-03 13:30:42,730] INFO django.server "GET /tournaments/participants/?tournament=3 HTTP/1.1" 200 638441
[2026-08-03 13:30:47,776] INFO django.server "GET /tournaments/3/categories/ HTTP/1.1" 200 10731
[2026-08-03 13:31:02,199] INFO django.server "POST /tournaments/3/categories/ HTTP/1.1" 302 0
[2026-08-03 13:31:02,213] INFO django.server "GET /tournaments/3/categories/ HTTP/1.1" 200 16799
[2026-08-03 13:31:04,493] INFO django.server "GET /tournaments/ HTTP/1.1" 200 13249
[2026-08-03 13:31:05,838] INFO django.server "GET /tournaments/3/ HTTP/1.1" 200 11315
[2026-08-03 13:31:07,384] INFO django.server "GET /tournaments/3/brackets/generate/ HTTP/1.1" 302 0
[2026-08-03 13:31:07,391] INFO django.server "GET /tournaments/participants/ HTTP/1.1" 200 7642
[2026-08-03 13:31:09,888] INFO django.server "GET /tournaments/participants/?tournament=3 HTTP/1.1" 200 649641
[2026-08-03 13:31:11,498] INFO django.server "GET /tournaments/3/auto-assign/ HTTP/1.1" 302 0
[2026-08-03 13:31:11,623] INFO django.server "GET /tournaments/participants/?tournament=3 HTTP/1.1" 200 650335
[2026-08-03 13:31:22,693] INFO django.server "GET /tournaments/ HTTP/1.1" 200 13249
[2026-08-03 13:31:24,115] INFO django.server "GET /tournaments/3/ HTTP/1.1" 200 11315
[2026-08-03 13:31:25,494] INFO django.server "GET /tournaments/3/brackets/generate/ HTTP/1.1" 302 0
[2026-08-03 13:31:25,508] INFO django.server "GET /tournaments/3/ HTTP/1.1" 200 12525
[2026-08-03 13:31:27,410] INFO django.server "GET /tournaments/3/bracket/30/ HTTP/1.1" 200 48803
[2026-08-03 13:31:33,152] INFO django.server "GET /tournaments/3/fights/ HTTP/1.1" 200 35443
[2026-08-03 13:31:38,540] INFO django.server "GET /tournaments/3/fight/561/assign-judge/ HTTP/1.1" 200 8088
[2026-08-03 13:31:42,334] INFO django.server "POST /tournaments/3/fight/561/assign-judge/ HTTP/1.1" 302 0
[2026-08-03 13:31:42,354] INFO django.server "GET /tournaments/3/fights/ HTTP/1.1" 200 32863
[2026-08-03 13:31:45,014] INFO django.server "GET /users/logout/ HTTP/1.1" 302 0
[2026-08-03 13:31:45,024] INFO django.server "GET / HTTP/1.1" 200 8815
[2026-08-03 13:31:46,881] INFO django.server "GET /users/login/ HTTP/1.1" 200 5432
[2026-08-03 13:31:50,480] INFO django.server "POST /users/login/ HTTP/1.1" 302 0
[2026-08-03 13:31:50,489] INFO django.server "GET /dashboard/ HTTP/1.1" 200 7349
[2026-08-03 13:31:51,658] INFO django.server "GET /tournaments/judge/dashboard/ HTTP/1.1" 200 20571
[2026-08-03 13:31:52,870] INFO django.server "GET /tournaments/judge/fight/561/panel/ HTTP/1.1" 200 20323
[2026-08-03 13:31:58,876] INFO django.server "POST /tournaments/3/fight/561/timer/control/ HTTP/1.1" 200 85
[2026-08-03 13:31:59,082] INFO django.server "POST /tournaments/3/fight/561/timer/control/ HTTP/1.1" 200 85
[2026-08-03 13:31:59,631] INFO django.server "POST /tournaments/judge/fight/561/panel/ HTTP/1.1" 302 0
[2026-08-03 13:31:59,654] INFO django.server "GET /tournaments/judge/dashboard/ HTTP/1.1" 200 20978
[2026-08-03 13:32:00,919] INFO django.server "GET /tournaments/judge/fight/562/panel/ HTTP/1.1" 200 20339
[2026-08-03 13:32:05,486] INFO django.server "POST /tournaments/judge/fight/562/panel/ HTTP/1.1" 302 0
[2026-08-03 13:32:05,511] INFO django.server "GET /tournaments/judge/dashboard/ HTTP/1.1" 200 21040
[2026-08-03 13:32:06,374] INFO django.server "GET /tournaments/judge/fight/564/panel/ HTTP/1.1" 200 20327
[2026-08-03 13:32:13,675] INFO django.server "POST /tournaments/judge/fight/564/panel/ HTTP/1.1" 302 0
[2026-08-03 13:32:13,697] INFO django.server "GET /tournaments/judge/dashboard/ HTTP/1.1" 200 21108
[2026-08-03 13:32:14,421] INFO django.server "GET /tournaments/judge/fight/568/panel/ HTTP/1.1" 200 20363
[2026-08-03 13:32:16,850] INFO django.server "POST /tournaments/judge/fight/568/panel/ HTTP/1.1" 302 0
[2026-08-03 13:32:16,874] INFO django.server "GET /tournaments/judge/dashboard/ HTTP/1.1" 200 21182
[2026-08-03 13:32:17,597] INFO django.server "GET /tournaments/judge/fight/570/panel/ HTTP/1.1" 200 20353
[2026-08-03 13:32:22,373] INFO django.server "POST /tournaments/judge/fight/570/panel/ HTTP/1.1" 302 0
[2026-08-03 13:32:22,396] INFO django.server "GET /tournaments/judge/dashboard/ HTTP/1.1" 200 21256
[2026-08-03 13:32:23,028] INFO django.server "GET /tournaments/judge/fight/566/panel/ HTTP/1.1" 200 20347
[2026-08-03 13:32:26,430] INFO django.server "POST /tournaments/judge/fight/566/panel/ HTTP/1.1" 302 0
[2026-08-03 13:32:26,454] INFO django.server "GET /tournaments/judge/dashboard/ HTTP/1.1" 200 21322
[2026-08-03 13:32:27,293] INFO django.server "GET /tournaments/judge/fight/567/panel/ HTTP/1.1" 200 20335
[2026-08-03 13:32:29,958] INFO django.server "POST /tournaments/judge/fight/567/panel/ HTTP/1.1" 302 0
[2026-08-03 13:32:29,979] INFO django.server "GET /tournaments/judge/dashboard/ HTTP/1.1" 200 21366
[2026-08-03 13:32:30,795] INFO django.server "GET /tournaments/judge/fight/569/panel/ HTTP/1.1" 200 20351
[2026-08-03 13:32:37,093] INFO django.server "POST /tournaments/judge/fight/569/panel/ HTTP/1.1" 302 0
[2026-08-03 13:32:37,117] INFO django.server "GET /tournaments/judge/dashboard/ HTTP/1.1" 200 21434
[2026-08-03 13:32:38,113] INFO django.server "GET /tournaments/judge/fight/563/panel/ HTTP/1.1" 200 20339
[2026-08-03 13:32:41,977] INFO django.server "POST /tournaments/judge/fight/563/panel/ HTTP/1.1" 302 0
[2026-08-03 13:32:42,000] INFO django.server "GET /tournaments/judge/dashboard/ HTTP/1.1" 200 21508
[2026-08-03 13:32:42,923] INFO django.server "GET /tournaments/judge/fight/565/panel/ HTTP/1.1" 200 20347
[2026-08-03 13:32:44,592] INFO tournaments Auto-playoff created for bracket 30: Плей-офф создан: 3 участников, 2 раунд(ов)
[2026-08-03 13:32:44,593] INFO django.server "POST /tournaments/judge/fight/565/panel/ HTTP/1.1" 302 0
[2026-08-03 13:32:44,620] INFO django.server "GET /tournaments/judge/dashboard/ HTTP/1.1" 200 20884
[2026-08-03 13:32:46,174] INFO django.server "GET /users/logout/ HTTP/1.1" 302 0
[2026-08-03 13:32:46,183] INFO django.server "GET / HTTP/1.1" 200 8816
[2026-08-03 13:32:47,721] INFO django.server "GET /users/login/ HTTP/1.1" 200 5432
[2026-08-03 13:32:50,464] INFO django.server "POST /users/login/ HTTP/1.1" 302 0
[2026-08-03 13:32:50,474] INFO django.server "GET /dashboard/ HTTP/1.1" 200 10020
[2026-08-03 13:32:52,199] INFO django.server "GET /tournaments/ HTTP/1.1" 200 13252
[2026-08-03 13:32:53,519] INFO django.server "GET /tournaments/3/ HTTP/1.1" 200 11788
[2026-08-03 13:32:54,446] INFO django.server "GET /tournaments/3/bracket/30/ HTTP/1.1" 200 65119
[2026-08-03 13:33:28,068] INFO django.server "GET /tournaments/3/bracket/30/ HTTP/1.1" 200 65119
[2026-08-03 13:33:31,854] INFO django.server "GET /tournaments/3/fights/ HTTP/1.1" 200 41969
[2026-08-03 13:33:35,289] INFO django.server "GET /tournaments/3/fight/571/assign-judge/ HTTP/1.1" 200 8096
[2026-08-03 13:33:39,505] INFO django.server "POST /tournaments/3/fight/571/assign-judge/ HTTP/1.1" 302 0
[2026-08-03 13:33:39,523] INFO django.server "GET /tournaments/3/fights/ HTTP/1.1" 200 41777
[2026-08-03 13:33:42,149] INFO django.server "GET /users/logout/ HTTP/1.1" 302 0
[2026-08-03 13:33:42,160] INFO django.server "GET / HTTP/1.1" 200 8816
[2026-08-03 13:33:43,457] INFO django.server "GET /users/login/ HTTP/1.1" 200 5432
[2026-08-03 13:33:53,153] INFO django.server "POST /users/login/ HTTP/1.1" 302 0
[2026-08-03 13:33:53,163] INFO django.server "GET /dashboard/ HTTP/1.1" 200 7349
[2026-08-03 13:33:54,216] INFO django.server "GET /tournaments/judge/dashboard/ HTTP/1.1" 200 23696
[2026-08-03 13:33:56,694] INFO django.server "GET /tournaments/judge/fight/571/panel/ HTTP/1.1" 200 20339
[2026-08-03 13:34:00,038] INFO django.server "POST /tournaments/judge/fight/571/panel/ HTTP/1.1" 302 0
[2026-08-03 13:34:00,061] INFO django.server "GET /tournaments/judge/dashboard/ HTTP/1.1" 200 24124
[2026-08-03 13:34:01,133] INFO django.server "GET /tournaments/judge/fight/573/panel/ HTTP/1.1" 200 20244
[2026-08-03 13:34:04,028] ERROR tournaments Fight completion error
Traceback (most recent call last):
  File "C:\Users\User\Downloads\Kimi_Agent_CombatTournamentPlatform_ исправления\combat_platform\tournaments\views\judges.py", line 80, in judge_fight_panel
    success, msg = FightService.complete_fight(
                   ~~~~~~~~~~~~~~~~~~~~~~~~~~~^
        fight,
        ^^^^^^
    ...<6 lines>...
        }
        ^
    )
    ^
  File "C:\Users\User\Downloads\Kimi_Agent_CombatTournamentPlatform_ исправления\combat_platform\tournaments\services\fight_service.py", line 75, in complete_fight
    fight.bracket.winner = winner.full_name if winner else None
    ^^^^^^^^^^^^^^^^^^^^
  File "C:\Users\User\Downloads\Kimi_Agent_CombatTournamentPlatform_ исправления\combat_platform\venv\Lib\site-packages\django\db\models\fields\related_descriptors.py", line 284, in __set__
    raise ValueError(
    ...<7 lines>...
    )
ValueError: Cannot assign "'Ахмет Жопов'": "Bracket.winner" must be a "Fighter" instance.
[2026-08-03 13:34:04,066] INFO django.server "POST /tournaments/judge/fight/573/panel/ HTTP/1.1" 200 9409
[2026-08-03 13:34:53,767] INFO django.server "GET /users/logout/ HTTP/1.1" 302 0
[2026-08-03 13:34:53,780] INFO django.server "GET / HTTP/1.1" 200 8816
[2026-08-03 13:34:54,464] INFO django.server "GET /users/login/ HTTP/1.1" 200 5432
[2026-08-03 13:34:57,267] INFO django.server "POST /users/login/ HTTP/1.1" 302 0
[2026-08-03 13:34:57,277] INFO django.server "GET /dashboard/ HTTP/1.1" 200 10020
[2026-08-03 13:34:59,065] INFO django.server "GET /tournaments/ HTTP/1.1" 200 13252
[2026-08-03 13:35:00,233] INFO django.server "GET /tournaments/3/ HTTP/1.1" 200 11788
[2026-08-03 13:35:00,982] INFO django.server "GET /tournaments/3/bracket/30/ HTTP/1.1" 200 71500
[2026-08-03 13:35:09,592] INFO tournaments === advance_winners: сетка #30, текущий раунд 1 ===
[2026-08-03 13:35:09,595] INFO tournaments Раунд 1: всего 10, завершено 10, BYE 0, итого 10
[2026-08-03 13:35:09,597] INFO tournaments   Бой #561: победитель Ахмет Жопов
[2026-08-03 13:35:09,598] INFO tournaments   Бой #562: победитель Ахмет Жопов
[2026-08-03 13:35:09,599] INFO tournaments   Бой #563: победитель Владислав Ковалёв
[2026-08-03 13:35:09,600] INFO tournaments   Бой #564: победитель Даниил Новиков
[2026-08-03 13:35:09,601] INFO tournaments   Бой #565: победитель Тамерлан Дмитриев
[2026-08-03 13:35:09,603] INFO tournaments   Бой #566: победитель Максим Козлов
[2026-08-03 13:35:09,603] WARNING tournaments   Бой #567 не готов: статус completed, winner None
[2026-08-03 13:35:09,604] INFO tournaments   Бой #568: победитель Владислав Ковалёв
[2026-08-03 13:35:09,605] INFO tournaments   Бой #569: победитель Даниил Новиков
[2026-08-03 13:35:09,606] INFO tournaments   Бой #570: победитель Владислав Ковалёв
[2026-08-03 13:35:09,606] INFO tournaments Всего победителей: 9
[2026-08-03 13:35:09,613] INFO tournaments Создан раунд 2 с 4 парами и 1 BYE
[2026-08-03 13:35:09,617] INFO django.server "GET /tournaments/3/brackets/advance/?bracket_id=30 HTTP/1.1" 302 0
[2026-08-03 13:35:09,652] INFO django.server "GET /tournaments/3/bracket/30/ HTTP/1.1" 200 69056
[2026-08-03 13:35:15,310] INFO tournaments === advance_winners: сетка #30, текущий раунд 2 ===
[2026-08-03 13:35:15,314] INFO tournaments Раунд 2: всего 5, завершено 0, BYE 1, итого 1
[2026-08-03 13:35:15,315] INFO django.server "GET /tournaments/3/brackets/advance/?bracket_id=30 HTTP/1.1" 302 0
[2026-08-03 13:35:15,347] INFO django.server "GET /tournaments/3/bracket/30/ HTTP/1.1" 200 69111
[2026-08-15 14:26:13,129] INFO django.utils.autoreload Watching for file changes with StatReloader
[2026-08-15 14:26:15,117] INFO django.server "GET / HTTP/1.1" 200 13622
[2026-08-15 14:26:15,255] INFO django.server "GET /static/css/style.css HTTP/1.1" 200 762
[2026-08-15 14:26:17,342] WARNING django.request Not Found: /favicon.ico
[2026-08-15 14:26:17,343] WARNING django.server "GET /favicon.ico HTTP/1.1" 404 3038
[2026-08-15 14:26:17,998] INFO django.server "GET /tournaments/ HTTP/1.1" 200 13252
[2026-08-15 14:26:18,739] INFO django.server "GET /tournaments/fighters/ HTTP/1.1" 200 84788
[2026-08-15 14:26:19,387] INFO django.server "GET /tournaments/ HTTP/1.1" 200 13252
[2026-08-15 14:26:20,226] INFO django.server "GET /tournaments/3/ HTTP/1.1" 200 11789
[2026-08-15 14:26:21,586] INFO django.server "GET /tournaments/3/bracket/30/ HTTP/1.1" 200 68676
[2026-08-30 19:07:33,458] INFO django.utils.autoreload Watching for file changes with StatReloader
[2026-08-30 19:09:09,669] INFO django.utils.autoreload C:\Users\User\Downloads\Kimi_Agent_CombatTournamentPlatform_ исправления\combat_platform\tournaments\models\__init__.py changed, reloading.
[2026-08-30 19:09:10,160] INFO django.utils.autoreload Watching for file changes with StatReloader
[2026-08-30 19:10:05,497] INFO django.utils.autoreload C:\Users\User\Downloads\Kimi_Agent_CombatTournamentPlatform_ исправления\combat_platform\tournaments\services\bracket_service.py changed, reloading.
[2026-08-30 19:10:06,019] INFO django.utils.autoreload Watching for file changes with StatReloader
[2026-08-30 19:10:26,146] INFO django.utils.autoreload C:\Users\User\Downloads\Kimi_Agent_CombatTournamentPlatform_ исправления\combat_platform\tournaments\services\fight_service.py changed, reloading.
[2026-08-30 19:10:26,688] INFO django.utils.autoreload Watching for file changes with StatReloader
[2026-08-30 19:11:51,641] INFO django.utils.autoreload C:\Users\User\Downloads\Kimi_Agent_CombatTournamentPlatform_ исправления\combat_platform\tournaments\services\fight_service.py changed, reloading.
[2026-08-30 19:11:52,137] INFO django.utils.autoreload Watching for file changes with StatReloader
[2026-08-30 19:11:56,921] INFO django.server "GET / HTTP/1.1" 200 8459
[2026-08-30 19:11:57,057] INFO django.server "GET /static/css/style.css HTTP/1.1" 200 762
[2026-08-30 19:12:11,643] INFO django.utils.autoreload Watching for file changes with StatReloader
[2026-08-30 19:12:13,321] INFO django.server "GET / HTTP/1.1" 200 8459
[2026-08-30 19:12:16,630] WARNING django.request Not Found: /favicon.ico
[2026-08-30 19:12:16,630] WARNING django.server "GET /favicon.ico HTTP/1.1" 404 3038
[2026-08-30 19:12:39,912] INFO django.server "GET / HTTP/1.1" 200 8459
[2026-08-30 19:12:43,270] INFO django.server "GET / HTTP/1.1" 200 8459
[2026-08-30 19:12:45,100] INFO django.server "GET /users/login/ HTTP/1.1" 200 5432
[2026-08-30 19:12:46,885] INFO django.server "POST /users/login/ HTTP/1.1" 302 0
[2026-08-30 19:12:46,904] INFO django.server "GET /dashboard/ HTTP/1.1" 200 10020
[2026-08-30 19:12:48,448] INFO django.server "GET /tournaments/ HTTP/1.1" 200 13252
[2026-08-30 19:12:50,002] INFO django.server "GET / HTTP/1.1" 200 13622
[2026-08-30 19:12:52,118] INFO django.server "GET /tournaments/create/ HTTP/1.1" 200 9443
[2026-08-30 19:13:13,674] INFO tournaments Турнир #5 создан пользователем admin
[2026-08-30 19:13:13,675] INFO django.server "POST /tournaments/create/ HTTP/1.1" 302 0
[2026-08-30 19:13:13,714] INFO django.server "GET /tournaments/5/ HTTP/1.1" 200 11357
[2026-08-30 19:13:21,828] INFO django.server "GET /tournaments/fighters/ HTTP/1.1" 200 84788
[2026-08-30 19:13:23,342] INFO django.server "GET /tournaments/ HTTP/1.1" 200 15193
[2026-08-30 19:13:25,277] INFO django.server "GET /tournaments/5/ HTTP/1.1" 200 10983
[2026-08-30 19:13:29,710] ERROR django.request Internal Server Error: /tournaments/5/fights/
Traceback (most recent call last):
  File "C:\Users\User\Downloads\Kimi_Agent_CombatTournamentPlatform_ исправления\combat_platform\venv\Lib\site-packages\django\db\backends\utils.py", line 105, in _execute
    return self.cursor.execute(sql, params)
           ~~~~~~~~~~~~~~~~~~~^^^^^^^^^^^^^
  File "C:\Users\User\Downloads\Kimi_Agent_CombatTournamentPlatform_ исправления\combat_platform\venv\Lib\site-packages\django\db\backends\sqlite3\base.py", line 329, in execute
    return super().execute(query, params)
           ~~~~~~~~~~~~~~~^^^^^^^^^^^^^^^
sqlite3.OperationalError: no such column: tournaments_fight.head_judge_id

The above exception was the direct cause of the following exception:

Traceback (most recent call last):
  File "C:\Users\User\Downloads\Kimi_Agent_CombatTournamentPlatform_ исправления\combat_platform\venv\Lib\site-packages\django\core\handlers\exception.py", line 55, in inner
    response = get_response(request)
  File "C:\Users\User\Downloads\Kimi_Agent_CombatTournamentPlatform_ исправления\combat_platform\venv\Lib\site-packages\django\core\handlers\base.py", line 197, in _get_response
    response = wrapped_callback(request, *callback_args, **callback_kwargs)
  File "C:\Users\User\Downloads\Kimi_Agent_CombatTournamentPlatform_ исправления\combat_platform\venv\Lib\site-packages\django\contrib\auth\decorators.py", line 23, in _wrapper_view
    return view_func(request, *args, **kwargs)
  File "C:\Users\User\Downloads\Kimi_Agent_CombatTournamentPlatform_ исправления\combat_platform\users\decorators.py", line 60, in _wrapped
    return view_func(request, *args, **kwargs)
  File "C:\Users\User\Downloads\Kimi_Agent_CombatTournamentPlatform_ исправления\combat_platform\tournaments\views\fights.py", line 70, in fights_management
    'no_judge': fights.filter(judge__isnull=True, head_judge__isnull=True).count() if is_admin else 0,
                ~~~~~~~~~~~~~~~~~~~~~~~~~~~~~~~~~~~~~~~~~~~~~~~~~~~~~~~~~~~~~~~~^^
  File "C:\Users\User\Downloads\Kimi_Agent_CombatTournamentPlatform_ исправления\combat_platform\venv\Lib\site-packages\django\db\models\query.py", line 620, in count
    return self.query.get_count(using=self.db)
           ~~~~~~~~~~~~~~~~~~~~^^^^^^^^^^^^^^^
  File "C:\Users\User\Downloads\Kimi_Agent_CombatTournamentPlatform_ исправления\combat_platform\venv\Lib\site-packages\django\db\models\sql\query.py", line 629, in get_count
    return obj.get_aggregation(using, {"__count": Count("*")})["__count"]
           ~~~~~~~~~~~~~~~~~~~^^^^^^^^^^^^^^^^^^^^^^^^^^^^^^^^
  File "C:\Users\User\Downloads\Kimi_Agent_CombatTournamentPlatform_ исправления\combat_platform\venv\Lib\site-packages\django\db\models\sql\query.py", line 615, in get_aggregation
    result = compiler.execute_sql(SINGLE)
  File "C:\Users\User\Downloads\Kimi_Agent_CombatTournamentPlatform_ исправления\combat_platform\venv\Lib\site-packages\django\db\models\sql\compiler.py", line 1562, in execute_sql
    cursor.execute(sql, params)
    ~~~~~~~~~~~~~~^^^^^^^^^^^^^
  File "C:\Users\User\Downloads\Kimi_Agent_CombatTournamentPlatform_ исправления\combat_platform\venv\Lib\site-packages\django\db\backends\utils.py", line 122, in execute
    return super().execute(sql, params)
           ~~~~~~~~~~~~~~~^^^^^^^^^^^^^
  File "C:\Users\User\Downloads\Kimi_Agent_CombatTournamentPlatform_ исправления\combat_platform\venv\Lib\site-packages\django\db\backends\utils.py", line 79, in execute
    return self._execute_with_wrappers(
           ~~~~~~~~~~~~~~~~~~~~~~~~~~~^
        sql, params, many=False, executor=self._execute
        ^^^^^^^^^^^^^^^^^^^^^^^^^^^^^^^^^^^^^^^^^^^^^^^
    )
    ^
  File "C:\Users\User\Downloads\Kimi_Agent_CombatTournamentPlatform_ исправления\combat_platform\venv\Lib\site-packages\django\db\backends\utils.py", line 92, in _execute_with_wrappers
    return executor(sql, params, many, context)
  File "C:\Users\User\Downloads\Kimi_Agent_CombatTournamentPlatform_ исправления\combat_platform\venv\Lib\site-packages\django\db\backends\utils.py", line 100, in _execute
    with self.db.wrap_database_errors:
         ^^^^^^^^^^^^^^^^^^^^^^^^^^^^
  File "C:\Users\User\Downloads\Kimi_Agent_CombatTournamentPlatform_ исправления\combat_platform\venv\Lib\site-packages\django\db\utils.py", line 91, in __exit__
    raise dj_exc_value.with_traceback(traceback) from exc_value
  File "C:\Users\User\Downloads\Kimi_Agent_CombatTournamentPlatform_ исправления\combat_platform\venv\Lib\site-packages\django\db\backends\utils.py", line 105, in _execute
    return self.cursor.execute(sql, params)
           ~~~~~~~~~~~~~~~~~~~^^^^^^^^^^^^^
  File "C:\Users\User\Downloads\Kimi_Agent_CombatTournamentPlatform_ исправления\combat_platform\venv\Lib\site-packages\django\db\backends\sqlite3\base.py", line 329, in execute
    return super().execute(query, params)
           ~~~~~~~~~~~~~~~^^^^^^^^^^^^^^^
django.db.utils.OperationalError: no such column: tournaments_fight.head_judge_id
[2026-08-30 19:13:29,715] ERROR django.server "GET /tournaments/5/fights/ HTTP/1.1" 500 149626
[2026-08-30 19:13:35,558] INFO django.server "GET /tournaments/5/brackets/generate/ HTTP/1.1" 302 0
[2026-08-30 19:13:35,589] INFO django.server "GET /tournaments/5/categories/ HTTP/1.1" 200 11137
[2026-08-30 19:13:49,729] INFO django.server "POST /tournaments/5/categories/ HTTP/1.1" 302 0
[2026-08-30 19:13:49,744] INFO django.server "GET /tournaments/5/categories/ HTTP/1.1" 200 16777
[2026-08-30 19:13:51,361] INFO django.server "GET /tournaments/ HTTP/1.1" 200 15193
[2026-08-30 19:13:53,306] INFO django.server "GET /tournaments/participants/ HTTP/1.1" 200 7305
[2026-08-30 19:13:55,756] INFO django.server "GET /tournaments/participants/?tournament=5 HTTP/1.1" 200 10804
[2026-08-30 19:13:57,453] INFO django.server "GET /tournaments/5/participants/add/ HTTP/1.1" 200 9771
[2026-08-30 19:14:14,685] INFO django.server "POST /tournaments/5/participants/add/ HTTP/1.1" 302 0
[2026-08-30 19:14:14,702] INFO django.server "GET /tournaments/participants/?tournament=5 HTTP/1.1" 200 24326
[2026-08-30 19:14:20,026] INFO django.server "POST /tournaments/registration/80/update/ HTTP/1.1" 302 0
[2026-08-30 19:14:20,042] INFO django.server "GET /tournaments/participants/?tournament=5 HTTP/1.1" 200 24702
[2026-08-30 19:14:21,790] INFO django.server "GET /tournaments/5/participants/add/ HTTP/1.1" 200 9771
[2026-08-30 19:14:38,573] INFO django.server "POST /tournaments/5/participants/add/ HTTP/1.1" 302 0
[2026-08-30 19:14:38,592] INFO django.server "GET /tournaments/participants/?tournament=5 HTTP/1.1" 200 37603
[2026-08-30 19:14:44,363] INFO django.server "POST /tournaments/registration/81/update/ HTTP/1.1" 302 0
[2026-08-30 19:14:44,392] INFO django.server "GET /tournaments/participants/?tournament=5 HTTP/1.1" 200 37979
[2026-08-30 19:14:45,866] INFO django.server "GET /tournaments/ HTTP/1.1" 200 15193
[2026-08-30 19:14:47,265] INFO django.server "GET /tournaments/5/ HTTP/1.1" 200 11360
[2026-08-30 19:14:48,669] ERROR tournaments Ошибка генерации сетки #31: no such column: tournaments_fight.head_judge_id
Traceback (most recent call last):
  File "C:\Users\User\Downloads\Kimi_Agent_CombatTournamentPlatform_ исправления\combat_platform\venv\Lib\site-packages\django\db\backends\utils.py", line 105, in _execute
    return self.cursor.execute(sql, params)
           ~~~~~~~~~~~~~~~~~~~^^^^^^^^^^^^^
  File "C:\Users\User\Downloads\Kimi_Agent_CombatTournamentPlatform_ исправления\combat_platform\venv\Lib\site-packages\django\db\backends\sqlite3\base.py", line 329, in execute
    return super().execute(query, params)
           ~~~~~~~~~~~~~~~^^^^^^^^^^^^^^^
sqlite3.OperationalError: no such column: tournaments_fight.head_judge_id

The above exception was the direct cause of the following exception:

Traceback (most recent call last):
  File "C:\Users\User\Downloads\Kimi_Agent_CombatTournamentPlatform_ исправления\combat_platform\tournaments\services\bracket_service.py", line 44, in generate_single_elimination
    Fight.objects.filter(bracket=bracket).delete()
    ~~~~~~~~~~~~~~~~~~~~~~~~~~~~~~~~~~~~~~~~~~~~^^
  File "C:\Users\User\Downloads\Kimi_Agent_CombatTournamentPlatform_ исправления\combat_platform\venv\Lib\site-packages\django\db\models\query.py", line 1187, in delete
    collector.collect(del_query)
    ~~~~~~~~~~~~~~~~~^^^^^^^^^^^
  File "C:\Users\User\Downloads\Kimi_Agent_CombatTournamentPlatform_ исправления\combat_platform\venv\Lib\site-packages\django\db\models\deletion.py", line 284, in collect
    new_objs = self.add(
        objs, source, nullable, reverse_dependency=reverse_dependency
    )
  File "C:\Users\User\Downloads\Kimi_Agent_CombatTournamentPlatform_ исправления\combat_platform\venv\Lib\site-packages\django\db\models\deletion.py", line 126, in add
    if not objs:
           ^^^^
  File "C:\Users\User\Downloads\Kimi_Agent_CombatTournamentPlatform_ исправления\combat_platform\venv\Lib\site-packages\django\db\models\query.py", line 414, in __bool__
    self._fetch_all()
    ~~~~~~~~~~~~~~~^^
  File "C:\Users\User\Downloads\Kimi_Agent_CombatTournamentPlatform_ исправления\combat_platform\venv\Lib\site-packages\django\db\models\query.py", line 1928, in _fetch_all
    self._result_cache = list(self._iterable_class(self))
                         ~~~~^^^^^^^^^^^^^^^^^^^^^^^^^^^^
  File "C:\Users\User\Downloads\Kimi_Agent_CombatTournamentPlatform_ исправления\combat_platform\venv\Lib\site-packages\django\db\models\query.py", line 91, in __iter__
    results = compiler.execute_sql(
        chunked_fetch=self.chunked_fetch, chunk_size=self.chunk_size
    )
  File "C:\Users\User\Downloads\Kimi_Agent_CombatTournamentPlatform_ исправления\combat_platform\venv\Lib\site-packages\django\db\models\sql\compiler.py", line 1562, in execute_sql
    cursor.execute(sql, params)
    ~~~~~~~~~~~~~~^^^^^^^^^^^^^
  File "C:\Users\User\Downloads\Kimi_Agent_CombatTournamentPlatform_ исправления\combat_platform\venv\Lib\site-packages\django\db\backends\utils.py", line 122, in execute
    return super().execute(sql, params)
           ~~~~~~~~~~~~~~~^^^^^^^^^^^^^
  File "C:\Users\User\Downloads\Kimi_Agent_CombatTournamentPlatform_ исправления\combat_platform\venv\Lib\site-packages\django\db\backends\utils.py", line 79, in execute
    return self._execute_with_wrappers(
           ~~~~~~~~~~~~~~~~~~~~~~~~~~~^
        sql, params, many=False, executor=self._execute
        ^^^^^^^^^^^^^^^^^^^^^^^^^^^^^^^^^^^^^^^^^^^^^^^
    )
    ^
  File "C:\Users\User\Downloads\Kimi_Agent_CombatTournamentPlatform_ исправления\combat_platform\venv\Lib\site-packages\django\db\backends\utils.py", line 92, in _execute_with_wrappers
    return executor(sql, params, many, context)
  File "C:\Users\User\Downloads\Kimi_Agent_CombatTournamentPlatform_ исправления\combat_platform\venv\Lib\site-packages\django\db\backends\utils.py", line 100, in _execute
    with self.db.wrap_database_errors:
         ^^^^^^^^^^^^^^^^^^^^^^^^^^^^
  File "C:\Users\User\Downloads\Kimi_Agent_CombatTournamentPlatform_ исправления\combat_platform\venv\Lib\site-packages\django\db\utils.py", line 91, in __exit__
    raise dj_exc_value.with_traceback(traceback) from exc_value
  File "C:\Users\User\Downloads\Kimi_Agent_CombatTournamentPlatform_ исправления\combat_platform\venv\Lib\site-packages\django\db\backends\utils.py", line 105, in _execute
    return self.cursor.execute(sql, params)
           ~~~~~~~~~~~~~~~~~~~^^^^^^^^^^^^^
  File "C:\Users\User\Downloads\Kimi_Agent_CombatTournamentPlatform_ исправления\combat_platform\venv\Lib\site-packages\django\db\backends\sqlite3\base.py", line 329, in execute
    return super().execute(query, params)
           ~~~~~~~~~~~~~~~^^^^^^^^^^^^^^^
django.db.utils.OperationalError: no such column: tournaments_fight.head_judge_id
[2026-08-30 19:14:48,686] INFO django.server "GET /tournaments/5/brackets/generate/ HTTP/1.1" 302 0
[2026-08-30 19:14:48,699] INFO django.server "GET /tournaments/5/ HTTP/1.1" 200 12245
[2026-08-30 19:14:50,272] ERROR django.request Internal Server Error: /tournaments/5/fights/
Traceback (most recent call last):
  File "C:\Users\User\Downloads\Kimi_Agent_CombatTournamentPlatform_ исправления\combat_platform\venv\Lib\site-packages\django\db\backends\utils.py", line 105, in _execute
    return self.cursor.execute(sql, params)
           ~~~~~~~~~~~~~~~~~~~^^^^^^^^^^^^^
  File "C:\Users\User\Downloads\Kimi_Agent_CombatTournamentPlatform_ исправления\combat_platform\venv\Lib\site-packages\django\db\backends\sqlite3\base.py", line 329, in execute
    return super().execute(query, params)
           ~~~~~~~~~~~~~~~^^^^^^^^^^^^^^^
sqlite3.OperationalError: no such column: tournaments_fight.head_judge_id

The above exception was the direct cause of the following exception:

Traceback (most recent call last):
  File "C:\Users\User\Downloads\Kimi_Agent_CombatTournamentPlatform_ исправления\combat_platform\venv\Lib\site-packages\django\core\handlers\exception.py", line 55, in inner
    response = get_response(request)
  File "C:\Users\User\Downloads\Kimi_Agent_CombatTournamentPlatform_ исправления\combat_platform\venv\Lib\site-packages\django\core\handlers\base.py", line 197, in _get_response
    response = wrapped_callback(request, *callback_args, **callback_kwargs)
  File "C:\Users\User\Downloads\Kimi_Agent_CombatTournamentPlatform_ исправления\combat_platform\venv\Lib\site-packages\django\contrib\auth\decorators.py", line 23, in _wrapper_view
    return view_func(request, *args, **kwargs)
  File "C:\Users\User\Downloads\Kimi_Agent_CombatTournamentPlatform_ исправления\combat_platform\users\decorators.py", line 60, in _wrapped
    return view_func(request, *args, **kwargs)
  File "C:\Users\User\Downloads\Kimi_Agent_CombatTournamentPlatform_ исправления\combat_platform\tournaments\views\fights.py", line 70, in fights_management
    'no_judge': fights.filter(judge__isnull=True, head_judge__isnull=True).count() if is_admin else 0,
                ~~~~~~~~~~~~~~~~~~~~~~~~~~~~~~~~~~~~~~~~~~~~~~~~~~~~~~~~~~~~~~~~^^
  File "C:\Users\User\Downloads\Kimi_Agent_CombatTournamentPlatform_ исправления\combat_platform\venv\Lib\site-packages\django\db\models\query.py", line 620, in count
    return self.query.get_count(using=self.db)
           ~~~~~~~~~~~~~~~~~~~~^^^^^^^^^^^^^^^
  File "C:\Users\User\Downloads\Kimi_Agent_CombatTournamentPlatform_ исправления\combat_platform\venv\Lib\site-packages\django\db\models\sql\query.py", line 629, in get_count
    return obj.get_aggregation(using, {"__count": Count("*")})["__count"]
           ~~~~~~~~~~~~~~~~~~~^^^^^^^^^^^^^^^^^^^^^^^^^^^^^^^^
  File "C:\Users\User\Downloads\Kimi_Agent_CombatTournamentPlatform_ исправления\combat_platform\venv\Lib\site-packages\django\db\models\sql\query.py", line 615, in get_aggregation
    result = compiler.execute_sql(SINGLE)
  File "C:\Users\User\Downloads\Kimi_Agent_CombatTournamentPlatform_ исправления\combat_platform\venv\Lib\site-packages\django\db\models\sql\compiler.py", line 1562, in execute_sql
    cursor.execute(sql, params)
    ~~~~~~~~~~~~~~^^^^^^^^^^^^^
  File "C:\Users\User\Downloads\Kimi_Agent_CombatTournamentPlatform_ исправления\combat_platform\venv\Lib\site-packages\django\db\backends\utils.py", line 122, in execute
    return super().execute(sql, params)
           ~~~~~~~~~~~~~~~^^^^^^^^^^^^^
  File "C:\Users\User\Downloads\Kimi_Agent_CombatTournamentPlatform_ исправления\combat_platform\venv\Lib\site-packages\django\db\backends\utils.py", line 79, in execute
    return self._execute_with_wrappers(
           ~~~~~~~~~~~~~~~~~~~~~~~~~~~^
        sql, params, many=False, executor=self._execute
        ^^^^^^^^^^^^^^^^^^^^^^^^^^^^^^^^^^^^^^^^^^^^^^^
    )
    ^
  File "C:\Users\User\Downloads\Kimi_Agent_CombatTournamentPlatform_ исправления\combat_platform\venv\Lib\site-packages\django\db\backends\utils.py", line 92, in _execute_with_wrappers
    return executor(sql, params, many, context)
  File "C:\Users\User\Downloads\Kimi_Agent_CombatTournamentPlatform_ исправления\combat_platform\venv\Lib\site-packages\django\db\backends\utils.py", line 100, in _execute
    with self.db.wrap_database_errors:
         ^^^^^^^^^^^^^^^^^^^^^^^^^^^^
  File "C:\Users\User\Downloads\Kimi_Agent_CombatTournamentPlatform_ исправления\combat_platform\venv\Lib\site-packages\django\db\utils.py", line 91, in __exit__
    raise dj_exc_value.with_traceback(traceback) from exc_value
  File "C:\Users\User\Downloads\Kimi_Agent_CombatTournamentPlatform_ исправления\combat_platform\venv\Lib\site-packages\django\db\backends\utils.py", line 105, in _execute
    return self.cursor.execute(sql, params)
           ~~~~~~~~~~~~~~~~~~~^^^^^^^^^^^^^
  File "C:\Users\User\Downloads\Kimi_Agent_CombatTournamentPlatform_ исправления\combat_platform\venv\Lib\site-packages\django\db\backends\sqlite3\base.py", line 329, in execute
    return super().execute(query, params)
           ~~~~~~~~~~~~~~~^^^^^^^^^^^^^^^
django.db.utils.OperationalError: no such column: tournaments_fight.head_judge_id
[2026-08-30 19:14:50,275] ERROR django.server "GET /tournaments/5/fights/ HTTP/1.1" 500 149626
[2026-08-30 19:15:05,952] ERROR django.request Internal Server Error: /tournaments/5/bracket/31/
Traceback (most recent call last):
  File "C:\Users\User\Downloads\Kimi_Agent_CombatTournamentPlatform_ исправления\combat_platform\venv\Lib\site-packages\django\db\backends\utils.py", line 105, in _execute
    return self.cursor.execute(sql, params)
           ~~~~~~~~~~~~~~~~~~~^^^^^^^^^^^^^
  File "C:\Users\User\Downloads\Kimi_Agent_CombatTournamentPlatform_ исправления\combat_platform\venv\Lib\site-packages\django\db\backends\sqlite3\base.py", line 329, in execute
    return super().execute(query, params)
           ~~~~~~~~~~~~~~~^^^^^^^^^^^^^^^
sqlite3.OperationalError: no such column: tournaments_fight.head_judge_id

The above exception was the direct cause of the following exception:

Traceback (most recent call last):
  File "C:\Users\User\Downloads\Kimi_Agent_CombatTournamentPlatform_ исправления\combat_platform\venv\Lib\site-packages\django\core\handlers\exception.py", line 55, in inner
    response = get_response(request)
  File "C:\Users\User\Downloads\Kimi_Agent_CombatTournamentPlatform_ исправления\combat_platform\venv\Lib\site-packages\django\core\handlers\base.py", line 197, in _get_response
    response = wrapped_callback(request, *callback_args, **callback_kwargs)
  File "C:\Users\User\Downloads\Kimi_Agent_CombatTournamentPlatform_ исправления\combat_platform\venv\Lib\site-packages\django\contrib\auth\decorators.py", line 23, in _wrapper_view
    return view_func(request, *args, **kwargs)
  File "C:\Users\User\Downloads\Kimi_Agent_CombatTournamentPlatform_ исправления\combat_platform\tournaments\views\brackets.py", line 21, in bracket_view
    fights_by_round = FightService.get_fights_by_round(bracket)
  File "C:\Users\User\Downloads\Kimi_Agent_CombatTournamentPlatform_ исправления\combat_platform\tournaments\services\fight_service.py", line 16, in get_fights_by_round
    for f in fights:
             ^^^^^^
  File "C:\Users\User\Downloads\Kimi_Agent_CombatTournamentPlatform_ исправления\combat_platform\venv\Lib\site-packages\django\db\models\query.py", line 400, in __iter__
    self._fetch_all()
    ~~~~~~~~~~~~~~~^^
  File "C:\Users\User\Downloads\Kimi_Agent_CombatTournamentPlatform_ исправления\combat_platform\venv\Lib\site-packages\django\db\models\query.py", line 1928, in _fetch_all
    self._result_cache = list(self._iterable_class(self))
                         ~~~~^^^^^^^^^^^^^^^^^^^^^^^^^^^^
  File "C:\Users\User\Downloads\Kimi_Agent_CombatTournamentPlatform_ исправления\combat_platform\venv\Lib\site-packages\django\db\models\query.py", line 91, in __iter__
    results = compiler.execute_sql(
        chunked_fetch=self.chunked_fetch, chunk_size=self.chunk_size
    )
  File "C:\Users\User\Downloads\Kimi_Agent_CombatTournamentPlatform_ исправления\combat_platform\venv\Lib\site-packages\django\db\models\sql\compiler.py", line 1562, in execute_sql
    cursor.execute(sql, params)
    ~~~~~~~~~~~~~~^^^^^^^^^^^^^
  File "C:\Users\User\Downloads\Kimi_Agent_CombatTournamentPlatform_ исправления\combat_platform\venv\Lib\site-packages\django\db\backends\utils.py", line 122, in execute
    return super().execute(sql, params)
           ~~~~~~~~~~~~~~~^^^^^^^^^^^^^
  File "C:\Users\User\Downloads\Kimi_Agent_CombatTournamentPlatform_ исправления\combat_platform\venv\Lib\site-packages\django\db\backends\utils.py", line 79, in execute
    return self._execute_with_wrappers(
           ~~~~~~~~~~~~~~~~~~~~~~~~~~~^
        sql, params, many=False, executor=self._execute
        ^^^^^^^^^^^^^^^^^^^^^^^^^^^^^^^^^^^^^^^^^^^^^^^
    )
    ^
  File "C:\Users\User\Downloads\Kimi_Agent_CombatTournamentPlatform_ исправления\combat_platform\venv\Lib\site-packages\django\db\backends\utils.py", line 92, in _execute_with_wrappers
    return executor(sql, params, many, context)
  File "C:\Users\User\Downloads\Kimi_Agent_CombatTournamentPlatform_ исправления\combat_platform\venv\Lib\site-packages\django\db\backends\utils.py", line 100, in _execute
    with self.db.wrap_database_errors:
         ^^^^^^^^^^^^^^^^^^^^^^^^^^^^
  File "C:\Users\User\Downloads\Kimi_Agent_CombatTournamentPlatform_ исправления\combat_platform\venv\Lib\site-packages\django\db\utils.py", line 91, in __exit__
    raise dj_exc_value.with_traceback(traceback) from exc_value
  File "C:\Users\User\Downloads\Kimi_Agent_CombatTournamentPlatform_ исправления\combat_platform\venv\Lib\site-packages\django\db\backends\utils.py", line 105, in _execute
    return self.cursor.execute(sql, params)
           ~~~~~~~~~~~~~~~~~~~^^^^^^^^^^^^^
  File "C:\Users\User\Downloads\Kimi_Agent_CombatTournamentPlatform_ исправления\combat_platform\venv\Lib\site-packages\django\db\backends\sqlite3\base.py", line 329, in execute
    return super().execute(query, params)
           ~~~~~~~~~~~~~~~^^^^^^^^^^^^^^^
django.db.utils.OperationalError: no such column: tournaments_fight.head_judge_id
[2026-08-30 19:15:05,955] ERROR django.server "GET /tournaments/5/bracket/31/ HTTP/1.1" 500 163667
[2026-08-30 19:15:09,077] ERROR tournaments Ошибка генерации сетки #31: no such column: tournaments_fight.head_judge_id
Traceback (most recent call last):
  File "C:\Users\User\Downloads\Kimi_Agent_CombatTournamentPlatform_ исправления\combat_platform\venv\Lib\site-packages\django\db\backends\utils.py", line 105, in _execute
    return self.cursor.execute(sql, params)
           ~~~~~~~~~~~~~~~~~~~^^^^^^^^^^^^^
  File "C:\Users\User\Downloads\Kimi_Agent_CombatTournamentPlatform_ исправления\combat_platform\venv\Lib\site-packages\django\db\backends\sqlite3\base.py", line 329, in execute
    return super().execute(query, params)
           ~~~~~~~~~~~~~~~^^^^^^^^^^^^^^^
sqlite3.OperationalError: no such column: tournaments_fight.head_judge_id

The above exception was the direct cause of the following exception:

Traceback (most recent call last):
  File "C:\Users\User\Downloads\Kimi_Agent_CombatTournamentPlatform_ исправления\combat_platform\tournaments\services\bracket_service.py", line 44, in generate_single_elimination
    Fight.objects.filter(bracket=bracket).delete()
    ~~~~~~~~~~~~~~~~~~~~~~~~~~~~~~~~~~~~~~~~~~~~^^
  File "C:\Users\User\Downloads\Kimi_Agent_CombatTournamentPlatform_ исправления\combat_platform\venv\Lib\site-packages\django\db\models\query.py", line 1187, in delete
    collector.collect(del_query)
    ~~~~~~~~~~~~~~~~~^^^^^^^^^^^
  File "C:\Users\User\Downloads\Kimi_Agent_CombatTournamentPlatform_ исправления\combat_platform\venv\Lib\site-packages\django\db\models\deletion.py", line 284, in collect
    new_objs = self.add(
        objs, source, nullable, reverse_dependency=reverse_dependency
    )
  File "C:\Users\User\Downloads\Kimi_Agent_CombatTournamentPlatform_ исправления\combat_platform\venv\Lib\site-packages\django\db\models\deletion.py", line 126, in add
    if not objs:
           ^^^^
  File "C:\Users\User\Downloads\Kimi_Agent_CombatTournamentPlatform_ исправления\combat_platform\venv\Lib\site-packages\django\db\models\query.py", line 414, in __bool__
    self._fetch_all()
    ~~~~~~~~~~~~~~~^^
  File "C:\Users\User\Downloads\Kimi_Agent_CombatTournamentPlatform_ исправления\combat_platform\venv\Lib\site-packages\django\db\models\query.py", line 1928, in _fetch_all
    self._result_cache = list(self._iterable_class(self))
                         ~~~~^^^^^^^^^^^^^^^^^^^^^^^^^^^^
  File "C:\Users\User\Downloads\Kimi_Agent_CombatTournamentPlatform_ исправления\combat_platform\venv\Lib\site-packages\django\db\models\query.py", line 91, in __iter__
    results = compiler.execute_sql(
        chunked_fetch=self.chunked_fetch, chunk_size=self.chunk_size
    )
  File "C:\Users\User\Downloads\Kimi_Agent_CombatTournamentPlatform_ исправления\combat_platform\venv\Lib\site-packages\django\db\models\sql\compiler.py", line 1562, in execute_sql
    cursor.execute(sql, params)
    ~~~~~~~~~~~~~~^^^^^^^^^^^^^
  File "C:\Users\User\Downloads\Kimi_Agent_CombatTournamentPlatform_ исправления\combat_platform\venv\Lib\site-packages\django\db\backends\utils.py", line 122, in execute
    return super().execute(sql, params)
           ~~~~~~~~~~~~~~~^^^^^^^^^^^^^
  File "C:\Users\User\Downloads\Kimi_Agent_CombatTournamentPlatform_ исправления\combat_platform\venv\Lib\site-packages\django\db\backends\utils.py", line 79, in execute
    return self._execute_with_wrappers(
           ~~~~~~~~~~~~~~~~~~~~~~~~~~~^
        sql, params, many=False, executor=self._execute
        ^^^^^^^^^^^^^^^^^^^^^^^^^^^^^^^^^^^^^^^^^^^^^^^
    )
    ^
  File "C:\Users\User\Downloads\Kimi_Agent_CombatTournamentPlatform_ исправления\combat_platform\venv\Lib\site-packages\django\db\backends\utils.py", line 92, in _execute_with_wrappers
    return executor(sql, params, many, context)
  File "C:\Users\User\Downloads\Kimi_Agent_CombatTournamentPlatform_ исправления\combat_platform\venv\Lib\site-packages\django\db\backends\utils.py", line 100, in _execute
    with self.db.wrap_database_errors:
         ^^^^^^^^^^^^^^^^^^^^^^^^^^^^
  File "C:\Users\User\Downloads\Kimi_Agent_CombatTournamentPlatform_ исправления\combat_platform\venv\Lib\site-packages\django\db\utils.py", line 91, in __exit__
    raise dj_exc_value.with_traceback(traceback) from exc_value
  File "C:\Users\User\Downloads\Kimi_Agent_CombatTournamentPlatform_ исправления\combat_platform\venv\Lib\site-packages\django\db\backends\utils.py", line 105, in _execute
    return self.cursor.execute(sql, params)
           ~~~~~~~~~~~~~~~~~~~^^^^^^^^^^^^^
  File "C:\Users\User\Downloads\Kimi_Agent_CombatTournamentPlatform_ исправления\combat_platform\venv\Lib\site-packages\django\db\backends\sqlite3\base.py", line 329, in execute
    return super().execute(query, params)
           ~~~~~~~~~~~~~~~^^^^^^^^^^^^^^^
django.db.utils.OperationalError: no such column: tournaments_fight.head_judge_id
[2026-08-30 19:15:09,080] INFO django.server "GET /tournaments/5/brackets/generate/ HTTP/1.1" 302 0
[2026-08-30 19:15:09,094] INFO django.server "GET /tournaments/5/ HTTP/1.1" 200 12245
[2026-08-30 19:15:10,354] ERROR django.request Internal Server Error: /tournaments/5/bracket/31/
Traceback (most recent call last):
  File "C:\Users\User\Downloads\Kimi_Agent_CombatTournamentPlatform_ исправления\combat_platform\venv\Lib\site-packages\django\db\backends\utils.py", line 105, in _execute
    return self.cursor.execute(sql, params)
           ~~~~~~~~~~~~~~~~~~~^^^^^^^^^^^^^
  File "C:\Users\User\Downloads\Kimi_Agent_CombatTournamentPlatform_ исправления\combat_platform\venv\Lib\site-packages\django\db\backends\sqlite3\base.py", line 329, in execute
    return super().execute(query, params)
           ~~~~~~~~~~~~~~~^^^^^^^^^^^^^^^
sqlite3.OperationalError: no such column: tournaments_fight.head_judge_id

The above exception was the direct cause of the following exception:

Traceback (most recent call last):
  File "C:\Users\User\Downloads\Kimi_Agent_CombatTournamentPlatform_ исправления\combat_platform\venv\Lib\site-packages\django\core\handlers\exception.py", line 55, in inner
    response = get_response(request)
  File "C:\Users\User\Downloads\Kimi_Agent_CombatTournamentPlatform_ исправления\combat_platform\venv\Lib\site-packages\django\core\handlers\base.py", line 197, in _get_response
    response = wrapped_callback(request, *callback_args, **callback_kwargs)
  File "C:\Users\User\Downloads\Kimi_Agent_CombatTournamentPlatform_ исправления\combat_platform\venv\Lib\site-packages\django\contrib\auth\decorators.py", line 23, in _wrapper_view
    return view_func(request, *args, **kwargs)
  File "C:\Users\User\Downloads\Kimi_Agent_CombatTournamentPlatform_ исправления\combat_platform\tournaments\views\brackets.py", line 21, in bracket_view
    fights_by_round = FightService.get_fights_by_round(bracket)
  File "C:\Users\User\Downloads\Kimi_Agent_CombatTournamentPlatform_ исправления\combat_platform\tournaments\services\fight_service.py", line 16, in get_fights_by_round
    for f in fights:
             ^^^^^^
  File "C:\Users\User\Downloads\Kimi_Agent_CombatTournamentPlatform_ исправления\combat_platform\venv\Lib\site-packages\django\db\models\query.py", line 400, in __iter__
    self._fetch_all()
    ~~~~~~~~~~~~~~~^^
  File "C:\Users\User\Downloads\Kimi_Agent_CombatTournamentPlatform_ исправления\combat_platform\venv\Lib\site-packages\django\db\models\query.py", line 1928, in _fetch_all
    self._result_cache = list(self._iterable_class(self))
                         ~~~~^^^^^^^^^^^^^^^^^^^^^^^^^^^^
  File "C:\Users\User\Downloads\Kimi_Agent_CombatTournamentPlatform_ исправления\combat_platform\venv\Lib\site-packages\django\db\models\query.py", line 91, in __iter__
    results = compiler.execute_sql(
        chunked_fetch=self.chunked_fetch, chunk_size=self.chunk_size
    )
  File "C:\Users\User\Downloads\Kimi_Agent_CombatTournamentPlatform_ исправления\combat_platform\venv\Lib\site-packages\django\db\models\sql\compiler.py", line 1562, in execute_sql
    cursor.execute(sql, params)
    ~~~~~~~~~~~~~~^^^^^^^^^^^^^
  File "C:\Users\User\Downloads\Kimi_Agent_CombatTournamentPlatform_ исправления\combat_platform\venv\Lib\site-packages\django\db\backends\utils.py", line 122, in execute
    return super().execute(sql, params)
           ~~~~~~~~~~~~~~~^^^^^^^^^^^^^
  File "C:\Users\User\Downloads\Kimi_Agent_CombatTournamentPlatform_ исправления\combat_platform\venv\Lib\site-packages\django\db\backends\utils.py", line 79, in execute
    return self._execute_with_wrappers(
           ~~~~~~~~~~~~~~~~~~~~~~~~~~~^
        sql, params, many=False, executor=self._execute
        ^^^^^^^^^^^^^^^^^^^^^^^^^^^^^^^^^^^^^^^^^^^^^^^
    )
    ^
  File "C:\Users\User\Downloads\Kimi_Agent_CombatTournamentPlatform_ исправления\combat_platform\venv\Lib\site-packages\django\db\backends\utils.py", line 92, in _execute_with_wrappers
    return executor(sql, params, many, context)
  File "C:\Users\User\Downloads\Kimi_Agent_CombatTournamentPlatform_ исправления\combat_platform\venv\Lib\site-packages\django\db\backends\utils.py", line 100, in _execute
    with self.db.wrap_database_errors:
         ^^^^^^^^^^^^^^^^^^^^^^^^^^^^
  File "C:\Users\User\Downloads\Kimi_Agent_CombatTournamentPlatform_ исправления\combat_platform\venv\Lib\site-packages\django\db\utils.py", line 91, in __exit__
    raise dj_exc_value.with_traceback(traceback) from exc_value
  File "C:\Users\User\Downloads\Kimi_Agent_CombatTournamentPlatform_ исправления\combat_platform\venv\Lib\site-packages\django\db\backends\utils.py", line 105, in _execute
    return self.cursor.execute(sql, params)
           ~~~~~~~~~~~~~~~~~~~^^^^^^^^^^^^^
  File "C:\Users\User\Downloads\Kimi_Agent_CombatTournamentPlatform_ исправления\combat_platform\venv\Lib\site-packages\django\db\backends\sqlite3\base.py", line 329, in execute
    return super().execute(query, params)
           ~~~~~~~~~~~~~~~^^^^^^^^^^^^^^^
django.db.utils.OperationalError: no such column: tournaments_fight.head_judge_id
[2026-08-30 19:15:10,357] ERROR django.server "GET /tournaments/5/bracket/31/ HTTP/1.1" 500 163667
[2026-08-30 19:17:14,113] INFO django.utils.autoreload Watching for file changes with StatReloader
[2026-08-30 19:17:15,333] INFO django.server "GET / HTTP/1.1" 200 8457
[2026-08-30 19:17:17,126] INFO django.server "GET /users/login/ HTTP/1.1" 200 5432
[2026-08-30 19:17:18,703] INFO django.server "POST /users/login/ HTTP/1.1" 200 6115
[2026-08-30 19:17:25,421] INFO django.server "POST /users/login/ HTTP/1.1" 302 0
[2026-08-30 19:17:25,431] INFO django.server "GET /dashboard/ HTTP/1.1" 200 10018
[2026-08-30 19:17:26,368] INFO django.server "GET /tournaments/ HTTP/1.1" 200 7453
[2026-08-30 19:17:28,006] INFO django.server "GET /tournaments/create/ HTTP/1.1" 200 9442
[2026-08-30 19:17:29,328] INFO django.server "GET /tournaments/fighters/ HTTP/1.1" 200 7413
[2026-08-30 19:17:30,865] INFO django.server "GET /tournaments/create/ HTTP/1.1" 200 9442
[2026-08-30 19:21:12,946] INFO django.utils.autoreload Watching for file changes with StatReloader
[2026-08-30 19:21:14,122] INFO django.server "GET / HTTP/1.1" 200 13619
[2026-08-30 19:21:15,887] INFO django.server "GET /tournaments/ HTTP/1.1" 200 7453
[2026-08-30 19:21:19,444] INFO django.server "GET /tournaments/ HTTP/1.1" 200 7453
[2026-08-30 19:21:20,389] INFO django.server "GET /tournaments/fighters/ HTTP/1.1" 200 7413
[2026-08-30 19:21:21,069] INFO django.server "GET /tournaments/ HTTP/1.1" 200 7453
[2026-08-30 19:21:25,952] INFO django.server "GET /tournaments/create/ HTTP/1.1" 200 9442
[2026-08-30 19:21:35,505] INFO tournaments Турнир #1 создан пользователем bars
[2026-08-30 19:21:35,506] INFO django.server "POST /tournaments/create/ HTTP/1.1" 302 0
[2026-08-30 19:21:35,521] INFO django.server "GET /tournaments/1/ HTTP/1.1" 200 11368
[2026-08-30 19:21:37,795] INFO django.server "GET /tournaments/1/fights/ HTTP/1.1" 200 9473
[2026-08-30 19:21:41,679] INFO django.server "GET /tournaments/1/categories/ HTTP/1.1" 200 10730
[2026-08-30 19:21:51,644] INFO django.server "POST /tournaments/1/categories/ HTTP/1.1" 302 0
[2026-08-30 19:21:51,659] INFO django.server "GET /tournaments/1/categories/ HTTP/1.1" 200 16784
[2026-08-30 19:21:53,864] INFO django.server "GET /tournaments/fighters/ HTTP/1.1" 200 7413
[2026-08-30 19:21:56,402] INFO django.server "GET /tournaments/participants/ HTTP/1.1" 200 7001
[2026-08-30 19:21:57,652] INFO django.server "GET /tournaments/participants/?tournament=1 HTTP/1.1" 200 10500
[2026-08-30 19:21:58,348] INFO django.server "GET /tournaments/1/participants/add/ HTTP/1.1" 200 9774
[2026-08-30 19:22:13,924] INFO django.server "POST /tournaments/1/participants/add/ HTTP/1.1" 302 0
[2026-08-30 19:22:13,941] INFO django.server "GET /tournaments/participants/?tournament=1 HTTP/1.1" 200 23977
[2026-08-30 19:22:15,002] INFO django.server "GET /tournaments/1/participants/add/ HTTP/1.1" 200 9774
[2026-08-30 19:22:27,159] INFO django.server "POST /tournaments/1/participants/add/ HTTP/1.1" 302 0
[2026-08-30 19:22:27,178] INFO django.server "GET /tournaments/participants/?tournament=1 HTTP/1.1" 200 37195
[2026-08-30 19:22:31,427] INFO django.server "POST /tournaments/registration/1/update/ HTTP/1.1" 302 0
[2026-08-30 19:22:31,446] INFO django.server "GET /tournaments/participants/?tournament=1 HTTP/1.1" 200 37582
[2026-08-30 19:22:34,925] INFO django.server "POST /tournaments/registration/2/update/ HTTP/1.1" 302 0
[2026-08-30 19:22:34,944] INFO django.server "GET /tournaments/participants/?tournament=1 HTTP/1.1" 200 37571
[2026-08-30 19:22:35,835] INFO django.server "GET /tournaments/ HTTP/1.1" 200 9262
[2026-08-30 19:22:36,956] INFO django.server "GET /tournaments/1/ HTTP/1.1" 200 11371
[2026-08-30 19:22:38,346] INFO tournaments Сетка #1: 2 участников, 1 раундов, BYE: False
[2026-08-30 19:22:38,351] INFO django.server "GET /tournaments/1/brackets/generate/ HTTP/1.1" 302 0
[2026-08-30 19:22:38,365] INFO django.server "GET /tournaments/1/ HTTP/1.1" 200 12581
[2026-08-30 19:22:39,589] INFO django.server "GET /tournaments/1/bracket/1/ HTTP/1.1" 200 22930
[2026-08-30 19:22:42,469] WARNING django.request Not Found: /favicon.ico
[2026-08-30 19:22:42,470] WARNING django.server "GET /favicon.ico HTTP/1.1" 404 3038
[2026-08-30 19:22:44,182] INFO django.server "GET /tournaments/1/fights/ HTTP/1.1" 200 12569
[2026-08-30 19:22:45,461] INFO django.server "GET /tournaments/1/fight/1/assign-judge/ HTTP/1.1" 200 7830
[2026-08-30 19:22:52,496] INFO django.server "GET /tournaments/fighters/ HTTP/1.1" 200 9284
[2026-08-30 19:22:53,632] INFO django.server "GET /tournaments/judges/ HTTP/1.1" 200 7054
[2026-08-30 19:22:54,876] INFO django.server "GET /tournaments/judges/add/ HTTP/1.1" 200 9938
[2026-08-30 19:23:05,033] INFO django.server "POST /tournaments/judges/add/ HTTP/1.1" 302 0
[2026-08-30 19:23:05,045] INFO django.server "GET /tournaments/judges/ HTTP/1.1" 200 8313
[2026-08-30 19:23:06,233] INFO django.server "GET /tournaments/judges/add/ HTTP/1.1" 200 9938
[2026-08-30 19:23:15,015] INFO django.server "POST /tournaments/judges/add/ HTTP/1.1" 302 0
[2026-08-30 19:23:15,024] INFO django.server "GET /tournaments/judges/ HTTP/1.1" 200 9358
[2026-08-30 19:23:16,312] INFO django.server "GET /tournaments/judges/add/ HTTP/1.1" 200 9938
[2026-08-30 19:23:25,101] INFO django.server "POST /tournaments/judges/add/ HTTP/1.1" 302 0
[2026-08-30 19:23:25,110] INFO django.server "GET /tournaments/judges/ HTTP/1.1" 200 10415
[2026-08-30 19:23:27,715] INFO django.server "GET /tournaments/fighters/ HTTP/1.1" 200 9284
[2026-08-30 19:23:28,611] INFO django.server "GET /tournaments/ HTTP/1.1" 200 9262
[2026-08-30 19:23:29,214] INFO django.server "GET /tournaments/1/ HTTP/1.1" 200 11837
[2026-08-30 19:23:29,992] INFO django.server "GET /tournaments/1/fights/ HTTP/1.1" 200 12569
[2026-08-30 19:23:31,237] INFO django.server "GET /tournaments/1/fight/1/assign-judge/ HTTP/1.1" 200 8049
[2026-08-30 19:23:34,340] INFO django.server "POST /tournaments/1/fight/1/assign-judge/ HTTP/1.1" 302 0
[2026-08-30 19:23:34,355] INFO django.server "GET /tournaments/1/fights/ HTTP/1.1" 200 12647
[2026-08-30 19:23:38,058] INFO django.server "GET /users/logout/ HTTP/1.1" 302 0
[2026-08-30 19:23:38,069] INFO django.server "GET / HTTP/1.1" 200 10877
[2026-08-30 19:23:38,726] INFO django.server "GET /users/login/ HTTP/1.1" 200 5432
[2026-08-30 19:23:41,847] INFO django.server "POST /users/login/ HTTP/1.1" 302 0
[2026-08-30 19:23:41,858] INFO django.server "GET /dashboard/ HTTP/1.1" 200 7353
[2026-08-30 19:23:42,991] INFO django.server "GET /tournaments/judge/dashboard/ HTTP/1.1" 200 6653
[2026-08-30 19:23:45,321] INFO django.server "GET /dashboard/ HTTP/1.1" 200 7353
[2026-08-30 19:23:47,049] INFO django.server "GET /users/logout/ HTTP/1.1" 302 0
[2026-08-30 19:23:47,058] INFO django.server "GET / HTTP/1.1" 200 10877
[2026-08-30 19:23:47,805] INFO django.server "GET /users/login/ HTTP/1.1" 200 5432
[2026-08-30 19:23:51,149] INFO django.server "POST /users/login/ HTTP/1.1" 302 0
[2026-08-30 19:23:51,158] INFO django.server "GET /dashboard/ HTTP/1.1" 200 7351
[2026-08-30 19:23:52,100] INFO django.server "GET /tournaments/judge/dashboard/ HTTP/1.1" 200 8144
[2026-08-30 19:23:53,281] ERROR django.request Internal Server Error: /tournaments/judge/fight/1/panel/
Traceback (most recent call last):
  File "C:\Users\User\Downloads\Kimi_Agent_CombatTournamentPlatform_ исправления\combat_platform\venv\Lib\site-packages\django\core\handlers\exception.py", line 55, in inner
    response = get_response(request)
  File "C:\Users\User\Downloads\Kimi_Agent_CombatTournamentPlatform_ исправления\combat_platform\venv\Lib\site-packages\django\core\handlers\base.py", line 197, in _get_response
    response = wrapped_callback(request, *callback_args, **callback_kwargs)
  File "C:\Users\User\Downloads\Kimi_Agent_CombatTournamentPlatform_ исправления\combat_platform\venv\Lib\site-packages\django\contrib\auth\decorators.py", line 23, in _wrapper_view
    return view_func(request, *args, **kwargs)
  File "C:\Users\User\Downloads\Kimi_Agent_CombatTournamentPlatform_ исправления\combat_platform\users\decorators.py", line 71, in _wrapped
    return view_func(request, *args, **kwargs)
  File "C:\Users\User\Downloads\Kimi_Agent_CombatTournamentPlatform_ исправления\combat_platform\tournaments\views\judges.py", line 82, in judge_fight_panel
    if fight.tournament.is_boxing and is_side:
       ^^^^^^^^^^^^^^^^^^^^^^^^^^
AttributeError: 'Tournament' object has no attribute 'is_boxing'
[2026-08-30 19:23:53,283] ERROR django.server "GET /tournaments/judge/fight/1/panel/ HTTP/1.1" 500 81775
[2026-08-30 19:36:21,275] INFO django.server "GET /tournaments/ HTTP/1.1" 200 8408
[2026-08-30 19:36:23,293] INFO django.server "GET /tournaments/judge/dashboard/ HTTP/1.1" 200 8144
[2026-08-30 19:36:24,717] INFO django.server "GET /tournaments/judge/dashboard/ HTTP/1.1" 200 8144
[2026-08-30 19:36:25,547] INFO django.server "GET / HTTP/1.1" 200 13049
[2026-08-30 19:36:29,742] INFO django.server "GET /users/logout/ HTTP/1.1" 302 0
[2026-08-30 19:36:29,751] INFO django.server "GET / HTTP/1.1" 200 10877
[2026-08-30 19:36:30,349] INFO django.server "GET /users/login/ HTTP/1.1" 200 5432
[2026-08-30 19:36:38,683] INFO django.server "POST /users/login/ HTTP/1.1" 302 0
[2026-08-30 19:36:38,693] INFO django.server "GET /dashboard/ HTTP/1.1" 200 10018
[2026-08-30 19:36:40,333] INFO django.server "GET /tournaments/create/ HTTP/1.1" 200 9442
[2026-08-30 20:01:58,789] INFO django.utils.autoreload Watching for file changes with StatReloader
[2026-08-30 20:02:12,362] INFO django.server "GET / HTTP/1.1" 200 15682
[2026-08-30 20:02:14,064] INFO django.server "GET /tournaments/ HTTP/1.1" 200 9262
[2026-08-30 20:02:15,398] INFO django.server "GET /tournaments/1/ HTTP/1.1" 200 11837
[2026-08-30 20:02:17,386] INFO django.server "GET /tournaments/1/fights/ HTTP/1.1" 200 12218
[2026-08-30 20:02:18,649] INFO django.server "GET /tournaments/judge/fight/1/panel/ HTTP/1.1" 302 0
[2026-08-30 20:02:18,661] INFO django.server "GET / HTTP/1.1" 200 16044
[2026-08-30 20:02:20,525] INFO django.server "GET /tournaments/ HTTP/1.1" 200 9262
[2026-08-30 20:02:21,502] INFO django.server "GET /tournaments/1/ HTTP/1.1" 200 11837
[2026-08-30 20:02:24,877] INFO django.server "GET /tournaments/1/bracket/1/ HTTP/1.1" 200 22976
[2026-08-30 20:02:26,079] INFO django.server "GET /tournaments/1/bracket/1/delete/ HTTP/1.1" 302 0
[2026-08-30 20:02:26,091] INFO django.server "GET /tournaments/1/ HTTP/1.1" 200 11718
[2026-08-30 20:02:27,550] INFO tournaments Сетка #2: 2 участников, 1 раундов, BYE: False
[2026-08-30 20:02:27,554] INFO django.server "GET /tournaments/1/brackets/generate/ HTTP/1.1" 302 0
[2026-08-30 20:02:27,571] INFO django.server "GET /tournaments/1/ HTTP/1.1" 200 12581
[2026-08-30 20:02:28,736] INFO django.server "GET /tournaments/1/fights/ HTTP/1.1" 200 14748
[2026-08-30 20:02:30,910] INFO django.server "GET /tournaments/1/fight/2/assign-judge/ HTTP/1.1" 200 8042
[2026-08-30 20:02:34,769] INFO django.server "POST /tournaments/1/fight/2/assign-judge/ HTTP/1.1" 302 0
[2026-08-30 20:02:34,784] INFO django.server "GET /tournaments/1/fights/ HTTP/1.1" 200 14856
[2026-08-30 20:02:36,899] INFO django.server "GET /users/logout/ HTTP/1.1" 302 0
[2026-08-30 20:02:36,908] INFO django.server "GET / HTTP/1.1" 200 10877
[2026-08-30 20:02:37,545] INFO django.server "GET /users/login/ HTTP/1.1" 200 5432
[2026-08-30 20:02:39,260] INFO django.server "POST /users/login/ HTTP/1.1" 302 0
[2026-08-30 20:02:39,272] INFO django.server "GET /dashboard/ HTTP/1.1" 200 7351
[2026-08-30 20:02:40,593] INFO django.server "GET /tournaments/judge/dashboard/ HTTP/1.1" 200 8938
[2026-08-30 20:02:42,646] INFO django.server "GET /tournaments/judge/fight/2/panel/ HTTP/1.1" 200 16880
[2026-08-30 20:02:44,848] INFO django.server "POST /tournaments/judge/fight/2/panel/ HTTP/1.1" 302 0
[2026-08-30 20:02:44,864] INFO django.server "GET /tournaments/judge/dashboard/ HTTP/1.1" 200 10037
[2026-08-30 20:02:46,639] INFO django.server "GET /tournaments/judge/fight/1/panel/ HTTP/1.1" 200 16880
[2026-08-30 20:02:49,188] INFO django.server "POST /tournaments/judge/fight/1/panel/ HTTP/1.1" 302 0
[2026-08-30 20:02:49,201] INFO django.server "GET /tournaments/judge/dashboard/ HTTP/1.1" 200 9387
[2026-08-30 20:02:57,929] WARNING django.request Forbidden: /tournaments/create/
[2026-08-30 20:02:57,929] WARNING django.server "GET /tournaments/create/ HTTP/1.1" 403 90
[2026-08-30 20:03:01,483] INFO django.server "GET /users/logout/ HTTP/1.1" 302 0
[2026-08-30 20:03:01,494] INFO django.server "GET / HTTP/1.1" 200 10877
[2026-08-30 20:03:02,067] INFO django.server "GET /users/login/ HTTP/1.1" 200 5432
[2026-08-30 20:03:12,486] INFO django.server "POST /users/login/ HTTP/1.1" 302 0
[2026-08-30 20:03:12,497] INFO django.server "GET /dashboard/ HTTP/1.1" 200 10018
[2026-08-30 20:03:14,246] INFO django.server "GET /tournaments/ HTTP/1.1" 200 9262
[2026-08-30 20:03:15,872] INFO django.server "GET /tournaments/create/ HTTP/1.1" 200 12390
[2026-08-30 20:03:31,522] INFO tournaments Турнир #2 создан пользователем bars
[2026-08-30 20:03:31,523] INFO django.server "POST /tournaments/create/ HTTP/1.1" 302 0
[2026-08-30 20:03:31,534] INFO django.server "GET /tournaments/2/ HTTP/1.1" 200 11311
[2026-08-30 20:03:35,932] INFO django.server "GET /tournaments/participants/ HTTP/1.1" 200 7079
[2026-08-30 20:03:37,326] INFO django.server "GET /tournaments/participants/?tournament=2 HTTP/1.1" 200 10578
[2026-08-30 20:03:39,404] INFO django.server "GET /tournaments/2/participants/excel/ HTTP/1.1" 200 9565
[2026-08-30 20:03:47,500] INFO django.server "POST /tournaments/2/participants/excel/ HTTP/1.1" 302 0
[2026-08-30 20:03:47,518] INFO django.server "GET /tournaments/participants/?tournament=2 HTTP/1.1" 200 25998
[2026-08-30 20:03:53,322] INFO django.server "GET /tournaments/2/participants/add/ HTTP/1.1" 200 9760
[2026-08-30 20:04:03,605] ERROR django.request Internal Server Error: /tournaments/2/participants/add/
Traceback (most recent call last):
  File "C:\Users\User\Downloads\Kimi_Agent_CombatTournamentPlatform_ исправления\combat_platform\venv\Lib\site-packages\django\db\backends\utils.py", line 105, in _execute
    return self.cursor.execute(sql, params)
           ~~~~~~~~~~~~~~~~~~~^^^^^^^^^^^^^
  File "C:\Users\User\Downloads\Kimi_Agent_CombatTournamentPlatform_ исправления\combat_platform\venv\Lib\site-packages\django\db\backends\sqlite3\base.py", line 329, in execute
    return super().execute(query, params)
           ~~~~~~~~~~~~~~~^^^^^^^^^^^^^^^
sqlite3.IntegrityError: NOT NULL constraint failed: tournaments_fighter.user_id

The above exception was the direct cause of the following exception:

Traceback (most recent call last):
  File "C:\Users\User\Downloads\Kimi_Agent_CombatTournamentPlatform_ исправления\combat_platform\venv\Lib\site-packages\django\core\handlers\exception.py", line 55, in inner
    response = get_response(request)
  File "C:\Users\User\Downloads\Kimi_Agent_CombatTournamentPlatform_ исправления\combat_platform\venv\Lib\site-packages\django\core\handlers\base.py", line 197, in _get_response
    response = wrapped_callback(request, *callback_args, **callback_kwargs)
  File "C:\Users\User\Downloads\Kimi_Agent_CombatTournamentPlatform_ исправления\combat_platform\venv\Lib\site-packages\django\contrib\auth\decorators.py", line 23, in _wrapper_view
    return view_func(request, *args, **kwargs)
  File "C:\Users\User\Downloads\Kimi_Agent_CombatTournamentPlatform_ исправления\combat_platform\users\decorators.py", line 47, in _wrapped
    return view_func(request, *args, **kwargs)
  File "C:\Users\User\Downloads\Kimi_Agent_CombatTournamentPlatform_ исправления\combat_platform\tournaments\views\participants.py", line 108, in add_participant
    fighter = form.save()
  File "C:\Users\User\Downloads\Kimi_Agent_CombatTournamentPlatform_ исправления\combat_platform\venv\Lib\site-packages\django\forms\models.py", line 552, in save
    self.instance.save()
    ~~~~~~~~~~~~~~~~~~^^
  File "C:\Users\User\Downloads\Kimi_Agent_CombatTournamentPlatform_ исправления\combat_platform\venv\Lib\site-packages\django\db\models\base.py", line 822, in save
    self.save_base(
    ~~~~~~~~~~~~~~^
        using=using,
        ^^^^^^^^^^^^
    ...<2 lines>...
        update_fields=update_fields,
        ^^^^^^^^^^^^^^^^^^^^^^^^^^^^
    )
    ^
  File "C:\Users\User\Downloads\Kimi_Agent_CombatTournamentPlatform_ исправления\combat_platform\venv\Lib\site-packages\django\db\models\base.py", line 909, in save_base
    updated = self._save_table(
        raw,
    ...<4 lines>...
        update_fields,
    )
  File "C:\Users\User\Downloads\Kimi_Agent_CombatTournamentPlatform_ исправления\combat_platform\venv\Lib\site-packages\django\db\models\base.py", line 1071, in _save_table
    results = self._do_insert(
        cls._base_manager, using, fields, returning_fields, raw
    )
  File "C:\Users\User\Downloads\Kimi_Agent_CombatTournamentPlatform_ исправления\combat_platform\venv\Lib\site-packages\django\db\models\base.py", line 1112, in _do_insert
    return manager._insert(
           ~~~~~~~~~~~~~~~^
        [self],
        ^^^^^^^
    ...<3 lines>...
        raw=raw,
        ^^^^^^^^
    )
    ^
  File "C:\Users\User\Downloads\Kimi_Agent_CombatTournamentPlatform_ исправления\combat_platform\venv\Lib\site-packages\django\db\models\manager.py", line 87, in manager_method
    return getattr(self.get_queryset(), name)(*args, **kwargs)
           ~~~~~~~~~~~~~~~~~~~~~~~~~~~~~~~~~~^^^^^^^^^^^^^^^^^
  File "C:\Users\User\Downloads\Kimi_Agent_CombatTournamentPlatform_ исправления\combat_platform\venv\Lib\site-packages\django\db\models\query.py", line 1847, in _insert
    return query.get_compiler(using=using).execute_sql(returning_fields)
           ~~~~~~~~~~~~~~~~~~~~~~~~~~~~~~~~~~~~~~~~~~~^^^^^^^^^^^^^^^^^^
  File "C:\Users\User\Downloads\Kimi_Agent_CombatTournamentPlatform_ исправления\combat_platform\venv\Lib\site-packages\django\db\models\sql\compiler.py", line 1823, in execute_sql
    cursor.execute(sql, params)
    ~~~~~~~~~~~~~~^^^^^^^^^^^^^
  File "C:\Users\User\Downloads\Kimi_Agent_CombatTournamentPlatform_ исправления\combat_platform\venv\Lib\site-packages\django\db\backends\utils.py", line 122, in execute
    return super().execute(sql, params)
           ~~~~~~~~~~~~~~~^^^^^^^^^^^^^
  File "C:\Users\User\Downloads\Kimi_Agent_CombatTournamentPlatform_ исправления\combat_platform\venv\Lib\site-packages\django\db\backends\utils.py", line 79, in execute
    return self._execute_with_wrappers(
           ~~~~~~~~~~~~~~~~~~~~~~~~~~~^
        sql, params, many=False, executor=self._execute
        ^^^^^^^^^^^^^^^^^^^^^^^^^^^^^^^^^^^^^^^^^^^^^^^
    )
    ^
  File "C:\Users\User\Downloads\Kimi_Agent_CombatTournamentPlatform_ исправления\combat_platform\venv\Lib\site-packages\django\db\backends\utils.py", line 92, in _execute_with_wrappers
    return executor(sql, params, many, context)
  File "C:\Users\User\Downloads\Kimi_Agent_CombatTournamentPlatform_ исправления\combat_platform\venv\Lib\site-packages\django\db\backends\utils.py", line 100, in _execute
    with self.db.wrap_database_errors:
         ^^^^^^^^^^^^^^^^^^^^^^^^^^^^
  File "C:\Users\User\Downloads\Kimi_Agent_CombatTournamentPlatform_ исправления\combat_platform\venv\Lib\site-packages\django\db\utils.py", line 91, in __exit__
    raise dj_exc_value.with_traceback(traceback) from exc_value
  File "C:\Users\User\Downloads\Kimi_Agent_CombatTournamentPlatform_ исправления\combat_platform\venv\Lib\site-packages\django\db\backends\utils.py", line 105, in _execute
    return self.cursor.execute(sql, params)
           ~~~~~~~~~~~~~~~~~~~^^^^^^^^^^^^^
  File "C:\Users\User\Downloads\Kimi_Agent_CombatTournamentPlatform_ исправления\combat_platform\venv\Lib\site-packages\django\db\backends\sqlite3\base.py", line 329, in execute
    return super().execute(query, params)
           ~~~~~~~~~~~~~~~^^^^^^^^^^^^^^^
django.db.utils.IntegrityError: NOT NULL constraint failed: tournaments_fighter.user_id
[2026-08-30 20:04:03,612] ERROR django.server "POST /tournaments/2/participants/add/ HTTP/1.1" 500 174596
[2026-08-30 20:05:56,370] INFO django.utils.autoreload C:\Users\User\Downloads\Kimi_Agent_CombatTournamentPlatform_ исправления\combat_platform\tournaments\views\participants.py changed, reloading.
[2026-08-30 20:05:58,692] INFO django.utils.autoreload Watching for file changes with StatReloader
[2026-08-30 20:06:01,380] INFO django.server "GET / HTTP/1.1" 200 16204
[2026-08-30 20:06:04,242] INFO django.server "GET /tournaments/participants/ HTTP/1.1" 200 7079
[2026-08-30 20:06:05,960] INFO django.server "GET /tournaments/participants/?tournament=2 HTTP/1.1" 200 23488
[2026-08-30 20:06:07,280] INFO django.server "GET /tournaments/2/participants/add/ HTTP/1.1" 200 9760
[2026-08-30 20:06:17,973] INFO django.server "POST /tournaments/2/participants/add/ HTTP/1.1" 302 0
[2026-08-30 20:06:17,982] INFO django.server "GET /tournaments/participants/ HTTP/1.1" 200 7490
[2026-08-30 20:06:20,149] INFO django.server "GET /tournaments/participants/?tournament=1 HTTP/1.1" 200 36880
[2026-08-30 20:06:27,125] INFO django.server "GET /tournaments/1/categories/ HTTP/1.1" 200 20306
[2026-08-30 20:06:29,458] INFO django.server "GET /tournaments/fighters/ HTTP/1.1" 200 11353
[2026-08-30 20:06:30,776] INFO django.server "GET /tournaments/participants/ HTTP/1.1" 200 7079
[2026-08-30 20:06:32,620] INFO django.server "GET /tournaments/ HTTP/1.1" 200 11188
[2026-08-30 20:06:34,067] INFO django.server "GET /tournaments/2/ HTTP/1.1" 200 10947
[2026-08-30 20:06:35,390] INFO django.server "GET /tournaments/2/brackets/generate/ HTTP/1.1" 302 0
[2026-08-30 20:06:35,402] INFO django.server "GET /tournaments/2/categories/ HTTP/1.1" 200 14940
[2026-08-30 20:06:53,806] INFO django.server "POST /tournaments/2/categories/ HTTP/1.1" 302 0
[2026-08-30 20:06:53,820] INFO django.server "GET /tournaments/2/categories/ HTTP/1.1" 200 20965
[2026-08-30 20:06:59,350] INFO django.server "GET /tournaments/ HTTP/1.1" 200 11188
[2026-08-30 20:07:01,094] INFO django.server "GET /tournaments/2/ HTTP/1.1" 200 11321
[2026-08-30 20:07:02,599] INFO django.server "GET /tournaments/2/brackets/generate/ HTTP/1.1" 302 0
[2026-08-30 20:07:02,609] INFO django.server "GET /tournaments/participants/ HTTP/1.1" 200 7504
[2026-08-30 20:07:04,319] INFO django.server "GET /tournaments/participants/?tournament=2 HTTP/1.1" 200 36919
[2026-08-30 20:07:09,354] INFO django.server "POST /tournaments/registration/4/update/ HTTP/1.1" 302 0
[2026-08-30 20:07:09,374] INFO django.server "GET /tournaments/participants/?tournament=2 HTTP/1.1" 200 37671
[2026-08-30 20:07:13,662] INFO django.server "POST /tournaments/registration/3/update/ HTTP/1.1" 302 0
[2026-08-30 20:07:13,680] INFO django.server "GET /tournaments/participants/?tournament=2 HTTP/1.1" 200 37671
[2026-08-30 20:07:15,386] INFO django.server "GET /tournaments/fighters/ HTTP/1.1" 200 11353
[2026-08-30 20:07:17,227] INFO django.server "GET /tournaments/participants/ HTTP/1.1" 200 7079
[2026-08-30 20:07:18,218] INFO django.server "GET /tournaments/ HTTP/1.1" 200 11188
[2026-08-30 20:07:19,772] INFO django.server "GET /tournaments/2/ HTTP/1.1" 200 11321
[2026-08-30 20:07:21,032] INFO tournaments Сетка #3: 2 участников, 1 раундов, BYE: False
[2026-08-30 20:07:21,036] INFO django.server "GET /tournaments/2/brackets/generate/ HTTP/1.1" 302 0
[2026-08-30 20:07:21,047] INFO django.server "GET /tournaments/2/ HTTP/1.1" 200 12521
[2026-08-30 20:07:22,643] INFO django.server "GET /tournaments/2/fights/ HTTP/1.1" 200 12483
[2026-08-30 20:07:24,029] ERROR django.request Internal Server Error: /tournaments/2/fight/3/assign-boxing-judges/
Traceback (most recent call last):
  File "C:\Users\User\Downloads\Kimi_Agent_CombatTournamentPlatform_ исправления\combat_platform\venv\Lib\site-packages\django\core\handlers\exception.py", line 55, in inner
    response = get_response(request)
  File "C:\Users\User\Downloads\Kimi_Agent_CombatTournamentPlatform_ исправления\combat_platform\venv\Lib\site-packages\django\core\handlers\base.py", line 197, in _get_response
    response = wrapped_callback(request, *callback_args, **callback_kwargs)
  File "C:\Users\User\Downloads\Kimi_Agent_CombatTournamentPlatform_ исправления\combat_platform\venv\Lib\site-packages\django\contrib\auth\decorators.py", line 23, in _wrapper_view
    return view_func(request, *args, **kwargs)
  File "C:\Users\User\Downloads\Kimi_Agent_CombatTournamentPlatform_ исправления\combat_platform\users\decorators.py", line 47, in _wrapped
    return view_func(request, *args, **kwargs)
  File "C:\Users\User\Downloads\Kimi_Agent_CombatTournamentPlatform_ исправления\combat_platform\tournaments\views\fights.py", line 159, in assign_boxing_judges
    return render(request, 'tournaments/assign_boxing_judges.html', context)
  File "C:\Users\User\Downloads\Kimi_Agent_CombatTournamentPlatform_ исправления\combat_platform\venv\Lib\site-packages\django\shortcuts.py", line 25, in render
    content = loader.render_to_string(template_name, context, request, using=using)
  File "C:\Users\User\Downloads\Kimi_Agent_CombatTournamentPlatform_ исправления\combat_platform\venv\Lib\site-packages\django\template\loader.py", line 61, in render_to_string
    template = get_template(template_name, using=using)
  File "C:\Users\User\Downloads\Kimi_Agent_CombatTournamentPlatform_ исправления\combat_platform\venv\Lib\site-packages\django\template\loader.py", line 19, in get_template
    raise TemplateDoesNotExist(template_name, chain=chain)
django.template.exceptions.TemplateDoesNotExist: tournaments/assign_boxing_judges.html
[2026-08-30 20:07:24,031] ERROR django.server "GET /tournaments/2/fight/3/assign-boxing-judges/ HTTP/1.1" 500 101457
[2026-08-30 20:09:06,540] INFO django.utils.autoreload Watching for file changes with StatReloader
[2026-08-30 20:09:08,084] INFO django.server "GET / HTTP/1.1" 200 16204
[2026-08-30 20:09:09,957] INFO django.server "GET /tournaments/ HTTP/1.1" 200 11188
[2026-08-30 20:09:11,410] INFO django.server "GET /tournaments/2/ HTTP/1.1" 200 11782
[2026-08-30 20:09:12,330] INFO django.server "GET /tournaments/2/fights/ HTTP/1.1" 200 12483
[2026-08-30 20:09:13,148] INFO django.server "GET /tournaments/2/fight/3/assign-boxing-judges/ HTTP/1.1" 200 11957
[2026-08-30 20:09:26,884] INFO django.server "POST /tournaments/2/fight/3/assign-boxing-judges/ HTTP/1.1" 302 0
[2026-08-30 20:09:26,900] INFO django.server "GET /tournaments/2/fights/ HTTP/1.1" 200 13376
[2026-08-30 20:09:30,889] INFO django.server "GET /users/logout/ HTTP/1.1" 302 0
[2026-08-30 20:09:30,899] INFO django.server "GET / HTTP/1.1" 200 11399
[2026-08-30 20:09:31,914] INFO django.server "GET /users/login/ HTTP/1.1" 200 5432
[2026-08-30 20:09:34,107] INFO django.server "POST /users/login/ HTTP/1.1" 302 0
[2026-08-30 20:09:34,118] INFO django.server "GET /dashboard/ HTTP/1.1" 200 7351
[2026-08-30 20:09:35,154] INFO django.server "GET /tournaments/judge/dashboard/ HTTP/1.1" 200 10517
[2026-08-30 20:09:36,440] INFO django.server "GET /tournaments/judge/fight/3/panel/ HTTP/1.1" 200 14969
[2026-08-30 20:09:44,198] INFO django.server "GET /users/logout/ HTTP/1.1" 302 0
[2026-08-30 20:09:44,208] INFO django.server "GET / HTTP/1.1" 200 11399
[2026-08-30 20:09:45,200] INFO django.server "GET /users/login/ HTTP/1.1" 200 5432
[2026-08-30 20:09:48,003] INFO django.server "POST /users/login/ HTTP/1.1" 302 0
[2026-08-30 20:09:48,012] INFO django.server "GET /dashboard/ HTTP/1.1" 200 7353
[2026-08-30 20:09:49,033] INFO django.server "GET /tournaments/judge/dashboard/ HTTP/1.1" 200 8128
[2026-08-30 20:09:49,998] INFO django.server "GET /tournaments/judge/fight/3/panel/ HTTP/1.1" 200 20119
[2026-08-30 20:09:50,033] INFO django.server "GET /tournaments/2/fight/3/round-scores/ HTTP/1.1" 200 64
[2026-08-30 20:09:55,036] INFO django.server "GET /tournaments/2/fight/3/round-scores/ HTTP/1.1" 200 64
[2026-08-30 20:10:00,033] INFO django.server "GET /tournaments/2/fight/3/round-scores/ HTTP/1.1" 200 64
[2026-08-30 20:10:05,039] INFO django.server "GET /tournaments/2/fight/3/round-scores/ HTTP/1.1" 200 64
[2026-08-30 20:10:10,093] INFO django.server "GET /tournaments/2/fight/3/round-scores/ HTTP/1.1" 200 64
[2026-08-30 20:10:15,087] INFO django.server "GET /tournaments/2/fight/3/round-scores/ HTTP/1.1" 200 64
[2026-08-30 20:10:20,098] INFO django.server "GET /tournaments/2/fight/3/round-scores/ HTTP/1.1" 200 64
[2026-08-30 20:10:25,083] INFO django.server "GET /tournaments/2/fight/3/round-scores/ HTTP/1.1" 200 64
[2026-08-30 20:10:30,082] INFO django.server "GET /tournaments/2/fight/3/round-scores/ HTTP/1.1" 200 64
[2026-08-30 20:10:35,095] INFO django.server "GET /tournaments/2/fight/3/round-scores/ HTTP/1.1" 200 64
[2026-08-30 20:10:40,085] INFO django.server "GET /tournaments/2/fight/3/round-scores/ HTTP/1.1" 200 64
[2026-08-30 20:10:45,083] INFO django.server "GET /tournaments/2/fight/3/round-scores/ HTTP/1.1" 200 64
[2026-08-30 20:10:50,092] INFO django.server "GET /tournaments/2/fight/3/round-scores/ HTTP/1.1" 200 64
[2026-08-30 20:10:55,089] INFO django.server "GET /tournaments/2/fight/3/round-scores/ HTTP/1.1" 200 64
[2026-08-30 20:11:00,091] INFO django.server "GET /tournaments/2/fight/3/round-scores/ HTTP/1.1" 200 64
[2026-08-30 20:11:05,086] INFO django.server "GET /tournaments/2/fight/3/round-scores/ HTTP/1.1" 200 64
[2026-08-30 20:11:10,096] INFO django.server "GET /tournaments/2/fight/3/round-scores/ HTTP/1.1" 200 64
[2026-08-30 20:11:15,097] INFO django.server "GET /tournaments/2/fight/3/round-scores/ HTTP/1.1" 200 64
[2026-08-30 20:14:26,692] INFO django.utils.autoreload Watching for file changes with StatReloader
[2026-08-30 20:14:28,016] INFO django.server "GET / HTTP/1.1" 200 13572
[2026-08-30 20:14:29,822] INFO django.server "GET /tournaments/ HTTP/1.1" 200 10335
[2026-08-30 20:14:31,119] INFO django.server "GET /tournaments/1/ HTTP/1.1" 200 9287
[2026-08-30 20:14:33,195] INFO django.server "GET /tournaments/1/fights/ HTTP/1.1" 200 8331
[2026-08-30 20:14:34,938] INFO django.server "GET /tournaments/ HTTP/1.1" 200 10335
[2026-08-30 20:14:35,725] INFO django.server "GET / HTTP/1.1" 200 13572
[2026-08-30 20:14:36,775] INFO django.server "GET /tournaments/judge/dashboard/ HTTP/1.1" 200 8128
[2026-08-30 20:14:38,015] INFO django.server "GET /tournaments/judge/fight/3/panel/ HTTP/1.1" 200 21026
[2026-08-30 20:14:38,059] INFO django.server "GET /tournaments/2/fight/3/round-scores/ HTTP/1.1" 200 64
[2026-08-30 20:14:39,565] INFO django.server "POST /tournaments/2/fight/3/timer/control/ HTTP/1.1" 200 141
[2026-08-30 20:14:41,165] INFO django.server "POST /tournaments/2/fight/3/timer/control/ HTTP/1.1" 200 141
[2026-08-30 20:14:42,180] INFO django.server "POST /tournaments/2/fight/3/timer/control/ HTTP/1.1" 200 141
[2026-08-30 20:14:43,067] INFO django.server "GET /tournaments/2/fight/3/round-scores/ HTTP/1.1" 200 64
[2026-08-30 20:14:43,332] INFO django.server "POST /tournaments/2/fight/3/timer/control/ HTTP/1.1" 200 140
[2026-08-30 20:14:44,036] INFO django.server "POST /tournaments/2/fight/3/timer/control/ HTTP/1.1" 200 140
[2026-08-30 20:14:45,100] INFO django.server "POST /tournaments/2/fight/3/timer/control/ HTTP/1.1" 200 140
[2026-08-30 20:14:45,756] INFO django.server "POST /tournaments/2/fight/3/timer/control/ HTTP/1.1" 200 138
[2026-08-30 20:14:46,644] INFO django.server "POST /tournaments/2/fight/3/timer/control/ HTTP/1.1" 200 138
[2026-08-30 20:14:47,052] INFO django.server "POST /tournaments/2/fight/3/timer/control/ HTTP/1.1" 200 138
[2026-08-30 20:14:47,396] INFO django.server "POST /tournaments/2/fight/3/timer/control/ HTTP/1.1" 200 138
[2026-08-30 20:14:47,732] INFO django.server "POST /tournaments/2/fight/3/timer/control/ HTTP/1.1" 200 138
[2026-08-30 20:14:47,964] INFO django.server "POST /tournaments/2/fight/3/timer/control/ HTTP/1.1" 200 138
[2026-08-30 20:14:48,070] INFO django.server "GET /tournaments/2/fight/3/round-scores/ HTTP/1.1" 200 64
[2026-08-30 20:14:53,067] INFO django.server "GET /tournaments/2/fight/3/round-scores/ HTTP/1.1" 200 64
[2026-08-30 20:14:54,450] INFO django.server "POST /tournaments/2/fight/3/submit-round-score/ HTTP/1.1" 200 169
[2026-08-30 20:14:58,065] INFO django.server "GET /tournaments/2/fight/3/round-scores/ HTTP/1.1" 200 273
[2026-08-30 20:15:03,072] INFO django.server "GET /tournaments/2/fight/3/round-scores/ HTTP/1.1" 200 273
[2026-08-30 20:15:08,062] INFO django.server "GET /tournaments/2/fight/3/round-scores/ HTTP/1.1" 200 273
[2026-08-30 20:15:09,093] INFO django.server "GET /tournaments/2/fight/3/round-scores/ HTTP/1.1" 200 273
[2026-08-30 20:15:13,065] INFO django.server "GET /tournaments/2/fight/3/round-scores/ HTTP/1.1" 200 273
[2026-08-30 20:15:18,065] INFO django.server "GET /tournaments/2/fight/3/round-scores/ HTTP/1.1" 200 273
[2026-08-30 20:15:23,065] INFO django.server "GET /tournaments/2/fight/3/round-scores/ HTTP/1.1" 200 273
[2026-08-30 20:15:28,062] INFO django.server "GET /tournaments/2/fight/3/round-scores/ HTTP/1.1" 200 273
[2026-08-30 20:15:33,071] INFO django.server "GET /tournaments/2/fight/3/round-scores/ HTTP/1.1" 200 273
[2026-08-30 20:15:38,073] INFO django.server "GET /tournaments/2/fight/3/round-scores/ HTTP/1.1" 200 273
[2026-08-30 20:15:43,060] INFO django.server "GET /tournaments/2/fight/3/round-scores/ HTTP/1.1" 200 273
[2026-08-30 20:15:48,069] INFO django.server "GET /tournaments/2/fight/3/round-scores/ HTTP/1.1" 200 273
[2026-08-30 20:15:53,067] INFO django.server "GET /tournaments/2/fight/3/round-scores/ HTTP/1.1" 200 273
[2026-08-30 20:15:58,064] INFO django.server "GET /tournaments/2/fight/3/round-scores/ HTTP/1.1" 200 273
[2026-08-30 20:16:03,069] INFO django.server "GET /tournaments/2/fight/3/round-scores/ HTTP/1.1" 200 273
[2026-08-30 20:16:08,060] INFO django.server "GET /tournaments/2/fight/3/round-scores/ HTTP/1.1" 200 273
[2026-08-30 20:16:09,086] INFO django.server "GET /tournaments/2/fight/3/round-scores/ HTTP/1.1" 200 273
[2026-08-30 20:16:13,064] INFO django.server "GET /tournaments/2/fight/3/round-scores/ HTTP/1.1" 200 273
[2026-08-30 20:16:18,066] INFO django.server "GET /tournaments/2/fight/3/round-scores/ HTTP/1.1" 200 273
[2026-08-30 20:16:23,071] INFO django.server "GET /tournaments/2/fight/3/round-scores/ HTTP/1.1" 200 273
[2026-08-30 20:16:28,075] INFO django.server "GET /tournaments/2/fight/3/round-scores/ HTTP/1.1" 200 273
[2026-08-30 20:16:33,069] INFO django.server "GET /tournaments/2/fight/3/round-scores/ HTTP/1.1" 200 273
[2026-08-30 20:16:38,060] INFO django.server "GET /tournaments/2/fight/3/round-scores/ HTTP/1.1" 200 273
[2026-08-30 20:16:43,063] INFO django.server "GET /tournaments/2/fight/3/round-scores/ HTTP/1.1" 200 273
[2026-08-30 20:16:48,073] INFO django.server "GET /tournaments/2/fight/3/round-scores/ HTTP/1.1" 200 273
[2026-08-30 20:16:53,071] INFO django.server "GET /tournaments/2/fight/3/round-scores/ HTTP/1.1" 200 273
[2026-08-30 20:16:58,064] INFO django.server "GET /tournaments/2/fight/3/round-scores/ HTTP/1.1" 200 273
[2026-08-30 20:17:03,070] INFO django.server "GET /tournaments/2/fight/3/round-scores/ HTTP/1.1" 200 273
[2026-08-30 20:17:08,071] INFO django.server "GET /tournaments/2/fight/3/round-scores/ HTTP/1.1" 200 273
[2026-08-30 20:17:09,094] INFO django.server "GET /tournaments/2/fight/3/round-scores/ HTTP/1.1" 200 273
[2026-08-30 20:17:12,917] INFO django.server "POST /tournaments/2/fight/3/timer/control/ HTTP/1.1" 200 138
[2026-08-30 20:17:13,061] INFO django.server "GET /tournaments/2/fight/3/round-scores/ HTTP/1.1" 200 273
[2026-08-30 20:17:13,742] INFO django.server "POST /tournaments/2/fight/3/timer/control/ HTTP/1.1" 200 138
[2026-08-30 20:17:14,654] INFO django.server "POST /tournaments/2/fight/3/timer/control/ HTTP/1.1" 200 138
[2026-08-30 20:17:15,023] INFO django.server "POST /tournaments/2/fight/3/timer/control/ HTTP/1.1" 200 138
[2026-08-30 20:17:15,231] INFO django.server "POST /tournaments/2/fight/3/timer/control/ HTTP/1.1" 200 138
[2026-08-30 20:17:15,417] INFO django.server "POST /tournaments/2/fight/3/timer/control/ HTTP/1.1" 200 138
[2026-08-30 20:17:15,613] INFO django.server "POST /tournaments/2/fight/3/timer/control/ HTTP/1.1" 200 138
[2026-08-30 20:17:18,095] INFO django.server "GET /tournaments/2/fight/3/round-scores/ HTTP/1.1" 200 273
[2026-08-30 20:17:23,095] INFO django.server "GET /tournaments/2/fight/3/round-scores/ HTTP/1.1" 200 273
[2026-08-30 20:17:27,726] INFO django.server "GET /tournaments/2/fight/3/round-scores/ HTTP/1.1" 200 273
[2026-08-30 20:17:28,090] INFO django.server "GET /tournaments/2/fight/3/round-scores/ HTTP/1.1" 200 273
[2026-08-30 20:17:30,034] INFO django.server "GET /tournaments/2/fight/3/round-scores/ HTTP/1.1" 200 273
[2026-08-30 20:17:30,738] WARNING django.request Not Found: /.well-known/appspecific/com.chrome.devtools.json
[2026-08-30 20:17:30,739] WARNING django.server "GET /.well-known/appspecific/com.chrome.devtools.json HTTP/1.1" 404 3149
[2026-08-30 20:17:33,087] INFO django.server "GET /tournaments/2/fight/3/round-scores/ HTTP/1.1" 200 273
[2026-08-30 20:17:35,037] INFO django.server "GET /tournaments/2/fight/3/round-scores/ HTTP/1.1" 200 273
[2026-08-30 20:17:38,088] INFO django.server "GET /tournaments/2/fight/3/round-scores/ HTTP/1.1" 200 273
[2026-08-30 20:17:40,045] INFO django.server "GET /tournaments/2/fight/3/round-scores/ HTTP/1.1" 200 273
[2026-08-30 20:17:43,095] INFO django.server "GET /tournaments/2/fight/3/round-scores/ HTTP/1.1" 200 273
[2026-08-30 20:17:45,092] INFO django.server "GET /tournaments/2/fight/3/round-scores/ HTTP/1.1" 200 273
[2026-08-30 20:17:48,091] INFO django.server "GET /tournaments/2/fight/3/round-scores/ HTTP/1.1" 200 273
[2026-08-30 20:17:50,086] INFO django.server "GET /tournaments/2/fight/3/round-scores/ HTTP/1.1" 200 273
[2026-08-30 20:17:53,096] INFO django.server "GET /tournaments/2/fight/3/round-scores/ HTTP/1.1" 200 273
[2026-08-30 20:17:55,096] INFO django.server "GET /tournaments/2/fight/3/round-scores/ HTTP/1.1" 200 273
[2026-08-30 20:17:58,093] INFO django.server "GET /tournaments/2/fight/3/round-scores/ HTTP/1.1" 200 273
[2026-08-30 20:18:00,087] INFO django.server "GET /tournaments/2/fight/3/round-scores/ HTTP/1.1" 200 273
[2026-08-30 20:18:03,092] INFO django.server "GET /tournaments/2/fight/3/round-scores/ HTTP/1.1" 200 273
[2026-08-30 20:18:05,097] INFO django.server "GET /tournaments/2/fight/3/round-scores/ HTTP/1.1" 200 273
[2026-08-30 20:18:08,092] INFO django.server "GET /tournaments/2/fight/3/round-scores/ HTTP/1.1" 200 273
[2026-08-30 20:18:10,097] INFO django.server "GET /tournaments/2/fight/3/round-scores/ HTTP/1.1" 200 273
[2026-08-30 20:18:13,094] INFO django.server "GET /tournaments/2/fight/3/round-scores/ HTTP/1.1" 200 273
[2026-08-30 20:18:15,093] INFO django.server "GET /tournaments/2/fight/3/round-scores/ HTTP/1.1" 200 273
[2026-08-30 20:18:20,095] INFO django.server "GET /tournaments/2/fight/3/round-scores/ HTTP/1.1" 200 273
[2026-08-30 20:18:25,092] INFO django.server "GET /tournaments/2/fight/3/round-scores/ HTTP/1.1" 200 273
[2026-08-30 20:18:30,090] INFO django.server "GET /tournaments/2/fight/3/round-scores/ HTTP/1.1" 200 273
[2026-08-30 20:18:35,084] INFO django.server "GET /tournaments/2/fight/3/round-scores/ HTTP/1.1" 200 273
[2026-08-30 20:18:40,085] INFO django.server "GET /tournaments/2/fight/3/round-scores/ HTTP/1.1" 200 273
[2026-08-30 20:19:09,093] INFO django.server "GET /tournaments/2/fight/3/round-scores/ HTTP/1.1" 200 273
[2026-08-30 20:19:09,104] INFO django.server "GET /tournaments/2/fight/3/round-scores/ HTTP/1.1" 200 273
[2026-08-30 20:20:09,086] INFO django.server "GET /tournaments/2/fight/3/round-scores/ HTTP/1.1" 200 273
[2026-08-30 20:20:09,095] INFO django.server "GET /tournaments/2/fight/3/round-scores/ HTTP/1.1" 200 273
[2026-08-30 20:21:09,097] INFO django.server "GET /tournaments/2/fight/3/round-scores/ HTTP/1.1" 200 273
[2026-08-30 20:21:09,106] INFO django.server "GET /tournaments/2/fight/3/round-scores/ HTTP/1.1" 200 273
[2026-08-30 20:21:13,424] INFO django.utils.autoreload Watching for file changes with StatReloader
[2026-08-30 20:21:14,665] INFO django.server "GET / HTTP/1.1" 200 13572
[2026-08-30 20:22:09,090] INFO django.server "GET /tournaments/2/fight/3/round-scores/ HTTP/1.1" 200 273
[2026-08-30 20:22:09,099] INFO django.server "GET /tournaments/2/fight/3/round-scores/ HTTP/1.1" 200 273
[2026-08-30 20:22:25,190] INFO django.server "GET / HTTP/1.1" 200 13572
[2026-08-30 20:22:26,708] INFO django.server "GET /tournaments/fighters/ HTTP/1.1" 200 10500
[2026-08-30 20:22:27,840] INFO django.server "GET /tournaments/ HTTP/1.1" 200 10335
[2026-08-30 20:22:29,122] INFO django.server "GET /tournaments/judge/dashboard/ HTTP/1.1" 200 8128
[2026-08-30 20:22:30,419] INFO django.server "GET /tournaments/judge/fight/3/panel/ HTTP/1.1" 200 21728
[2026-08-30 20:22:31,583] INFO django.server "POST /tournaments/2/fight/3/timer/control/ HTTP/1.1" 200 138
[2026-08-30 20:22:34,799] INFO django.server "POST /tournaments/2/fight/3/timer/control/ HTTP/1.1" 200 138
[2026-08-30 20:22:36,063] INFO django.server "POST /tournaments/2/fight/3/timer/control/ HTTP/1.1" 200 138
[2026-08-30 20:22:36,799] INFO django.server "POST /tournaments/2/fight/3/timer/control/ HTTP/1.1" 200 138
[2026-08-30 20:22:37,855] INFO django.server "POST /tournaments/2/fight/3/timer/control/ HTTP/1.1" 200 138
[2026-08-30 20:22:38,415] INFO django.server "POST /tournaments/2/fight/3/timer/control/ HTTP/1.1" 200 138
[2026-08-30 20:22:39,151] INFO django.server "POST /tournaments/2/fight/3/timer/control/ HTTP/1.1" 200 138
[2026-08-30 20:23:09,085] INFO django.server "GET /tournaments/2/fight/3/round-scores/ HTTP/1.1" 200 273
[2026-08-30 20:23:09,095] INFO django.server "GET /tournaments/2/fight/3/round-scores/ HTTP/1.1" 200 273
[2026-08-30 20:23:19,177] INFO django.server "GET /tournaments/judge/fight/3/panel/ HTTP/1.1" 200 21728
[2026-08-30 20:23:20,347] INFO django.server "POST /tournaments/2/fight/3/timer/control/ HTTP/1.1" 200 138
[2026-08-30 20:23:21,896] INFO django.server "POST /tournaments/2/fight/3/timer/control/ HTTP/1.1" 200 138
[2026-08-30 20:23:27,908] INFO django.utils.autoreload Watching for file changes with StatReloader
[2026-08-30 20:23:29,598] INFO django.server "GET / HTTP/1.1" 200 13572
[2026-08-30 20:23:31,011] INFO django.server "GET /tournaments/fighters/ HTTP/1.1" 200 10500
[2026-08-30 20:23:31,842] INFO django.server "GET /tournaments/fighters/ HTTP/1.1" 200 10500
[2026-08-30 20:23:32,156] INFO django.server "GET /tournaments/judge/dashboard/ HTTP/1.1" 200 8128
[2026-08-30 20:23:33,274] INFO django.server "GET /tournaments/judge/fight/3/panel/ HTTP/1.1" 200 21728
[2026-08-30 20:23:34,471] INFO django.server "POST /tournaments/2/fight/3/timer/control/ HTTP/1.1" 200 138
[2026-08-30 20:23:38,760] WARNING django.request Not Found: /.well-known/appspecific/com.chrome.devtools.json
[2026-08-30 20:23:38,760] WARNING django.server "GET /.well-known/appspecific/com.chrome.devtools.json HTTP/1.1" 404 3149
[2026-08-30 20:23:42,078] INFO django.server "POST /tournaments/2/fight/3/timer/control/ HTTP/1.1" 200 138
[2026-08-30 20:23:45,679] INFO django.server "POST /tournaments/2/fight/3/timer/control/ HTTP/1.1" 200 138
[2026-08-30 20:23:48,901] INFO django.server "POST /tournaments/2/fight/3/timer/control/ HTTP/1.1" 200 138
[2026-08-30 20:26:19,501] INFO django.utils.autoreload Watching for file changes with StatReloader
[2026-08-30 20:26:21,720] INFO django.server "GET / HTTP/1.1" 200 13572
[2026-08-30 20:26:22,969] INFO django.server "GET /tournaments/judge/dashboard/ HTTP/1.1" 200 8128
[2026-08-30 20:26:23,879] INFO django.server "GET /tournaments/judge/fight/3/panel/ HTTP/1.1" 200 24292
[2026-08-30 20:26:23,921] INFO django.server "POST /tournaments/2/fight/3/timer/control/ HTTP/1.1" 200 177
[2026-08-30 20:26:24,693] INFO django.server "POST /tournaments/2/fight/3/timer/control/ HTTP/1.1" 200 138
[2026-08-30 20:26:30,317] INFO django.server "POST /tournaments/2/fight/3/timer/control/ HTTP/1.1" 200 138
[2026-08-30 20:27:53,712] INFO django.server "POST /tournaments/2/fight/3/timer/control/ HTTP/1.1" 200 138
[2026-08-30 20:27:56,322] INFO django.server "POST /tournaments/2/fight/3/timer/control/ HTTP/1.1" 200 138
[2026-08-30 20:27:57,065] INFO django.server "POST /tournaments/2/fight/3/timer/control/ HTTP/1.1" 200 138
[2026-08-30 20:27:57,708] INFO django.server "POST /tournaments/2/fight/3/timer/control/ HTTP/1.1" 200 116
[2026-08-30 20:28:12,430] INFO django.server "POST /tournaments/2/fight/3/submit-round-score/ HTTP/1.1" 200 169
[2026-08-30 20:28:15,685] INFO django.server "POST /tournaments/2/fight/3/timer/control/ HTTP/1.1" 200 118
[2026-08-30 22:59:19,170] INFO django.utils.autoreload Watching for file changes with StatReloader
[2026-08-30 22:59:21,358] INFO django.server "GET / HTTP/1.1" 200 13572
[2026-08-30 22:59:21,852] WARNING django.request Not Found: /favicon.ico
[2026-08-30 22:59:21,853] WARNING django.server "GET /favicon.ico HTTP/1.1" 404 3038
[2026-08-30 22:59:24,351] INFO django.server "GET /tournaments/ HTTP/1.1" 200 10335
[2026-08-30 22:59:26,600] INFO django.server "GET /tournaments/fighters/ HTTP/1.1" 200 10500
[2026-08-30 22:59:28,077] INFO django.server "GET /tournaments/judge/dashboard/ HTTP/1.1" 200 8128
[2026-08-30 22:59:30,357] INFO django.server "GET /tournaments/judge/fight/3/panel/ HTTP/1.1" 200 24296
[2026-08-30 22:59:30,397] INFO django.server "POST /tournaments/2/fight/3/timer/control/ HTTP/1.1" 200 178
[2026-08-30 22:59:31,702] INFO django.server "POST /tournaments/2/fight/3/timer/control/ HTTP/1.1" 200 138
[2026-08-30 22:59:33,953] INFO django.server "POST /tournaments/2/fight/3/timer/control/ HTTP/1.1" 200 116
[2026-08-30 22:59:35,997] INFO django.server "POST /tournaments/2/fight/3/timer/control/ HTTP/1.1" 200 138
[2026-08-30 22:59:39,621] INFO django.server "POST /tournaments/2/fight/3/submit-round-score/ HTTP/1.1" 200 169
[2026-08-30 22:59:42,884] INFO django.server "POST /tournaments/2/fight/3/timer/control/ HTTP/1.1" 200 138
[2026-08-30 22:59:43,308] INFO django.server "POST /tournaments/2/fight/3/timer/control/ HTTP/1.1" 200 138
[2026-08-30 22:59:43,496] INFO django.server "POST /tournaments/2/fight/3/timer/control/ HTTP/1.1" 200 116
[2026-08-30 22:59:46,407] INFO django.server "POST /tournaments/2/fight/3/submit-round-score/ HTTP/1.1" 200 169
[2026-08-30 22:59:48,239] INFO django.server "POST /tournaments/2/fight/3/submit-round-score/ HTTP/1.1" 200 169
[2026-08-30 22:59:49,695] INFO django.server "POST /tournaments/2/fight/3/submit-round-score/ HTTP/1.1" 200 169
[2026-08-30 23:05:41,533] INFO django.utils.autoreload Watching for file changes with StatReloader
[2026-08-30 23:05:43,323] INFO django.server "GET / HTTP/1.1" 200 13572
[2026-08-30 23:05:44,388] INFO django.server "GET /tournaments/judge/dashboard/ HTTP/1.1" 200 8128
[2026-08-30 23:05:45,521] INFO django.server "GET /tournaments/judge/fight/3/panel/ HTTP/1.1" 200 27041
[2026-08-30 23:05:45,561] INFO django.server "POST /tournaments/2/fight/3/timer/control/ HTTP/1.1" 200 178
[2026-08-30 23:06:01,812] INFO django.server "POST /tournaments/2/fight/3/submit-round-score/ HTTP/1.1" 200 169
[2026-08-30 23:06:03,436] INFO django.server "POST /tournaments/2/fight/3/submit-round-score/ HTTP/1.1" 200 169
[2026-08-30 23:06:07,507] INFO django.server "POST /tournaments/2/fight/3/submit-round-score/ HTTP/1.1" 200 169
[2026-08-30 23:06:08,939] INFO django.server "POST /tournaments/2/fight/3/timer/control/ HTTP/1.1" 200 138
[2026-08-30 23:06:10,423] INFO django.server "POST /tournaments/2/fight/3/timer/control/ HTTP/1.1" 200 116
[2026-08-30 23:06:11,318] INFO django.server "POST /tournaments/2/fight/3/timer/control/ HTTP/1.1" 200 116
[2026-08-30 23:07:31,388] INFO django.utils.autoreload Watching for file changes with StatReloader
[2026-08-30 23:07:32,476] INFO django.server "GET / HTTP/1.1" 200 13572
[2026-08-30 23:07:33,720] INFO django.server "GET /tournaments/judge/dashboard/ HTTP/1.1" 200 8128
[2026-08-30 23:07:35,402] INFO django.server "GET /tournaments/judge/fight/3/panel/ HTTP/1.1" 200 27041
[2026-08-30 23:07:35,450] INFO django.server "POST /tournaments/2/fight/3/timer/control/ HTTP/1.1" 200 177
[2026-08-30 23:07:36,597] INFO django.server "POST /tournaments/2/fight/3/timer/control/ HTTP/1.1" 200 138
[2026-08-30 23:07:37,289] INFO django.server "POST /tournaments/2/fight/3/timer/control/ HTTP/1.1" 200 138
[2026-08-30 23:07:39,864] INFO django.server "POST /tournaments/2/fight/3/timer/control/ HTTP/1.1" 200 138
[2026-08-30 23:07:40,518] INFO django.server "POST /tournaments/2/fight/3/timer/control/ HTTP/1.1" 200 138
[2026-08-30 23:07:40,743] INFO django.server "POST /tournaments/2/fight/3/timer/control/ HTTP/1.1" 200 138
[2026-08-30 23:07:41,103] INFO django.server "POST /tournaments/2/fight/3/timer/control/ HTTP/1.1" 200 138
[2026-08-30 23:07:41,534] INFO django.server "POST /tournaments/2/fight/3/timer/control/ HTTP/1.1" 200 138
[2026-08-30 23:07:42,980] INFO django.server "GET / HTTP/1.1" 200 13572
